Date,Time,Chamber,runNum,Replicate,SMRstart.sec,SMRend.sec,aveSMR,aveCO2ppm,aveAjdCO2ppm,aveFRC_mlmin,aveWVppt,aveTempC,aveRH_pct,aveLight_Lux,aveActivity,flyID,Genotype,Host,Infected,Sex,Age_days,Weight_mg,Notes
3/5/19,11:14:18,7,9,1,40547,40566,2.260930852,1.82356,1.857729401,29.6125,15.63087,23.36,7.6645,7.953,-8.57E-15,7,R84,DSim,U,F,4,1.012,NA
3/5/19,11:19:20,8,10,1,40825,40844,1.983165906,1.51441,1.633380237,29.5425,15.702925,23.3625,7.78,8.38,3.43E-14,8,R84,DSim,U,F,4,0.804,NA
3/5/19,11:29:23,9,12,1,41368,41387,1.353408215,0.871435,1.057128373,31.1535,15.5696,23.3845,7.56,8.901,-4.28E-15,9,R84,DSim,I,F,4,0.735,NA
3/5/19,11:34:23,10,13,1,41725,41744,1.631826012,1.051115,1.329286863,29.8745,15.74559,23.41,7.56,8.752,6.86E-14,10,R84,DSim,I,F,4,0.88,NA
3/5/19,11:44:26,11,15,1,42266,42285,1.874454926,1.176155,1.499846919,30.418,17.768595,23.45,7.66,8.8175,0,11,R84,DSim,I,F,4,1.061,NA
3/5/19,11:49:28,12,16,1,42679,42698,1.653888576,0.988445,1.366901488,29.45,15.954825,23.46,7.729,9.062,0,12,R84,DSim,I,F,4,0.869,NA
3/5/19,11:59:31,13,18,1,43259,43278,0.825403893,0.239805,0.666429123,30.1465,15.711055,23.47,7.766,8.7215,0,13,R84,DSim,U,M,4,0.327,NA
3/5/19,12:04:32,14,19,1,43511,43530,0.940301622,0.28366,0.756875122,30.2395,15.76495,23.47,7.7055,9.8355,2.14E-15,14,R84,DSim,U,M,4,0.423,NA
3/5/19,12:14:35,15,21,1,44117,44136,0.982173518,0.298345,0.819666734,29.1655,15.656365,23.46,7.48,8.7735,0.042363636,15,R84,DSim,U,M,4,0.352,NA
3/5/19,12:19:37,16,22,1,44412,44431,0.804749717,0.114705,0.676829769,28.9395,15.73744,23.456,7.528,9.616,3.43E-14,16,R84,DSim,U,M,4,0.321,NA
3/5/19,12:29:41,1,24,1,44995,45014,1.173958212,0.37197,0.972579074,29.3765,15.58886,23.43,7.9495,9.525,-1.71E-14,1,R84,DSim,I,M,4,0.589,NA
3/5/19,12:34:41,2,25,1,45430,45449,0.958186662,0.964915,1.625129923,14.349,15.77094,23.42,7.86,8.146,4.28E-15,2,R84,DSim,I,M,4,0.502,bad flow
3/5/19,12:44:44,3,27,1,45989,46008,1.182203029,0.295175,0.977399194,29.433,15.68959,23.39,7.666,8.683,0.9249,3,R84,DSim,I,M,4,0.336,NA
3/5/19,12:49:47,4,28,1,46212,46231,1.229961773,0.31378,1.014115616,29.513,15.71352,23.39,7.7,8.752,1.537481818,4,R84,DSim,I,M,4,0.42,NA
3/5/19,12:59:49,5,30,1,46866,46885,1.595390519,0.5561,1.28047868,30.3095,15.6286,23.3,7.66,7.8955,1.219327273,5,R84,DSim,U,F,4,0.766,NA
3/5/19,13:04:50,6,31,1,47126,47145,1.181032924,1.0491,1.788950833,16.0595,15.691795,23.29,7.747,7.5035,0,6,R84,DSim,U,F,4,0.759,bad flow
3/5/19,13:14:54,7,33,2,47694,47713,1.96407759,0.840715,1.608580431,29.7,15.56819,23.27,7.992,9.1125,-8.57E-15,7,R84,DSim,U,F,4,1.012,NA
3/5/19,13:19:55,8,34,2,48076,48095,1.732130025,0.59697,1.423638798,29.596,15.76052,23.28,8,9.5355,-6.86E-14,8,R84,DSim,U,F,4,0.804,NA
3/5/19,13:29:59,9,36,2,48732,48751,1.197968055,0.087075,0.935182962,31.1635,15.739085,23.31,7.796,9.3025,1.37E-13,9,R84,DSim,I,F,4,0.735,NA
3/5/19,13:34:59,10,37,2,48935,48954,2.025070736,0.79549,1.649557284,29.8665,15.787075,23.32,7.7725,9.3025,1.127818182,10,R84,DSim,I,F,4,0.88,NA
3/5/19,13:45:03,11,39,2,49634,49653,1.949418136,0.68695,1.561111865,30.385,15.788475,23.3695,7.653,9.192,2.384759091,11,R84,DSim,I,F,4,1.061,NA
3/5/19,13:50:04,12,40,2,49944,49963,1.420550761,0.27944,1.172839786,29.4715,15.849165,23.37,7.56,9.049,-2.57E-14,12,R84,DSim,I,F,4,0.869,NA
3/5/19,14:00:07,13,42,2,50496,50515,0.842257835,-0.212735,0.680022759,30.1385,15.76079,23.38,7.7245,9.0795,0,13,R84,DSim,U,M,4,0.327,NA
3/5/19,14:05:08,14,43,2,50792,50811,0.760015569,-0.27768,0.611742633,30.231,15.837355,23.38,7.8205,9.027,4.28E-15,14,R84,DSim,U,M,4,0.423,NA
3/5/19,14:15:12,15,45,2,51369,51388,1.022178815,-0.04381,0.850980866,29.2275,15.692575,23.37,8.24,8.9835,0.262918182,15,R84,DSim,U,M,4,0.352,NA
3/5/19,14:20:13,16,46,2,51640,51659,0.985594015,-0.077185,0.826847707,29.0025,15.770645,23.35,8.189,8.949,0.213081818,16,R84,DSim,U,M,4,0.321,NA
3/5/19,14:30:17,1,48,2,52230,52249,1.261147075,0.13067,1.043081633,29.4125,15.600735,23.3015,8.223,8.73,2.546640909,1,R84,DSim,I,M,4,0.589,NA
3/5/19,14:35:18,2,49,2,52674,52693,0.771128411,0.37355,1.296821767,14.464,15.793825,23.2755,8.0125,8.671,8.57E-15,2,R84,DSim,I,M,4,0.502,bad flow
3/5/19,14:45:20,3,51,2,53217,53236,1.132939483,0.028345,0.935264946,29.4625,15.667,23.24,8.1635,7.0535,0.915163636,3,R84,DSim,I,M,4,0.336,NA
3/5/19,14:50:22,4,52,2,53552,53571,1.422935257,0.29177,1.173979096,29.4735,15.70834,23.18,8.233,0.397,1.244081818,4,R84,DSim,I,M,4,0.42,NA
3/5/19,15:00:25,5,54,2,54025,54044,1.560861832,0.35722,1.251499379,30.326,15.498495,23.16,8.623,2.013,0.60625,5,R84,DSim,U,F,4,0.766,NA
3/5/19,15:05:26,6,55,2,54487,54506,1.151499169,0.781405,1.728940209,16.1905,15.700815,23.091,8.5425,0.9865,0.480131818,6,R84,DSim,U,F,4,0.759,bad flow
3/5/19,15:15:30,7,57,3,54955,54974,1.867941353,0.5739,1.529150589,29.6925,15.534845,23.06,8.4465,0.832,0.851318182,7,R84,DSim,U,F,4,1.012,NA
3/5/19,15:20:31,8,58,3,55231,55250,1.673429797,0.404,1.370982988,29.6685,15.63997,23.05,8.438,2.156,0.344868182,8,R84,DSim,U,F,4,0.804,NA
3/6/19,11:21:49,7,11,1,40908,40927,0.927709497,-0.16464,0.69830511,32.2665,14.881265,22.81,12.61,8.1475,5.36E-16,23,R84,DSim,U,F,5,NA,NA
3/6/19,11:26:47,8,12,1,41207,41226,1.386724343,0.19469,1.047746085,32.141,14.92197,22.78,12.61,8.0275,0,24,R84,DSim,U,F,5,0.829,NA
3/6/19,11:36:44,9,14,1,41804,41823,0.67744809,-0.36865,0.485767975,33.852,14.809535,22.661,12.72,1.221,0,25,R84,DSim,U,M,5,0.404,NA
3/6/19,11:41:43,10,15,1,42126,42145,0.679577337,-0.36114,0.510664363,32.3005,14.894255,22.64,12.71,1.2945,-1.07E-15,26,R84,DSim,U,M,5,0.388,NA
3/6/19,11:51:40,11,17,1,42699,42718,0.692726953,-0.38917,0.511080635,32.892,14.784635,22.58,12.9965,1.039,1.07E-15,27,R84,DSim,U,M,5,0.449,NA
3/6/19,11:56:38,12,18,1,43084,43103,0.893326034,-0.28221,0.679557697,31.9005,14.89902,22.57,13.051,1.023,2.14E-15,28,R84,DSim,U,M,5,0.455,maybe dead
3/6/19,12:06:35,13,20,1,43716,43735,1.74499194,0.342815,1.301204458,32.5435,14.87544,22.57,12.9,1.155,0.905331818,29,R84,DSim,I,F,5,0.961,NA
3/6/19,12:11:34,14,21,1,44036,44055,1.391056284,0.09861,1.035702816,32.594,14.934955,22.58,12.78,0.959,3.43E-14,30,R84,DSim,I,F,5,0.931,NA
3/6/19,12:21:31,15,23,1,44490,44509,1.884518248,0.537665,1.453970391,31.456,14.798255,22.605,12.78,0.9965,-8.57E-15,31,R84,DSim,I,F,5,1.127,NA
3/6/19,12:26:29,16,24,1,44902,44921,1.539048675,0.34428,1.199750439,31.1305,14.841895,22.58,12.9,0.815,-3.43E-14,32,R84,DSim,I,F,5,1.036,NA
3/6/19,12:36:26,1,26,1,45386,45405,0.031291542,-0.523495,0.327248635,2.322,14.711195,22.52,12.964,1.228,0,17,R84,DSim,I,M,5,NA,bad flow
3/6/19,12:41:25,2,27,1,45773,45792,0.989823201,-0.114925,0.746117693,32.179,14.79434,22.44,12.925,0.9855,0,18,R84,DSim,I,M,5,0.64,NA
3/6/19,12:51:22,3,29,1,46441,46460,0.771944458,-0.30065,0.591581824,31.6465,14.821355,22.4,12.84,0.665,0,19,R84,DSim,I,M,5,0.423,NA
3/6/19,12:56:20,4,30,1,46636,46655,0.612588602,-0.442405,0.469499832,31.6445,14.8246,22.4,12.8455,0.9535,0.039327273,20,R84,DSim,I,M,5,0.348,NA
3/6/19,13:06:17,5,32,1,47177,47196,1.124243551,-0.081715,0.837044043,32.5755,14.695275,22.41,13.15,1.4615,2.14E-15,21,R84,DSim,U,F,5,0.741,NA
3/6/19,13:11:16,6,33,1,47478,47497,1.118439057,0.12795,1.036091016,26.183,14.797855,22.4275,13.19,1.894,4.28E-15,22,R84,DSim,U,F,5,0.845,bad flow
3/6/19,13:21:13,7,35,2,48072,48091,0.92356106,-0.17944,0.704584805,31.7935,14.65552,22.43,13.032,1.807,1.07E-15,23,R84,DSim,U,F,5,NA,NA
3/6/19,13:26:11,8,36,2,48500,48519,1.202688473,0.096065,0.919386576,31.7265,14.7443,22.4035,13.04,1.0585,-1.71E-14,24,R84,DSim,U,F,5,0.829,NA
3/6/19,13:36:07,9,38,2,49071,49090,0.68569038,-0.32486,0.497617041,33.409,14.61358,22.31,13.0375,1.51,-2.14E-15,25,R84,DSim,U,M,5,0.404,NA
3/6/19,13:41:07,10,39,2,49363,49382,0.750366253,-0.25877,0.569619133,31.9315,14.68066,22.24,13.13,8.0125,0,26,R84,DSim,U,M,5,0.388,NA
3/6/19,13:51:04,11,41,2,49886,49905,0.711424453,-0.310495,0.530620688,32.499,14.614525,22.24,13.37,8.708,0,27,R84,DSim,U,M,5,0.449,NA
3/6/19,13:56:02,12,42,2,50256,50275,0.993602671,-0.103355,0.765162783,31.4795,14.745525,22.27,13.33,8.2675,0.099472727,28,R84,DSim,U,M,5,0.455,maybe dead
3/6/19,14:05:59,13,44,2,50769,50788,1.49845285,0.26227,1.128913549,32.1885,14.63821,22.37,13.26,8.9255,0.877918182,29,R84,DSim,I,F,5,0.961,NA
3/6/19,14:10:58,14,45,2,51167,51186,1.734264086,0.457655,1.302934619,32.286,14.78229,22.44,13.26,10.0885,0.209331818,30,R84,DSim,I,F,5,0.931,NA
3/6/19,14:20:55,15,47,2,51742,51761,1.745789507,0.54843,1.361432947,31.1135,14.701785,22.53,13.24,9.5995,0.174563636,31,R84,DSim,I,F,5,1.127,NA
3/6/19,14:25:53,16,48,2,52022,52041,1.980565531,0.78714,1.562548652,30.756,14.741875,22.5435,13.2595,8.304,0.756322727,32,R84,DSim,I,F,5,1.036,NA
3/7/19,11:07:50,9,11,1,40146,40165,1.875301516,2.761195,1.460732022,31.121,13.937185,22.2555,18.5,6.887,0.714804545,41,R84,DSim,U,F,3,0.789,NA
3/7/19,11:12:50,10,12,1,40394,40413,1.624651461,2.5421,1.322063096,29.7875,13.992325,22.24,18.46,7.1465,0,42,R84,DSim,U,F,3,0.722,NA
3/7/19,11:22:50,11,14,1,41130,41149,1.998915895,2.696455,1.595701003,30.369,14.033685,22.28,18.58,7.2165,0.746527273,43,R84,DSim,U,F,3,0.722,NA
3/7/19,11:27:50,12,15,1,41351,41370,1.453352887,2.241565,1.195849125,29.467,14.07415,22.3175,18.67,7.2385,0.241922727,44,R84,DSim,U,F,3,0.625,NA
3/7/19,11:37:50,13,17,1,41955,41974,1.602057221,2.29762,1.290623724,30.102,14.011555,22.37,18.67,7.209,4.28E-15,45,R84,DSim,I,F,3,0.856,NA
3/7/19,11:42:50,14,18,1,42321,42340,1.716419037,2.35747,1.378933758,30.1865,14.07076,22.38,18.64,9.2515,-2.68E-16,46,R84,DSim,I,F,3,0.822,NA
3/7/19,11:52:50,15,20,1,42770,42789,0.930444699,2.922195,1.957649166,11.524,13.88513,22.37,18.58,7.244,3.43E-14,47,R84,DSim,I,F,3,0.95,bad flow
3/7/19,11:57:50,16,21,1,43094,43113,1.190851491,1.93054,0.997398032,28.953,14.003635,22.36,18.4,9.1195,0.301163636,48,R84,DSim,I,F,3,0.721,NA
3/7/19,12:07:50,1,23,1,43689,43708,1.027203688,1.749165,0.847190003,29.399,13.913805,22.33,18.28,8.3485,-1.71E-14,33,R84,DSim,U,M,3,0.53,NA
3/7/19,12:12:50,2,24,1,44095,44114,1.104859796,1.754075,0.898753938,29.8075,14.04641,22.33,18.31,8.556,0.004431818,34,R84,DSim,U,M,3,0.43,NA
3/7/19,12:22:50,3,26,1,44637,44656,0.856404631,1.50507,0.705625728,29.426,13.992215,22.31,18.28,8.4335,5.36E-16,35,R84,DSim,U,M,3,0.432,NA
3/7/19,12:27:50,4,27,1,45003,45022,1.2877012,1.76723,1.062337112,29.3905,14.116785,22.33,18.236,8.516,1.014495455,36,R84,DSim,U,M,3,0.462,NA
3/7/19,12:37:50,5,29,1,45594,45613,1.136442152,1.620775,0.915465654,30.1045,14.06056,22.38,17.801,7.694,1.71E-14,37,R84,DSim,I,M,3,0.68,NA
3/7/19,12:42:50,6,30,1,45784,45803,1.104732004,1.594535,0.881846187,30.3815,14.09114,22.3875,17.771,8.044,1.71E-14,38,R84,DSim,I,M,3,0.59,NA
3/7/19,12:52:50,7,32,1,46483,46502,1.138200699,1.663175,0.930507729,29.663,14.00526,22.367,17.33,9.329,1.29E-14,39,R84,DSim,I,M,3,0.662,NA
3/7/19,12:57:50,8,33,1,46738,46757,1.097490351,1.647375,0.90005028,29.567,14.058405,22.34,17.17,8.468,2.14E-15,40,R84,DSim,I,M,3,0.599,NA
3/7/19,13:07:50,9,35,2,47270,47289,1.891302079,2.19914,1.472280686,31.1425,13.93009,22.28,16.96,8.172,0.447922727,41,R84,DSim,U,F,3,0.789,NA
3/7/19,13:12:50,10,36,2,47671,47690,1.469535996,1.83902,1.1935982,29.8455,14.093005,22.26,16.8,8.5245,0,42,R84,DSim,U,F,3,0.722,NA
3/7/19,13:22:50,11,38,2,48229,48248,1.426022757,1.751055,1.141110216,30.297,14.04896,22.29,16.6565,8.642,-1.37E-13,43,R84,DSim,U,F,3,0.722,NA
3/7/19,13:27:50,12,39,2,48526,48545,1.279955043,1.629425,1.05345894,29.4595,14.142925,22.32,16.5705,8.767,8.57E-15,44,R84,DSim,U,F,3,0.625,NA
3/7/19,13:37:50,13,41,2,49101,49120,1.341708447,1.647065,1.081116683,30.0965,14.043995,22.378,16.22,11.365,4.28E-15,45,R84,DSim,I,F,3,0.856,NA
3/7/19,13:42:50,14,42,2,49524,49543,1.191383289,1.53062,0.956851079,30.1965,14.173505,22.39,15.7595,9.2785,0,46,R84,DSim,I,F,3,0.822,NA
3/7/19,13:52:50,15,44,2,49970,49989,0.607894271,1.853435,1.278750798,11.5295,13.985315,22.41,15.378,9.887,0,47,R84,DSim,I,F,3,0.95,bad flow
3/7/19,13:57:50,16,45,2,50382,50401,1.062314823,1.467945,0.891260574,28.9095,14.161465,22.42,15.123,9.075,0.155618182,48,R84,DSim,I,F,3,0.721,NA
3/7/19,14:07:51,1,47,2,50944,50963,1.221289783,1.579335,1.008746219,29.364,14.094675,22.41,14.6845,9.0005,0.038209091,33,R84,DSim,U,M,3,0.53,NA
3/7/19,14:12:50,2,48,2,51269,51288,1.25006662,1.57658,1.016172108,29.836,14.178315,22.4065,14.7725,8.9855,0.583109091,34,R84,DSim,U,M,3,0.43,NA
3/7/19,14:22:50,3,50,2,51820,51839,1.196867471,1.55369,0.9864223,29.4285,14.075395,22.41,14.6185,8.2945,1.71E-14,35,R84,DSim,U,M,3,0.432,NA
3/7/19,14:27:50,4,51,2,52070,52089,1.370027593,1.709265,1.129367387,29.421,14.13758,22.4015,14.49,8.3205,1.7179,36,R84,DSim,U,M,3,0.462,NA
3/8/19,11:19:11,7,9,1,40751,40770,1.562018961,2.834175,1.285989529,29.4805,13.84594,22.62,11.62,2.115,0,55,R84,DSim,I,M,4,0.672,NA
3/8/19,11:24:11,8,10,1,41160,41179,1.360146594,2.583565,1.121920877,29.423,13.991025,22.61,11.47,3.5105,2.68E-16,56,R84,DSim,I,M,4,0.622,NA
3/8/19,11:34:12,9,12,1,41755,41774,1.575346715,2.63249,1.235389228,30.9435,13.84611,22.56,11.605,3.489,4.28E-15,57,R84,DSim,I,F,4,1.049,NA
3/8/19,11:39:11,10,13,1,42112,42131,1.707581352,2.714255,1.396603238,29.662,13.875105,22.49,11.69,3.1435,-4.28E-15,58,R84,DSim,I,F,4,1.029,NA
3/8/19,11:49:12,11,15,1,42570,42589,1.782313991,2.691445,1.434144926,30.1405,13.754775,22.4,11.79,3.4635,-6.86E-14,59,R84,DSim,I,F,4,1.03,NA
3/8/19,11:54:12,12,16,1,42914,42933,1.710170416,2.5369,1.415421617,29.2995,13.88719,22.3625,12.06,3.3155,1.07E-15,60,R84,DSim,I,F,4,1.01,NA
3/8/19,12:04:12,13,18,1,43487,43506,0.951205592,1.797885,0.77050155,29.9355,13.835955,22.35,11.91,10.119,4.02E-16,61,R84,DSim,U,M,4,0.445,NA
3/8/19,12:09:12,14,19,1,43799,43818,0.920817461,1.67366,0.7442401,30.004,13.94847,22.37,12.3145,10.423,0,62,R84,DSim,U,M,4,0.425,NA
3/8/19,12:19:12,15,21,1,44352,44371,0.610473503,2.506165,1.625375578,9.1095,13.80824,22.43,12.415,10.5955,0.382,63,R84,DSim,U,M,4,0.533,bad flow
3/8/19,12:24:12,16,22,1,44652,44671,0.976770156,1.6814,0.824163995,28.7505,13.944855,22.47,12.67,10.651,0.093090909,64,R84,DSim,U,M,4,0.459,NA
3/8/19,12:34:12,1,24,1,45256,45275,1.687560231,2.246955,1.403228807,29.18,13.79204,22.53,12.0265,7.6275,0,49,R84,DSim,U,F,4,0.753,NA
3/8/19,12:39:12,2,25,1,45585,45604,1.452464899,2.033055,1.18982694,29.619,13.92565,22.53,12,7.7215,0,50,R84,DSim,U,F,4,0.654,NA
3/8/19,12:49:12,3,27,1,46160,46179,1.288416668,1.88894,1.068338277,29.259,13.79417,22.5,12.04,8.1955,5.36E-16,51,R84,DSim,U,F,4,0.774,NA
3/8/19,12:54:12,4,28,1,46500,46519,1.226193284,1.782225,1.017060991,29.248,13.943995,22.484,12.0335,8.072,1.07E-15,52,R84,DSim,U,F,4,0.708,NA
3/8/19,13:04:12,5,30,1,47102,47121,1.031295452,1.544725,0.830587503,30.123,13.90247,22.4965,12.461,7.0955,0,53,R84,DSim,I,M,4,0.547,NA
3/8/19,13:09:12,6,31,1,47407,47426,1.153635801,1.588375,0.927278076,30.1865,13.995285,22.53,12.8725,1.091,-5.36E-16,54,R84,DSim,I,M,4,0.639,NA
3/8/19,13:19:12,7,33,2,48112,48131,1.080331891,1.512595,0.890978594,29.424,14.006255,22.57,12.1,1.137,-5.36E-16,55,R84,DSim,I,M,4,0.672,NA
3/8/19,13:24:12,8,34,2,48346,48365,1.079796153,1.497725,0.891925673,29.379,14.06589,22.58,12.029,1.1725,5.36E-16,56,R84,DSim,I,M,4,0.622,NA
3/8/19,13:34:12,9,36,2,48904,48923,1.408718196,1.733855,1.103743916,30.9775,13.972495,22.62,11.9525,1.4625,4.28E-15,57,R84,DSim,I,F,4,1.049,NA
3/8/19,13:39:12,10,37,2,49245,49264,1.470495654,1.88844,1.203064125,29.666,14.038245,22.62,12.1,1.6515,4.28E-15,58,R84,DSim,I,F,4,1.029,NA
3/8/19,13:49:12,11,39,2,49778,49797,1.666259046,2.0237,1.336299181,30.256,13.872385,22.543,12.1,1.359,0.488068182,59,R84,DSim,I,F,4,1.03,NA
3/8/19,13:54:12,12,40,2,50212,50231,1.540707395,1.93417,1.275720662,29.2945,13.99802,22.44,12.344,8.6615,-4.28E-15,60,R84,DSim,I,F,4,1.01,NA
3/8/19,14:04:12,13,42,2,50727,50746,1.010716722,1.437575,0.819941264,29.8955,13.92786,22.38,12.55,1.6645,0.415481818,61,R84,DSim,U,M,4,0.445,NA
3/8/19,14:09:12,14,43,2,50952,50971,1.010169659,1.389225,0.815801147,30.029,13.978265,22.37,12.731,1.68,0.124263636,62,R84,DSim,U,M,4,0.425,NA
3/8/19,14:19:12,15,45,2,51552,51571,0.510067807,1.57622,1.051153638,11.7675,13.84845,22.36,12.5715,1.25,0.093559091,63,R84,DSim,U,M,4,0.533,bad flow
3/8/19,14:24:11,16,46,2,51877,51896,0.861618847,1.21262,0.725330718,28.807,14.020085,22.363,12.678,1.4745,-1.71E-14,64,R84,DSim,U,M,4,0.459,NA
3/8/19,14:34:11,1,48,2,52540,52559,1.423606717,1.674765,1.182321144,29.202,13.976825,22.396,12.8825,1.4945,-8.57E-15,49,R84,DSim,U,F,4,0.753,NA
3/8/19,14:39:12,2,49,2,52900,52919,1.120087701,1.44397,0.915551504,29.672,14.024875,22.4,12.62,1.311,-8.57E-15,50,R84,DSim,U,F,4,0.654,NA
3/8/19,14:49:11,3,51,2,53511,53530,1.273511871,1.580775,1.055437971,29.26,13.921315,22.36,12.859,0.9845,5.36E-16,51,R84,DSim,U,F,4,0.774,NA
3/8/19,14:54:11,4,52,2,53741,53760,1.085155263,1.419625,0.898363636,29.2885,13.94777,22.33,12.9155,7.4355,0,52,R84,DSim,U,F,4,0.708,NA
3/8/19,15:04:11,5,54,2,54337,54356,0.904364967,1.22741,0.728612876,30.0865,13.88297,22.24,13.029,8.5945,-1.07E-15,53,R84,DSim,I,M,4,0.547,NA
3/8/19,15:09:11,6,55,2,54611,54630,1.085521841,1.34264,0.87061411,30.2225,13.945555,22.234,13.29,8.011,-1.07E-15,54,R84,DSim,I,M,4,0.639,NA
3/8/19,15:19:11,7,57,3,55154,55173,1.034183145,1.30145,0.850332775,29.48,13.80155,22.235,13.45,7.603,-2.14E-15,55,R84,DSim,I,M,4,0.672,NA
3/8/19,15:24:11,8,58,3,55543,55562,1.048619253,1.28525,0.864107626,29.4155,13.972655,22.24,13.443,7.3215,2.14E-15,56,R84,DSim,I,M,4,0.622,NA
3/12/19,11:14:20,7,9,1,40528,40547,0.985603405,2.65928,0.815514937,29.332,13.92589,22.611,11.795,7.253,-1.34E-16,71,R84,DSim,U,M,5,NA,NA
3/12/19,11:19:19,8,10,1,40759,40778,1.007518539,2.602135,0.835535155,29.2675,13.968375,22.63,11.704,7.2845,4.28E-15,72,R84,DSim,U,M,5,0.405,NA
3/12/19,11:29:19,9,12,1,41395,41414,1.317991987,2.707145,1.03899839,30.7975,13.875255,22.7095,11.85,7.5495,4.02E-16,73,R84,DSim,U,F,5,0.63,NA
3/12/19,11:34:19,10,13,1,41758,41777,2.235420883,3.413635,1.836987997,29.544,13.9315,22.71,11.7,7.5545,0,74,R84,DSim,U,F,5,0.993,NA
3/12/19,11:44:19,11,15,1,42332,42351,1.323318555,2.577345,1.069480926,30.0385,13.834085,22.69,12.04,7.7735,0,75,R84,DSim,U,F,5,0.758,NA
3/12/19,11:49:19,12,16,1,42608,42627,1.775794,2.9188,1.48005245,29.1275,13.886895,22.69,11.881,7.7675,-2.68E-16,76,R84,DSim,U,F,5,0.975,NA
3/12/19,11:59:19,13,18,1,43274,43293,1.776468229,2.77398,1.448525158,29.773,13.880375,22.69,11.968,8.2635,1.281445455,77,R84,DSim,I,M,5,0.641,NA
3/12/19,12:04:19,14,19,1,43509,43528,1.225379741,2.24033,0.994762504,29.905,13.93253,22.6915,12.16,8.3955,-2.68E-16,78,R84,DSim,I,M,5,0.48,NA
3/12/19,12:14:19,15,21,1,44182,44201,-0.00752952,4.232145,3.063438293,-0.06,13.70045,22.73,12.0805,8.7455,-2.68E-16,79,R84,DSim,I,M,5,0.555,bad flow
3/12/19,12:19:19,16,22,1,44427,44446,1.212391231,2.160605,1.027059163,28.663,13.94493,22.75,11.89,8.9335,0.228945455,80,R84,DSim,I,M,5,0.497,NA
3/12/19,12:29:19,1,24,1,44985,45004,2.179873992,2.928865,1.819646444,29.0915,13.88377,22.78,11.7735,9.0465,0.115081818,65,R84,DSim,I,F,5,1.119,NA
3/12/19,12:34:19,2,25,1,45325,45344,2.341944065,3.236815,2.148938025,26.465,13.998775,22.78,11.779,9.7045,0.805363636,66,R84,DSim,I,F,5,0.938,NA
3/12/19,12:44:19,3,27,1,45896,45915,1.398648081,2.21737,1.164295473,29.166,13.842985,22.72,11.63,10.022,0,67,R84,DSim,I,F,5,0.841,NA
3/12/19,12:49:19,4,28,1,46181,46200,1.755229381,2.46731,1.462686875,29.13,13.918595,22.67,11.695,10.4675,-6.43E-15,68,R84,DSim,I,F,5,0.901,NA
3/12/19,12:59:19,5,30,1,46807,46826,0.931503674,1.693015,0.754480555,29.961,13.86657,22.58,11.842,10.526,0.037227273,69,R84,DSim,U,M,5,0.345,NA
3/12/19,13:04:19,6,31,1,47143,47162,1.845263016,2.35059,1.490363575,30.0455,13.986845,22.57,11.73,10.57,1.569172727,70,R84,DSim,U,M,5,0.668,NA
3/12/19,13:14:19,7,33,2,47748,47767,0.834800319,1.51832,0.69032184,29.3455,13.93596,22.57,12.071,9.2345,1.07E-15,71,R84,DSim,U,M,5,NA,NA
3/12/19,13:19:19,8,34,2,48119,48138,1.056069532,1.682245,0.875234742,29.2855,14.023415,22.62,12.07,9.253,0.758018182,72,R84,DSim,U,M,5,0.405,NA
3/12/19,13:29:20,9,36,2,48602,48621,1.06919957,1.64016,0.842929701,30.788,13.884865,22.64,12.506,9.1915,-1.07E-15,73,R84,DSim,U,F,5,0.63,NA
3/12/19,13:34:20,10,37,2,48879,48898,1.645894853,2.1363,1.354051768,29.504,13.959945,22.64,12,8.7645,2.14E-15,74,R84,DSim,U,F,5,0.993,NA
3/12/19,13:44:20,11,39,2,49538,49557,1.132231005,1.686235,0.915993153,29.9995,13.890505,22.61,11.934,8.4075,0,75,R84,DSim,U,F,5,0.758,NA
3/12/19,13:49:20,12,40,2,49824,49843,1.433970702,1.957965,1.193166777,29.1635,13.94499,22.56,11.8125,8.371,0,76,R84,DSim,U,F,5,0.975,NA
3/12/19,13:59:20,13,42,2,50431,50450,1.502477207,1.973325,1.22260658,29.8085,13.854695,22.441,11.87,8.377,0.590590909,77,R84,DSim,I,M,5,0.641,NA
3/12/19,14:04:20,14,43,2,50702,50721,1.608468616,2.03865,1.304248015,29.911,13.938265,22.41,11.7515,8.424,0.9298,78,R84,DSim,I,M,5,0.48,NA
3/12/19,14:14:20,15,45,2,51420,51439,-0.003384081,3.06828,2.362100079,-0.0345,13.684865,22.4085,11.87,8.0365,-2.14E-15,79,R84,DSim,I,M,5,0.555,bad flow
3/12/19,14:19:20,16,46,2,51624,51643,1.134688422,1.651435,0.959732746,28.675,13.94021,22.41,11.91,8.031,1.0641,80,R84,DSim,I,M,5,0.497,NA
3/12/19,14:29:20,1,48,2,52273,52292,2.334596191,2.629355,1.94947856,29.045,13.906285,22.41,11.83,7.911,2.102881818,65,R84,DSim,I,F,5,1.119,NA
3/12/19,14:34:20,2,49,2,52524,52543,2.254820593,2.74549,2.070104224,26.4155,13.938245,22.3875,11.94,7.752,1.689554545,66,R84,DSim,I,F,5,0.938,NA
3/12/19,14:44:20,3,51,2,53105,53124,1.284377019,1.735755,1.068077386,29.1595,13.82118,22.35,12.28,1.034,1.07E-15,67,R84,DSim,I,F,5,0.841,NA
3/12/19,14:49:20,4,52,2,53360,53379,1.309770058,1.74896,1.08978821,29.1435,13.919135,22.35,12.17,0.9585,8.57E-15,68,R84,DSim,I,F,5,0.901,NA
3/12/19,14:59:20,5,54,2,54020,54039,1.026026076,1.47405,0.832413342,29.89,13.882225,22.36,12.06,0.944,0.270695455,69,R84,DSim,U,M,5,0.345,NA
3/12/19,15:04:20,6,55,2,54320,54339,1.888916271,2.14829,1.525462725,30.029,13.96254,22.38,11.912,0.8895,0.583181818,70,R84,DSim,U,M,5,0.668,NA
3/14/19,11:39:16,9,11,1,42067,42086,0.923830379,2.665005,0.863030962,25.97,11.88274,22.5,15.52,9.4475,-1.07E-15,89,R84,DSim,U,M,3,0.533,NA
3/14/19,11:44:16,10,12,1,42291,42310,0.874067616,2.63887,0.845343058,25.0845,11.95806,22.49,15.347,9.449,0,90,R84,DSim,U,M,3,0.504,NA
3/14/19,11:54:16,11,14,1,42974,42993,0.878159865,2.622325,0.83907521,25.392,11.90738,22.51,15.68,9.547,-5.36E-16,91,R84,DSim,U,M,3,0.492,NA
3/14/19,11:59:16,12,15,1,43168,43187,0.899799574,2.663485,0.884331737,24.687,11.95419,22.52,15.456,9.6455,-1.34E-16,92,R84,DSim,U,M,3,0.491,NA
3/14/19,12:09:16,13,17,1,43816,43835,1.461586834,3.20065,1.406130455,25.2205,11.837615,22.53,14.6385,9.6715,0.095031818,93,R84,DSim,I,F,3,1.004,NA
3/14/19,12:14:17,14,18,1,44202,44221,1.827971398,3.584735,1.752097829,25.3125,11.935005,22.51,14.442,9.5665,8.57E-15,94,R84,DSim,I,F,3,1.004,NA
3/14/19,12:24:17,15,20,1,44657,44676,1.035152889,4.299535,2.461708944,10.2005,11.66312,22.4285,14.21,9.7505,2.14E-15,95,R84,DSim,I,F,3,1.123,bad flow
3/14/19,12:29:17,16,21,1,45044,45063,1.466685794,3.2993,1.45290241,24.481,11.867555,22.3775,14.203,9.804,0,96,R84,DSim,I,F,3,1.001,NA
3/14/19,12:39:17,1,23,1,45677,45696,1.171089718,3.00411,1.150829271,24.6765,11.819125,22.36,14.32,9.904,-1.34E-16,81,R84,DSim,U,F,3,0.707,NA
3/14/19,12:44:17,2,24,1,45965,45984,1.576160466,3.519665,1.660548232,23.018,11.90512,22.37,14.25,9.904,-2.68E-16,82,R84,DSim,U,F,3,0.882,NA
3/14/19,12:54:17,3,26,1,46469,46488,1.307790044,3.141665,1.283309924,24.714,11.69807,22.38,14.333,9.939,-4.28E-15,83,R84,DSim,U,F,3,0.749,NA
3/14/19,12:59:17,4,27,1,46761,46780,1.335169947,3.16708,1.312868497,24.6655,11.88885,22.409,14.32,10.003,5.36E-16,84,R84,DSim,U,F,3,0.912,NA
3/14/19,13:09:17,5,29,1,47490,47509,1.007433551,2.834395,0.964859151,25.329,11.84514,22.47,14.254,9.8705,2.68E-16,85,R84,DSim,I,M,3,0.665,NA
3/14/19,13:14:17,6,30,1,47719,47738,1.016855654,2.85568,0.970726699,25.4115,11.87784,22.47,14.025,9.98,0,86,R84,DSim,I,M,3,0.69,NA
3/14/19,13:24:17,7,32,1,48257,48276,1.158297846,3.029205,1.131107663,24.841,11.649045,22.46,13.94,9.9795,4.28E-15,87,R84,DSim,I,M,3,0.633,NA
3/14/19,13:29:17,8,33,1,48690,48709,1.003554569,2.89865,0.98080323,24.818,11.88777,22.43,13.945,10.058,0,88,R84,DSim,I,M,3,0.638,NA
3/14/19,13:39:17,9,35,2,49219,49238,1.065411884,2.916005,0.993721848,26.0065,11.76962,22.445,13.9,9.975,0.026981818,89,R84,DSim,U,M,3,0.533,NA
3/14/19,13:44:17,10,36,2,49471,49490,0.824764884,2.724275,0.798344636,25.0605,11.85795,22.4635,13.974,9.9925,4.28E-15,90,R84,DSim,U,M,3,0.504,NA
3/14/19,13:54:17,11,38,2,50196,50215,0.882773984,2.78769,0.844374906,25.3635,11.808525,22.485,13.28,10.058,0,91,R84,DSim,U,M,3,0.492,NA
3/14/19,13:59:17,12,39,2,50366,50385,1.241788633,3.17359,1.220692751,24.6775,11.837155,22.47,13.24,10.0135,0.55465,92,R84,DSim,U,M,3,0.491,NA
3/14/19,14:09:17,13,41,2,50978,50997,1.26983093,3.185815,1.221097566,25.2265,11.67545,22.4675,12.8505,10.076,0.146590909,93,R84,DSim,I,F,3,1.004,NA
3/14/19,14:14:17,14,42,2,51339,51358,1.679183918,3.583075,1.611704843,25.273,11.85453,22.46,13.04,10.0035,3.43E-14,94,R84,DSim,I,F,3,1.004,NA
3/14/19,14:24:17,15,44,2,51857,51876,0.996163732,4.36861,2.390255241,10.109,11.602095,22.44,12.92,9.8745,-4.28E-15,95,R84,DSim,I,F,3,1.123,bad flow
3/14/19,14:29:17,16,45,2,52302,52321,1.659509014,3.64223,1.645415129,24.463,11.830315,22.429,13.11,9.727,0.371072727,96,R84,DSim,I,F,3,1.001,NA
3/14/19,14:39:17,1,47,2,52776,52795,1.027345357,3.010035,1.012080833,24.6205,11.637625,22.42,13.04,9.842,0,81,R84,DSim,U,F,3,0.707,NA
3/14/19,14:44:17,2,48,2,53058,53077,1.444579438,3.521945,1.523757345,22.9945,11.790345,22.4225,13.0345,9.682,2.68E-16,82,R84,DSim,U,F,3,0.882,NA
3/14/19,14:54:17,3,50,2,53657,53676,1.449161264,3.4267,1.422264424,24.711,11.59064,22.41,13.07,2.976,0.039327273,83,R84,DSim,U,F,3,0.749,NA
3/14/19,14:59:17,4,51,2,53987,54006,1.251349834,3.24879,1.228788597,24.699,11.79224,22.41,13.062,2.822,1.07E-15,84,R84,DSim,U,F,3,0.912,NA
3/14/19,15:09:17,5,53,2,54601,54620,0.961563079,2.95903,0.921387573,25.3095,11.632705,22.39,12.9945,9.7505,1.07E-15,85,R84,DSim,I,M,3,0.665,NA
3/14/19,15:14:17,6,54,2,55003,55022,0.990113714,3.00863,0.945359379,25.3985,11.749175,22.37,12.8865,9.615,2.14E-15,86,R84,DSim,I,M,3,0.69,NA
3/15/19,11:17:00,9,11,1,40682,40701,1.482987732,3.204805,1.414888093,25.439,11.103345,22.62,13.63,1.9625,2.68E-16,105,R84,DSim,I,M,4,0.696,NA
3/15/19,11:22:00,10,12,1,41008,41027,1.30817314,3.045275,1.288490694,24.6375,11.18071,22.57,13.55,1.857,0,106,R84,DSim,I,M,4,0.64,NA
3/15/19,11:32:00,11,14,1,41594,41613,1.20099733,2.864245,1.16905102,24.919,11.058625,22.44,13.62,2.423,1.34E-16,107,R84,DSim,I,M,4,0.671,NA
3/15/19,11:37:00,12,15,1,41854,41873,1.266948261,2.894055,1.26696847,24.253,11.16528,22.4065,13.728,2.7025,-1.61E-15,108,R84,DSim,I,M,4,0.604,NA
3/15/19,11:47:00,13,17,1,42420,42439,0.998252599,2.52529,0.977555286,24.761,11.03219,22.35,13.94,2.8095,0,109,R84,DSim,U,M,4,0.502,NA
3/15/19,11:52:00,14,18,1,42736,42755,1.052325858,2.46981,1.029733214,24.78,11.22811,22.35,13.78,2.654,1.07E-15,110,R84,DSim,U,M,4,0.538,NA
3/15/19,12:02:00,15,20,1,43320,43339,0.944147212,3.845715,2.468204149,9.278,11.071265,22.38,13.85,9.1795,1.07E-15,111,R84,DSim,U,M,4,0.469,bad flow
3/15/19,12:07:00,16,21,1,43746,43765,1.20721738,2.56453,1.220803328,23.984,11.32438,22.4145,13.97,9.973,0.548986364,112,R84,DSim,U,M,4,0.595,NA
3/15/19,12:17:00,1,23,1,44306,44325,1.863046349,3.20997,1.868830098,24.185,11.23651,22.49,13.83,9.937,0.138954545,97,R84,DSim,I,F,4,1.053,NA
3/15/19,12:22:00,2,24,1,44572,44591,1.747854903,3.221685,1.879479835,22.5615,11.28809,22.49,13.79,9.8705,0,98,R84,DSim,I,F,4,1.063,NA
3/15/19,12:32:00,3,26,1,45127,45146,1.416639223,2.748435,1.418170471,24.2285,11.09354,22.42,13.8825,9.853,-6.43E-15,99,R84,DSim,I,F,4,0.991,NA
3/15/19,12:36:59,4,27,1,45443,45462,1.456724197,2.76111,1.459486688,24.206,11.274195,22.39,13.94,9.936,0,100,R84,DSim,I,F,4,1.284,NA
3/15/19,12:47:00,5,29,1,46064,46083,1.773170486,2.994955,1.733173522,24.812,11.17419,22.39,14.05,9.752,5.36E-16,101,R84,DSim,U,F,4,0.89,NA
3/15/19,12:51:59,6,30,1,46419,46438,1.540202957,2.707525,1.500009202,24.9035,11.34022,22.41,14.17,9.802,-1.07E-15,102,R84,DSim,U,F,4,0.874,NA
3/15/19,13:02:00,7,32,1,46941,46960,1.646236253,2.84765,1.644154498,24.2885,11.18274,22.46,14.13,9.7905,0,103,R84,DSim,U,F,4,0.93,NA
3/15/19,13:07:00,8,33,1,47379,47398,1.804084743,3.026695,1.803981199,24.2575,11.33546,22.44,14.09,9.939,-1.07E-15,104,R84,DSim,U,F,4,0.838,NA
3/15/19,13:16:59,9,35,2,47846,47865,1.121810401,2.28571,1.069400141,25.445,11.179005,22.44,14.17,9.891,-2.14E-15,105,R84,DSim,I,M,4,0.696,NA
3/15/19,13:21:59,10,36,2,48255,48274,1.054903831,2.239665,1.041180684,24.5775,11.361865,22.46,14.218,9.9485,0,106,R84,DSim,I,M,4,0.64,NA
3/15/19,13:31:59,11,38,2,48831,48850,1.113896117,2.277385,1.087067826,24.858,11.28209,22.48,14.26,9.8315,2.14E-15,107,R84,DSim,I,M,4,0.671,NA
3/15/19,13:36:59,12,39,2,49060,49079,1.127040526,2.315015,1.131057771,24.172,11.347455,22.471,14.23,9.6995,4.28E-15,108,R84,DSim,I,M,4,0.604,NA
3/15/19,13:47:00,13,41,2,49669,49688,0.995590946,2.1505,0.97829643,24.6865,11.205355,22.46,14.17,9.426,0.545404545,109,R84,DSim,U,M,4,0.502,NA
3/15/19,13:51:59,14,42,2,49930,49949,1.026102789,2.16831,1.008007548,24.6935,11.32624,22.46,14.2765,10.4245,0,110,R84,DSim,U,M,4,0.538,NA
3/15/19,14:02:00,15,44,2,50519,50538,0.836650583,3.406705,2.255996114,8.9965,11.13298,22.4625,14.37,10.557,-4.28E-15,111,R84,DSim,U,M,4,0.469,bad flow
3/15/19,14:06:59,16,45,2,50852,50871,1.170097739,2.330705,1.186080778,23.9325,11.3491,22.481,14.46,9.5665,0.448145455,112,R84,DSim,U,M,4,0.595,NA
3/15/19,14:16:59,1,47,2,51437,51456,1.52787958,2.67064,1.534926228,24.149,11.19073,22.492,14.4375,9.5185,3.43E-14,97,R84,DSim,I,F,4,1.053,NA
3/15/19,14:21:59,2,48,2,51814,51833,1.911945893,3.17827,2.058955821,22.527,11.387725,22.47,14.456,10.1405,0.773859091,98,R84,DSim,I,F,4,1.063,NA
3/15/19,14:31:59,3,50,2,52320,52339,1.094213805,2.212075,1.097855063,24.1775,11.16856,22.47,14.45,10.4845,4.28E-15,99,R84,DSim,I,F,4,0.991,NA
3/15/19,14:36:59,4,51,2,52696,52715,1.624460068,2.737875,1.628995339,24.192,11.39302,22.47,14.41,9.2795,-6.86E-14,100,R84,DSim,I,F,4,1.284,NA
3/15/19,14:46:59,5,53,2,53263,53282,1.642445703,2.71779,1.609402873,24.755,11.210805,22.455,14.21,9.584,0.07555,101,R84,DSim,U,F,4,0.89,NA
3/15/19,14:52:00,6,54,2,53653,53672,1.475687331,2.5514,1.441166877,24.836,11.355515,22.43,14.357,8.112,0,102,R84,DSim,U,F,4,0.874,NA
3/15/19,15:01:59,7,56,2,54142,54161,1.361713992,2.470415,1.362476018,24.2405,11.183045,22.4105,14.32,8.836,-4.28E-15,103,R84,DSim,U,F,4,0.93,NA
3/15/19,15:06:59,8,57,2,54533,54552,1.632673383,2.735945,1.634318872,24.2285,11.349805,22.4,14.283,9.228,0,104,R84,DSim,U,F,4,0.838,NA
3/20/19,11:19:32,7,10,1,40807,40826,1.383454769,7.17075,1.428647114,23.4675,11.042755,22.17,18.384,7.403,-1.07E-15,119,R84,DSim,I,M,5,0.563,NA
3/20/19,11:24:32,8,11,1,41158,41177,1.490274059,7.196145,1.54261554,23.412,11.218505,22.1745,18.35,7.3865,0.102054545,120,R84,DSim,I,M,5,0.659,NA
3/20/19,11:34:32,9,13,1,41685,41704,1.947292688,7.543225,1.928251394,24.479,11.179615,22.24,18.343,7.5475,0,121,R84,DSim,I,F,5,1.209,NA
3/20/19,11:39:32,10,14,1,42019,42038,1.962062516,7.58401,2.010610169,23.657,11.28065,22.27,18.314,7.545,-4.28E-15,122,R84,DSim,I,F,5,1.076,NA
3/20/19,11:49:32,11,16,1,42668,42687,1.93032648,7.47143,1.959204994,23.8905,11.221375,22.34,18.1475,7.471,-8.57E-15,123,R84,DSim,I,F,5,1.128,NA
3/20/19,11:54:32,12,17,1,42872,42891,1.945459318,9.48546,4.014895712,11.75,11.245095,22.35,18.0715,7.568,-4.28E-15,124,R84,DSim,I,F,5,1.092,bad flow
3/20/19,12:04:32,13,19,1,43577,43596,1.280086456,6.7016,1.305057131,23.78,11.14654,22.29,18.19,7.5965,8.57E-15,125,R84,DSim,U,M,5,0.5,NA
3/20/19,12:09:32,14,20,1,43778,43797,1.213279169,6.598565,1.235798928,23.798,11.15409,22.24,18.11,7.814,-5.36E-16,126,R84,DSim,U,M,5,0.5,NA
3/20/19,12:19:31,15,22,1,44371,44390,1.144757524,7.991665,2.668734525,10.3945,11.14514,22.18,18.4025,7.5775,-2.14E-15,127,R84,DSim,U,M,5,0.496,bad flow
3/20/19,12:24:32,16,23,1,44831,44850,1.159906404,6.4927,1.214272251,23.1505,11.277125,22.19,18.42,7.7255,0.159877273,128,R84,DSim,U,M,5,0.515,NA
3/20/19,12:34:31,1,25,1,45431,45450,1.75938155,7.07939,1.833055932,23.2655,11.3001,22.24,18.38,7.632,3.43E-14,113,R84,DSim,U,F,5,0.883,NA
3/20/19,12:39:31,2,26,1,45679,45698,2.195838135,7.48309,2.263461636,23.5155,11.33726,22.24,18.38,7.737,-1.71E-14,114,R84,DSim,U,F,5,0.898,NA
3/20/19,12:49:31,3,28,1,46249,46268,1.597673311,6.85511,1.659829634,23.334,11.234105,22.2655,18.4165,7.704,5.36E-16,115,R84,DSim,U,F,5,0.897,NA
3/20/19,12:54:32,4,29,1,46540,46559,1.83640424,7.08029,1.909867926,23.3085,11.26565,22.254,18.571,7.9,0.044731818,116,R84,DSim,U,F,5,0.929,NA
3/20/19,13:04:31,5,31,1,47101,47120,1.087736443,6.25837,1.103388026,23.896,11.194935,22.24,18.67,7.79,0,117,R84,DSim,I,M,5,0.542,NA
3/20/19,13:09:31,6,32,1,47371,47390,1.289203063,6.44821,1.304832135,23.9495,11.238665,22.24,18.682,7.853,-3.43E-14,118,R84,DSim,I,M,5,0.643,NA
3/20/19,13:19:31,7,34,2,48087,48106,1.474372541,6.65722,1.524815347,23.438,11.29504,22.24,18.7,7.804,1.750490909,119,R84,DSim,I,M,5,0.563,NA
3/20/19,13:24:31,8,35,2,48412,48431,1.263645819,6.43709,1.309568172,23.3915,11.36604,22.26,18.7,8.054,0,120,R84,DSim,I,M,5,0.659,NA
3/20/19,13:34:31,9,37,2,48939,48958,1.993404882,7.0931,1.975887552,24.4585,11.261315,22.29,18.7425,7.9375,1.177931818,121,R84,DSim,I,F,5,1.209,NA
3/20/19,13:39:31,10,38,2,49331,49350,1.956533535,7.09997,2.002369847,23.688,11.300965,22.28,18.752,7.8805,0.372454545,122,R84,DSim,I,F,5,1.076,NA
3/20/19,13:49:31,11,40,2,49803,49822,1.628549454,6.74147,1.649494031,23.9335,11.23193,22.26,18.787,7.9365,-1.71E-14,123,R84,DSim,I,F,5,1.128,NA
3/20/19,13:54:31,12,41,2,50231,50250,2.181589467,9.56369,4.485359379,11.7905,11.38769,22.26,19.13,7.992,0.456954545,124,R84,DSim,I,F,5,1.092,bad flow
3/20/19,14:04:31,13,43,2,50805,50824,1.252337905,6.34537,1.276471574,23.783,11.29649,22.2625,18.9605,7.9785,1.968386364,125,R84,DSim,U,M,5,0.5,NA
3/20/19,14:09:31,14,44,2,51015,51034,1.432115841,6.51995,1.458327313,23.8065,11.319585,22.27,18.86,7.885,0.852295455,126,R84,DSim,U,M,5,0.5,NA
3/20/19,14:19:31,15,46,2,51571,51590,1.34880212,8.218635,3.159062033,10.3505,11.23433,22.25,18.977,7.9365,0.415663636,127,R84,DSim,U,M,5,0.496,bad flow
3/20/19,14:24:31,16,47,2,51915,51934,1.432458852,6.565075,1.499396628,23.1575,11.273795,22.24,19.1635,7.939,0.485577273,128,R84,DSim,U,M,5,0.515,NA
3/20/19,14:34:31,1,49,2,52471,52490,1.421237559,6.554845,1.479853941,23.276,11.190795,22.19,19.41,7.925,0.253159091,113,R84,DSim,U,F,5,0.883,NA
3/20/19,14:39:31,2,50,2,52830,52849,1.803661515,6.952745,1.858112127,23.523,11.322065,22.16,19.53,7.86,-3.43E-14,114,R84,DSim,U,F,5,0.898,NA
4/4/19,11:14:24,7,10,1,40509,40528,2.327664888,8.01669,2.482454255,22.7365,10.51205,22.3465,30.56,6.817,0.146604545,135,Car5,DSim,U,F,3,0.871,NA
4/4/19,11:19:24,8,11,1,40822,40841,2.101087065,7.70154,2.247204779,22.672,10.560925,22.3475,30.618,6.6285,-1.07E-15,136,Car5,DSim,U,F,3,0.832,NA
4/4/19,11:29:24,9,13,1,41470,41489,1.294935841,6.697525,1.327236263,23.6585,10.452995,22.35,30.6,6.4485,1.07E-15,137,Car5,DSim,U,M,3,0.568,NA
4/4/19,11:34:24,10,14,1,41824,41843,1.345050468,6.708135,1.421398558,22.9455,10.48594,22.3415,30.51,6.627,-1.61E-15,138,Car5,DSim,U,M,3,0.506,NA
4/4/19,11:44:24,11,16,1,42284,42303,1.262496511,6.588285,1.322413108,23.15,10.475915,22.35,30.6,6.468,5.36E-16,139,Car5,DSim,U,M,3,0.577,NA
4/4/19,11:49:24,12,17,1,42689,42708,1.248922559,6.55784,1.342416552,22.563,10.60596,22.39,30.8155,6.639,0,140,Car5,DSim,U,M,3,0.516,NA
4/4/19,11:59:24,13,19,1,43254,43273,2.165038201,7.463925,2.279720386,23.034,10.533245,22.42,30.317,6.7965,0.171854545,141,Car5,DSim,I,F,3,0.859,NA
4/4/19,12:04:25,14,20,1,43529,43548,2.038678,7.295185,2.143031188,23.074,10.55224,22.429,29.97,6.903,-4.28E-15,142,Car5,DSim,I,F,3,0.836,NA
4/4/19,12:14:24,15,22,1,44064,44083,1.095075025,8.56904,3.440057714,7.7195,10.48998,22.43,29.3035,6.8925,4.28E-15,143,Car5,DSim,I,F,3,0.867,bad flow
4/4/19,12:19:24,16,23,1,44519,44538,1.674736378,6.900405,1.809887858,22.4455,10.552745,22.45,28.869,6.663,0,144,Car5,DSim,I,F,3,0.859,NA
4/4/19,12:29:24,1,25,1,45118,45137,1.604336263,6.763055,1.724174674,22.5725,10.500645,22.47,28.62,7.0085,0.462295455,129,Car5,DSim,I,M,3,0.378,NA
4/4/19,12:34:24,2,26,1,45270,45289,1.306618135,6.401925,1.390072796,22.8015,10.463285,22.46,28.62,7.0795,-1.07E-15,130,Car5,DSim,I,M,3,0.584,NA
4/4/19,12:44:24,3,28,1,45924,45943,1.211358683,6.266835,1.297599517,22.642,10.387155,22.42,28.5635,7.074,5.36E-16,131,Car5,DSim,I,M,3,0.628,NA
4/4/19,12:49:24,4,29,1,46297,46316,1.551361402,6.608065,1.665488109,22.591,10.436975,22.4,28.901,7.146,0.176313636,132,Car5,DSim,I,M,3,0.52,NA
4/4/19,12:59:24,5,31,1,46911,46930,1.834473961,6.85341,1.924077331,23.121,10.427995,22.37,29.02,7.3815,0,133,Car5,DSim,U,F,3,NA,NA
4/4/19,13:04:24,6,32,1,47216,47235,1.597286637,6.58841,1.670809119,23.1825,10.44708,22.36,28.98,7.151,4.28E-15,134,Car5,DSim,U,F,3,0.804,NA
4/4/19,13:14:24,7,34,2,47727,47746,1.546696978,6.5666,1.654187409,22.673,10.429975,22.35,28.47,7.1235,0.024077273,135,Car5,DSim,U,F,3,0.871,NA
4/4/19,13:19:24,8,35,2,48103,48122,1.769871751,6.80054,1.897016252,22.6245,10.536515,22.3625,28.62,6.783,0.138954545,136,Car5,DSim,U,F,3,0.832,NA
4/4/19,13:29:24,9,37,2,48646,48665,1.127455348,6.047895,1.157251655,23.626,10.475485,22.37,28.751,7.0975,1.07E-15,137,Car5,DSim,U,M,3,0.568,NA
4/4/19,13:34:24,10,38,2,49023,49042,1.109537928,6.04291,1.173886708,22.921,10.50908,22.37,28.125,6.7975,-3.21E-15,138,Car5,DSim,U,M,3,0.506,NA
4/4/19,13:44:24,11,40,2,49553,49572,1.109455252,6.01902,1.162695321,23.1415,10.506595,22.39,27.637,6.882,-3.21E-15,139,Car5,DSim,U,M,3,0.577,NA
4/4/19,13:49:24,12,41,2,49923,49942,1.06724638,5.983135,1.14729132,22.5615,10.55051,22.41,27.6885,6.812,0,140,Car5,DSim,U,M,3,0.516,NA
4/4/19,13:59:25,13,43,2,50385,50404,1.780399251,6.69928,1.874286005,23.0385,10.451305,22.41,27.654,6.601,0.594095455,141,Car5,DSim,I,F,3,0.859,NA
4/4/19,14:04:23,14,44,2,50721,50740,1.826564602,6.72365,1.921635938,23.0545,10.478385,22.42,27.481,6.772,-8.57E-15,142,Car5,DSim,I,F,3,0.836,NA
4/4/19,14:14:24,15,46,2,51264,51283,0.956717257,7.84943,3.055426243,7.593,10.416815,22.437,27.1485,6.6565,8.57E-15,143,Car5,DSim,I,F,3,0.867,bad flow
4/4/19,14:19:23,16,47,2,51723,51742,1.466866917,6.37981,1.586600462,22.4235,10.396925,22.42,27.2535,6.674,-1.71E-14,144,Car5,DSim,I,F,3,0.859,NA
4/4/19,14:29:23,1,49,2,52324,52343,1.368769343,6.25975,1.475406703,22.5005,10.43825,22.41,27.44,6.6025,1.525190909,129,Car5,DSim,I,M,3,0.378,NA
4/4/19,14:34:24,2,50,2,52463,52482,1.12008668,5.97304,1.192976383,22.771,10.416125,22.41,27.48,6.856,1.07E-15,130,Car5,DSim,I,M,3,0.584,NA
4/4/19,14:44:23,3,52,2,53069,53088,1.157023157,6.021165,1.244146141,22.5545,10.388775,22.4,27.3965,6.8195,0,131,Car5,DSim,I,M,3,0.628,NA
4/4/19,14:49:23,4,53,2,53475,53494,1.744762309,6.664435,1.881058569,22.4955,10.420095,22.4,27.1735,6.7165,0.612045455,132,Car5,DSim,I,M,3,0.52,NA
4/4/19,14:59:24,5,55,2,53990,54009,1.485201977,6.33974,1.5615523,23.0635,10.374555,22.36,26.835,0.249,3.21E-15,133,Car5,DSim,U,F,3,NA,NA
4/4/19,15:04:24,6,56,2,54298,54317,1.356371401,6.18695,1.420854095,23.146,10.382055,22.3265,26.563,0.228,-4.28E-15,134,Car5,DSim,U,F,3,0.804,NA
4/4/19,15:14:24,7,58,3,55019,55038,1.396385066,6.247415,1.495184379,22.6365,10.346265,22.231,26.74,0.351,0,135,Car5,DSim,U,F,3,0.871,NA
4/4/19,15:19:24,8,59,3,55307,55326,1.599296322,6.45674,1.71316019,22.625,10.376415,22.2,26.8775,0.3595,-4.28E-15,136,Car5,DSim,U,F,3,0.832,NA
4/5/19,11:21:29,7,9,1,40913,40932,2.19777904,7.93922,2.357571382,22.589,10.057665,22.1385,32.12,0.163,0,151,Car5,DSim,U,F,4,0.926,NA
4/5/19,11:26:28,8,10,1,41316,41335,1.967304838,7.57274,2.111140616,22.576,10.081845,22.0795,32.107,0.149,0,152,Car5,DSim,U,F,4,0.856,NA
4/5/19,11:36:28,9,12,1,41927,41946,1.222073975,6.6463,1.257639064,23.5415,10.227805,22.08,32.408,0.151,0,153,Car5,DSim,I,M,4,0.536,NA
4/5/19,11:41:28,10,13,1,42095,42114,1.284227407,6.713545,1.362786402,22.8315,10.234525,22.1,32.34,0.1885,-1.07E-15,154,Car5,DSim,I,M,4,0.539,NA
4/5/19,11:51:28,11,15,1,42688,42707,1.304626945,6.65628,1.368250721,23.105,10.144125,22.148,32.1555,0.2015,4.28E-15,155,Car5,DSim,I,M,4,0.622,NA
4/5/19,11:56:28,12,16,1,42988,43007,1.192714263,6.512375,1.28473452,22.495,10.0952,22.13,31.88,0.2125,1.07E-15,156,Car5,DSim,I,M,4,0.4,NA
4/5/19,12:06:28,13,18,1,43668,43687,1.810393996,7.065525,1.909218557,22.971,10.0306,22.06,31.808,0.1985,-1.71E-14,157,Car5,DSim,I,F,4,1.016,NA
4/5/19,12:11:28,14,19,1,43888,43907,1.18242883,6.362975,1.245748083,22.9925,10.007135,22.046,31.73,6.43,3.21E-15,158,Car5,DSim,I,F,4,0.763,NA
4/5/19,12:21:28,15,21,1,44488,44507,0.851895133,7.80445,2.736783637,7.536,9.972835,21.95,31.598,6.716,0.109409091,159,Car5,DSim,I,F,4,1.007,bad flow
4/5/19,12:26:28,16,22,1,44948,44967,1.77494518,6.92068,1.922107965,22.3535,9.92957,21.84,31.65,6.573,0.125659091,160,Car5,DSim,I,F,4,0.812,NA
4/5/19,12:36:28,1,24,1,45405,45424,1.054290221,6.120255,1.135076099,22.477,9.927815,21.75,32.22,6.5745,0,145,Car5,DSim,U,M,4,0.524,NA
4/5/19,12:41:28,2,25,1,45702,45721,1.1201789,6.152985,1.192065193,22.7365,9.97778,21.703,32.692,6.797,1.34E-16,146,Car5,DSim,U,M,4,0.576,NA
4/5/19,12:51:28,3,27,1,46373,46392,1.083299323,6.101125,1.164080391,22.5195,10.10639,21.74,32.7205,6.7375,-1.34E-16,147,Car5,DSim,U,M,4,0.531,NA
4/5/19,12:56:28,4,28,1,46588,46607,1.038353784,6.044065,1.118220325,22.4725,10.11897,21.77,32.5175,6.5005,8.03E-16,148,Car5,DSim,U,M,4,0.557,NA
4/5/19,13:06:28,5,30,1,47310,47329,1.775616241,6.784345,1.86734833,23.0225,10.257975,21.9025,32.0715,6.741,2.14E-15,149,Car5,DSim,U,F,4,0.827,NA
4/5/19,13:11:28,6,31,1,47488,47507,1.756209784,6.76057,1.843623143,23.0685,10.29096,21.959,31.933,6.615,-1.07E-15,150,Car5,DSim,U,F,4,0.92,NA
4/5/19,13:21:28,7,33,2,48088,48107,2.024304516,7.082095,2.173996909,22.56,10.188855,22.1015,31.4795,6.8825,-2.14E-15,151,Car5,DSim,U,F,4,0.926,NA
4/5/19,13:26:28,8,34,2,48456,48475,1.554937097,6.55367,1.670582642,22.558,10.283125,22.19,30.812,6.537,4.28E-15,152,Car5,DSim,U,F,4,0.856,NA
4/5/19,13:36:28,9,36,2,49016,49035,1.230207474,6.14219,1.267448359,23.5275,10.157295,22.24,30.624,6.686,4.28E-15,153,Car5,DSim,I,M,4,0.536,NA
4/5/19,13:41:28,10,37,2,49328,49347,1.142001174,6.08454,1.212665542,22.8295,10.179735,22.27,30.3535,6.6905,-2.14E-15,154,Car5,DSim,I,M,4,0.539,NA
4/5/19,13:51:28,11,39,2,49888,49907,1.13957422,6.061015,1.200174791,23.0165,10.057765,22.25,30.26,6.662,0,155,Car5,DSim,I,M,4,0.622,NA
4/5/19,13:56:28,12,40,2,50348,50367,0.990048735,5.89442,1.068547551,22.459,10.097845,22.24,30.54,6.639,-4.28E-15,156,Car5,DSim,I,M,4,0.4,NA
4/5/19,14:06:28,13,42,2,50796,50815,1.613522883,6.526765,1.705514925,22.9305,10.065645,22.2175,30.66,6.401,-1.71E-14,157,Car5,DSim,I,F,4,1.016,NA
4/5/19,14:11:28,14,43,2,51121,51140,1.115212488,5.988015,1.175983613,22.9835,10.094545,22.1925,30.78,6.5355,4.28E-15,158,Car5,DSim,I,F,4,0.763,NA
4/5/19,14:21:28,15,45,2,51688,51707,0.771921705,7.30869,2.501453472,7.4775,10.064795,22.1135,31.0445,6.504,-8.57E-15,159,Car5,DSim,I,F,4,1.007,bad flow
4/5/19,14:26:28,16,46,2,52095,52114,1.618342037,6.559215,1.754879359,22.3405,10.11628,22.065,31.19,6.5375,0.148663636,160,Car5,DSim,I,F,4,0.812,NA
4/5/19,14:36:28,1,48,2,52616,52635,0.96509232,5.839185,1.041518559,22.446,10.05352,22.04,30.92,6.5625,5.14E-14,145,Car5,DSim,U,M,4,0.524,NA
4/5/19,14:41:28,2,49,2,53037,53056,1.078534826,5.932185,1.151154696,22.694,10.11744,22.026,30.6,6.4975,0,146,Car5,DSim,U,M,4,0.576,NA
4/5/19,14:51:28,3,51,2,53540,53559,1.022189514,5.86991,1.100129432,22.5055,10.03701,22.02,30.4,6.6635,0.084,147,Car5,DSim,U,M,4,0.531,NA
4/5/19,14:56:29,4,52,2,53850,53869,1.07030135,5.905755,1.153690225,22.471,10.103695,22.02,30.4915,6.7715,1.07E-15,148,Car5,DSim,U,M,4,0.557,NA
4/5/19,15:06:28,5,54,2,54388,54407,1.647722443,6.476815,1.733162541,23.029,10.058295,22.04,30.45,6.701,4.28E-15,149,Car5,DSim,U,F,4,0.827,NA
4/5/19,15:11:28,6,55,2,54688,54707,1.465975187,6.27543,1.53694135,23.105,10.110905,22.0425,30.5405,6.906,-2.14E-15,150,Car5,DSim,U,F,4,0.92,NA
4/9/19,11:09:23,9,11,1,40207,40226,2.100556511,3.34397,2.4555654,20.741,12.824685,22.32,25.3535,6.198,2.14E-15,169,Car5,DSim,I,F,4,0.997,NA
4/9/19,11:14:23,10,12,1,40597,40616,2.019794215,3.26219,2.431043271,20.1455,13.039715,22.3315,25.7565,5.745,1.71E-14,170,Car5,DSim,I,F,4,0.966,NA
4/9/19,11:24:23,11,14,1,41102,41121,2.283113112,3.5139,2.721827855,20.341,12.858705,22.36,26.0245,6.2305,0.001754545,171,Car5,DSim,I,F,4,1.158,NA
4/9/19,11:29:23,12,15,1,41505,41524,2.045555953,3.209715,2.498982997,19.851,13.056805,22.38,25.6955,6.2885,-5.36E-16,172,Car5,DSim,I,F,4,0.992,NA
4/9/19,11:39:23,13,17,1,42080,42099,1.761850988,2.77882,2.106023794,20.2895,12.941705,22.402,25.9585,0.124,2.68E-16,173,Car5,DSim,U,F,4,0.899,NA
4/9/19,11:44:23,14,18,1,42396,42415,1.735473337,2.711325,2.080303772,20.2345,13.0993,22.42,25.7275,0.1075,-3.21E-15,174,Car5,DSim,U,F,4,1.031,NA
4/9/19,11:54:23,15,20,1,42863,42882,1.290100117,4.261375,3.652281964,8.57,12.862775,22.44,25.43,0.1215,0,175,Car5,DSim,U,F,4,1.026,bad flow
4/9/19,11:59:23,16,21,1,43243,43262,1.577384594,2.48676,1.927853132,19.8465,13.042115,22.44,25.459,5.8215,0.111859091,176,Car5,DSim,U,F,4,0.698,NA
4/9/19,12:09:23,1,23,1,43775,43794,1.178524935,1.975205,1.438543383,19.8705,12.80874,22.42,25.3425,6.36,0.547186364,161,Car5,DSim,U,M,4,0.551,NA
4/9/19,12:14:23,2,24,1,44222,44241,1.581652311,2.42222,1.918491347,19.996,13.013845,22.4,25.009,5.397,0,162,Car5,DSim,U,M,4,0.6,NA
4/9/19,12:24:23,3,26,1,44663,44682,1.191908336,1.944275,1.459552271,19.8035,12.779365,22.37,25.0655,5.325,5.36E-16,163,Car5,DSim,U,M,4,0.563,NA
4/9/19,12:29:23,4,27,1,45091,45110,1.392998178,2.126075,1.701853978,19.848,13.047285,22.35,24.95,5.3205,2.68E-16,164,Car5,DSim,U,M,4,0.744,NA
4/9/19,12:39:23,5,29,1,45569,45588,1.433668581,2.13222,1.716955175,20.2465,12.82074,22.33,25.0335,5.2805,0.205922727,165,Car5,DSim,I,M,4,0.569,NA
4/9/19,12:44:23,6,30,1,45992,46011,1.145778839,1.771425,1.366247093,20.335,13.056695,22.34,24.956,5.28,0,166,Car5,DSim,I,M,4,0.62,NA
4/9/19,12:54:23,7,32,1,46476,46495,1.215440782,1.864345,1.481733863,19.89,12.80737,22.34,25.1745,5.3145,0.843331818,167,Car5,DSim,I,M,4,0.526,NA
4/9/19,12:59:23,8,33,1,46921,46940,0.893361706,1.40338,1.088224623,19.906,13.12342,22.35,25.23,5.3505,0.112118182,168,Car5,DSim,I,M,4,0.573,NA
4/9/19,13:09:23,9,35,2,47457,47476,1.610149237,2.203555,1.891788264,20.6395,12.924765,22.35,25.4365,5.189,0.093781818,169,Car5,DSim,I,F,4,0.997,NA
4/9/19,13:14:23,10,36,2,47672,47691,1.801347161,2.48187,2.17168609,20.1135,12.975005,22.35,25.379,5.1135,0,170,Car5,DSim,I,F,4,0.966,NA
4/9/19,13:24:23,11,38,2,48324,48343,1.922280448,2.602885,2.293168491,20.327,12.87254,22.37,25.27,5.1255,1.216909091,171,Car5,DSim,I,F,4,1.158,NA
4/9/19,13:29:23,12,39,2,48639,48658,1.655834969,2.33942,2.028522536,19.7955,13.00087,22.38,25.38,5.2335,0,172,Car5,DSim,I,F,4,0.992,NA
4/9/19,13:39:23,13,41,2,49281,49300,1.43791899,2.03196,1.73002114,20.1565,12.899735,22.38,25.34,5.157,-1.07E-15,173,Car5,DSim,U,F,4,0.899,NA
4/9/19,13:44:23,14,42,2,49573,49592,1.487365243,2.074675,1.783714624,20.2225,13.0292,22.385,25.42,5.185,0,174,Car5,DSim,U,F,4,1.031,NA
4/9/19,13:54:23,15,44,2,50063,50082,1.106052738,3.31225,3.022366797,8.875,12.869785,22.39,25.46,5.1385,-1.29E-14,175,Car5,DSim,U,F,4,1.026,bad flow
4/9/19,13:59:23,16,45,2,50443,50462,1.28330616,1.869235,1.576058609,19.748,13.031145,22.4,25.47,5.178,0,176,Car5,DSim,U,F,4,0.698,NA
4/9/19,14:09:23,1,47,2,51123,51142,0.947004352,1.45293,1.161523572,19.779,12.952715,22.407,25.6785,5.1715,-4.28E-15,161,Car5,DSim,U,M,4,0.551,NA
4/9/19,14:14:23,2,48,2,51344,51363,1.395786689,1.987585,1.698121842,19.936,13.03791,22.41,25.671,5.201,0.551036364,162,Car5,DSim,U,M,4,0.6,NA
4/9/19,14:24:23,3,50,2,51998,52017,1.173130948,1.70992,1.431772454,19.8735,12.924235,22.43,26.007,5.126,-6.86E-14,163,Car5,DSim,U,M,4,0.563,NA
4/9/19,14:29:23,4,51,2,52323,52342,1.323735325,1.888125,1.622925142,19.7845,13.05896,22.44,26.288,5.096,4.28E-15,164,Car5,DSim,U,M,4,0.744,NA
4/9/19,14:39:23,5,53,2,52763,52782,1.629578184,2.2063,1.953415752,20.237,12.748725,22.47,26.267,5.022,1.468154545,165,Car5,DSim,I,M,4,0.569,NA
4/9/19,14:44:23,6,54,2,53089,53108,1.051529098,1.4803,1.257466001,20.285,12.964445,22.46,26.3595,0.031,0,166,Car5,DSim,I,M,4,0.62,NA
4/9/19,14:54:23,7,56,2,53668,53687,1.364145462,1.869285,1.662963722,19.9015,12.806445,22.5,26.3875,0.032,0.3866,167,Car5,DSim,I,M,4,0.526,NA
4/9/19,14:59:23,8,57,2,54017,54036,0.99507463,1.413915,1.216117833,19.852,13.036135,22.51,26.43,0.03,-1.71E-14,168,Car5,DSim,I,M,4,0.573,NA
4/9/19,15:09:23,9,59,3,54655,54674,1.344849212,1.781385,1.578143847,20.676,12.92963,22.52,27.02,0.027,0,169,Car5,DSim,I,F,4,0.997,NA
4/9/19,15:14:23,10,60,3,54871,54890,1.441667897,1.95114,1.739862888,20.1045,13.00333,22.5235,26.976,0.0305,-1.71E-14,170,Car5,DSim,I,F,4,0.966,NA
4/10/19,11:34:38,7,11,1,41807,41826,1.791662068,2.907705,1.486223038,29.236,12.11838,22.39,29.058,5.682,4.28E-15,183,Car5,DSim,I,F,5,1.147,NA
4/10/19,11:39:38,8,12,1,42019,42038,2.119983006,3.1897,1.763104973,29.16,12.09271,22.38,29.17,5.604,0.945054545,184,Car5,DSim,I,F,5,1.198,NA
4/10/19,11:49:38,9,14,1,42578,42597,0.988511769,2.214505,0.781515639,30.6725,11.9886,22.356,29.144,5.5985,2.14E-15,185,Car5,DSim,I,M,5,0.457,NA
4/10/19,11:54:38,10,15,1,43004,43023,0.938724001,2.217845,0.774016024,29.4075,12.030575,22.34,28.7825,5.7045,0,186,Car5,DSim,I,M,5,0.609,NA
4/10/19,12:04:38,11,17,1,43638,43657,1.088924707,2.337185,0.882119023,29.9315,12.064905,22.33,28.35,5.7215,-2.14E-15,187,Car5,DSim,I,M,5,0.622,NA
4/10/19,12:09:38,12,18,1,43930,43949,1.001847441,2.302095,0.836811404,29.03,12.0687,22.34,28.42,5.714,2.14E-15,188,Car5,DSim,I,M,5,0.645,NA
4/10/19,12:19:38,13,20,1,44502,44521,1.534136973,2.71292,1.253892449,29.668,12.002685,22.35,28.38,5.709,5.36E-16,189,Car5,DSim,U,F,5,1.193,NA
4/10/19,12:24:38,14,21,1,44774,44793,1.711480112,2.845005,1.393347096,29.7865,12.025405,22.36,28.4075,5.645,-4.28E-15,190,Car5,DSim,U,F,5,1.272,NA
4/10/19,12:34:38,15,23,1,45278,45297,0.747651492,3.539235,2.082926757,8.704,11.955245,22.37,28.571,5.731,-1.29E-14,191,Car5,DSim,U,F,5,1.134,bad flow
4/10/19,12:39:38,16,24,1,45730,45749,1.748003625,2.96365,1.484159675,28.5625,12.020045,22.38,28.929,5.7585,-8.57E-15,192,Car5,DSim,U,F,5,1.187,NA
4/10/19,12:49:38,1,26,1,46338,46357,1.304584994,2.57739,1.092851299,28.952,11.98238,22.4,29.283,5.7025,0.204931818,177,Car5,DSim,U,M,5,0.532,NA
4/10/19,12:54:38,2,27,1,46638,46657,0.975609182,2.293245,0.80440491,29.4155,11.964715,22.409,29.34,5.6815,1.61E-15,178,Car5,DSim,U,M,5,0.617,NA
4/10/19,13:04:38,3,29,1,47190,47209,1.024515211,2.355015,0.856538989,29.0075,11.88057,22.3875,29.497,5.397,1.07E-15,179,Car5,DSim,U,M,5,0.691,NA
4/10/19,13:09:38,4,30,1,47378,47397,3.046076163,4.05125,2.54537877,29.0215,11.891255,22.38,29.7475,5.508,0.460518182,180,Car5,DSim,U,M,5,NA,two flies in chamber
4/10/19,13:19:38,5,32,1,48138,48157,2.233593573,3.33474,1.816261363,29.819,11.82266,22.33,29.319,5.6095,-1.71E-14,181,Car5,DSim,I,F,5,1.147,NA
4/10/19,13:24:38,6,33,1,48402,48421,1.501680224,2.741095,1.217199659,29.913,11.86978,22.32,29.2425,5.586,2.74E-13,182,Car5,DSim,I,F,5,1.003,NA
4/10/19,13:34:38,7,35,2,49038,49057,1.559696814,2.84028,1.296710299,29.1655,11.857145,22.34,29.048,5.5595,2.14E-15,183,Car5,DSim,I,F,5,1.147,NA
4/10/19,13:39:38,8,36,2,49338,49357,2.122048197,3.33095,1.767959781,29.105,11.864875,22.349,28.6695,5.4565,0.782427273,184,Car5,DSim,I,F,5,1.198,NA
4/10/19,13:49:38,9,38,2,49889,49908,0.864468534,2.254355,0.684498891,30.624,11.83949,22.35,29.06,5.6295,-4.28E-15,185,Car5,DSim,I,M,5,0.457,NA
4/10/19,13:54:38,10,39,2,50078,50097,1.032176876,2.42674,0.851971536,29.378,11.84422,22.35,29.2915,5.6945,-4.28E-15,186,Car5,DSim,I,M,5,0.609,NA
4/10/19,14:04:38,11,41,2,50774,50793,0.983258356,2.376275,0.798858844,29.848,11.81589,22.37,28.56,5.5205,0,187,Car5,DSim,I,M,5,0.622,NA
4/10/19,14:09:38,12,42,2,51086,51105,1.055411432,2.457465,0.882480967,29.0015,11.84871,22.3605,28.418,5.458,-4.28E-15,188,Car5,DSim,I,M,5,0.645,NA
4/10/19,14:19:38,13,44,2,51654,51673,1.318451348,2.657075,1.078445582,29.6475,11.798625,22.3725,28.3145,5.4315,0,189,Car5,DSim,U,F,5,1.193,NA
4/10/19,14:24:38,14,45,2,52015,52034,1.593922442,2.886125,1.300249594,29.7285,11.82265,22.38,28.3495,5.535,-4.28E-15,190,Car5,DSim,U,F,5,1.272,NA
4/10/19,14:34:38,15,47,2,52478,52497,0.683993128,3.514615,1.92088888,8.6355,11.776805,22.376,28.7,5.5825,0,191,Car5,DSim,U,F,5,1.134,bad flow
4/10/19,14:39:38,16,48,2,52821,52840,1.490787959,2.88064,1.267847917,28.5165,11.85624,22.39,29.025,5.5125,8.57E-15,192,Car5,DSim,U,F,5,1.187,NA
4/10/19,14:49:38,1,50,2,53452,53471,1.556186875,2.929555,1.305137641,28.92,11.841,22.42,29.566,5.538,0.043095455,177,Car5,DSim,U,M,5,0.532,NA
4/10/19,14:54:38,2,51,2,53682,53701,0.9422553,2.40873,0.779120789,29.334,11.8361,22.43,29.622,5.585,-1.07E-15,178,Car5,DSim,U,M,5,0.617,NA
4/11/19,10:16:40,11,11,1,37160,37179,0.971302947,2.497795,0.794163425,29.665,11.285525,22.4,26.406,5.9165,4.28E-15,203,Car5,DSim,I,M,6,0.754,NA
4/11/19,10:21:40,12,12,1,37377,37396,1.285704338,2.744025,1.083725997,28.772,11.294635,22.39,26.3185,5.9455,1.07E-15,204,Car5,DSim,I,M,6,0.627,NA
4/11/19,10:31:40,13,14,1,37913,37932,1.193992521,2.592415,0.984432087,29.4115,11.20574,22.36,25.877,5.8845,1.61E-15,205,Car5,DSim,U,M,6,0.545,NA
4/11/19,10:36:40,14,15,1,38204,38223,1.126289788,2.46303,0.924161799,29.5515,11.2574,22.34,25.959,5.808,0,206,Car5,DSim,U,M,6,0.648,NA
4/11/19,10:46:40,15,17,1,38800,38819,1.115982636,4.20956,2.723638377,9.9345,11.23923,22.31,25.66,5.8585,0,207,Car5,DSim,U,M,6,0.526,bad flow
4/11/19,10:51:40,16,18,1,39148,39167,1.188718773,2.466135,1.016865087,28.34,11.28593,22.28,25.7215,5.785,4.28E-15,208,Car5,DSim,U,M,6,0.62,NA
4/11/19,11:01:40,1,20,1,39772,39791,1.504567098,2.687025,1.271163013,28.695,11.356145,22.29,25.9015,5.823,4.28E-15,193,Car5,DSim,I,F,6,1.101,NA
4/11/19,11:06:40,2,21,1,40154,40173,1.333741143,2.48512,1.108332772,29.1775,11.37059,22.32,26.06,5.8635,-5.36E-16,194,Car5,DSim,I,F,6,0.776,NA
4/11/19,11:16:40,3,23,1,40759,40778,1.456074399,2.580625,1.225291728,28.817,11.373085,22.36,25.529,5.746,1.61E-15,195,Car5,DSim,I,F,6,0.884,NA
4/11/19,11:21:40,4,24,1,41027,41046,1.716794137,2.783695,1.446818393,28.7745,11.3541,22.36,25.32,5.942,-4.28E-15,196,Car5,DSim,I,F,6,0.807,NA
4/11/19,11:31:40,5,26,1,41600,41619,1.603066496,2.63338,1.31591167,29.5415,11.348045,22.36,25.381,5.9425,1.34E-16,197,Car5,DSim,U,F,6,1.144,NA
4/11/19,11:36:40,6,27,1,41929,41948,1.897291681,2.84232,1.548478573,29.714,11.399365,22.3785,25.6845,5.8795,4.28E-15,198,Car5,DSim,U,F,6,1.252,NA
4/11/19,11:46:40,7,29,1,42400,42419,1.804276121,2.796145,1.510877076,28.9605,11.28934,22.38,24.9805,5.832,0.380713636,199,Car5,DSim,U,F,6,1.299,NA
4/11/19,11:51:40,8,30,1,42824,42843,2.237412323,3.143385,1.876665107,28.912,11.340175,22.37,24.684,5.8185,0,200,Car5,DSim,U,F,6,1.45,NA
4/11/19,12:01:40,9,32,1,43300,43319,1.123226158,2.154965,0.896268448,30.389,11.28915,22.3435,23.61,5.841,-1.07E-15,201,Car5,DSim,I,M,6,0.598,NA
4/11/19,12:06:40,10,33,1,43748,43767,0.880649578,1.969685,0.731859117,29.179,11.409235,22.35,23.5165,5.9185,4.28E-15,202,Car5,DSim,I,M,6,0.469,NA
4/11/19,12:16:40,11,35,2,44358,44377,0.906406927,1.95761,0.742106505,29.6185,11.339755,22.36,23.397,5.8135,0,203,Car5,DSim,I,M,6,0.754,NA
4/11/19,12:21:40,12,36,2,44660,44679,1.153306942,2.16346,0.970352597,28.8225,11.378275,22.3675,23.41,5.998,0.093090909,204,Car5,DSim,I,M,6,0.627,NA
4/11/19,12:31:40,13,38,2,45234,45253,1.106339914,2.10305,0.911852893,29.4225,11.362685,22.37,23.65,5.8915,0.416695455,205,Car5,DSim,U,M,6,0.545,NA
4/11/19,12:36:40,14,39,2,45443,45462,1.180391388,2.160315,0.970074283,29.508,11.37146,22.37,23.5845,5.926,-2.14E-15,206,Car5,DSim,U,M,6,0.648,NA
4/11/19,12:46:40,15,41,2,46000,46019,0.970373635,3.59752,2.408634573,9.7685,11.28363,22.35,23.25,5.943,0.374577273,207,Car5,DSim,U,M,6,0.526,bad flow
4/11/19,12:51:40,16,42,2,46460,46479,1.055430651,2.088605,0.902477522,28.3555,11.350765,22.32,23.3985,5.9725,0.074240909,208,Car5,DSim,U,M,6,0.62,NA
4/11/19,13:01:40,1,44,2,46989,47008,1.446993261,2.40456,1.222276862,28.703,11.375095,22.31,23.68,5.9045,6.43E-15,193,Car5,DSim,I,F,6,1.101,NA
4/11/19,13:06:40,2,45,2,47356,47375,1.147945923,2.130375,0.954453278,29.1615,11.41082,22.32,23.5175,5.8915,2.14E-15,194,Car5,DSim,I,F,6,0.776,NA
4/11/19,13:16:40,3,47,2,47909,47928,1.305867271,2.26855,1.098493132,28.8245,11.357315,22.33,23.3395,5.7095,-2.14E-15,195,Car5,DSim,I,F,6,0.884,NA
4/11/19,13:21:40,4,48,2,48257,48276,1.442360856,2.378785,1.216944217,28.7395,11.43168,22.34,23.3795,5.6525,3.43E-14,196,Car5,DSim,I,F,6,0.807,NA
4/11/19,13:31:40,5,50,2,48779,48798,1.498620698,2.385795,1.229437942,29.561,11.383305,22.38,23.2295,5.7505,-2.68E-16,197,Car5,DSim,U,F,6,1.144,NA
4/11/19,13:36:40,6,51,2,49000,49019,1.642081494,2.492965,1.342107617,29.6735,11.406455,22.399,23.181,5.901,3.43E-14,198,Car5,DSim,U,F,6,1.252,NA
4/11/19,13:46:40,7,53,2,49622,49641,1.62994972,2.507745,1.364021764,28.9835,11.31216,22.4275,22.6245,5.782,0.007486364,199,Car5,DSim,U,F,6,1.299,NA
4/11/19,13:51:41,8,54,2,50060,50079,1.881560187,2.71674,1.581408888,28.858,11.377215,22.42,22.11,5.799,-2.14E-15,200,Car5,DSim,U,F,6,1.45,NA
4/11/19,14:01:40,9,56,2,50656,50675,0.977021839,1.909885,0.780434369,30.363,11.382205,22.4095,21.831,5.7775,-1.07E-15,201,Car5,DSim,I,M,6,0.598,NA
4/11/19,14:06:40,10,57,2,50959,50978,0.968126017,1.928945,0.805541235,29.148,11.413095,22.4,21.5885,5.9315,-8.57E-15,202,Car5,DSim,I,M,6,0.469,NA
4/11/19,14:16:42,11,59,3,51409,51428,1.264190182,2.16416,1.035410157,29.6135,11.383155,22.4175,21.845,5.8165,0.292059091,203,Car5,DSim,I,M,6,0.754,NA
4/11/19,14:21:40,12,60,3,51819,51838,1.755253105,2.626115,1.480677935,28.7535,11.439845,22.43,22.117,5.7935,0.730031818,204,Car5,DSim,I,M,6,0.627,NA
4/11/19,14:31:40,13,62,3,52405,52424,1.221424351,2.151995,1.008161688,29.3925,11.474115,22.4915,21.9345,5.8585,0.873463636,205,Car5,DSim,U,M,6,0.545,NA
4/11/19,14:36:41,14,63,3,52724,52743,1.290249772,2.20192,1.063048748,29.4495,11.502065,22.53,21.88,5.7105,0,206,Car5,DSim,U,M,6,0.648,NA
4/11/19,14:46:40,15,65,3,53201,53220,0.921322698,3.445325,2.303916652,9.7035,11.424915,22.57,22.16,5.846,1.4482,207,Car5,DSim,U,M,6,0.526,bad flow
4/11/19,14:51:40,16,66,3,53621,53640,1.049383724,2.05159,0.899650595,28.3085,11.484985,22.6,22.4355,5.8165,0.193986364,208,Car5,DSim,U,M,6,0.62,NA
4/12/19,11:22:12,7,9,1,40932,40951,1.342331152,3.15347,1.128894638,28.8365,10.94859,22.38,22.82,5.7235,-1.07E-15,215,Car5,DSim,I,M,3,0.699,NA
4/12/19,11:27:12,8,10,1,41232,41251,1.953494893,3.572115,1.642944315,28.8355,11.013995,22.39,22.891,5.595,0.157463636,216,Car5,DSim,I,M,3,0.626,NA
4/12/19,11:37:12,9,12,1,41848,41867,1.758798884,3.24397,1.408922973,30.2755,10.95587,22.4,22.62,5.551,-2.68E-16,217,Car5,DSim,U,F,3,1.035,NA
4/12/19,11:42:12,10,13,1,42214,42233,1.783587184,3.224155,1.491079927,29.0105,11.006085,22.4,22.656,5.74,0,218,Car5,DSim,U,F,3,0.881,NA
4/12/19,11:52:12,11,15,1,42772,42791,2.328624761,3.58215,1.912703431,29.527,10.978745,22.3955,22.3785,5.452,0.971518182,219,Car5,DSim,U,F,3,1.077,NA
4/12/19,11:57:12,12,16,1,43180,43199,1.211704023,2.599185,1.024216218,28.6915,10.99529,22.39,21.949,5.539,5.36E-16,220,Car5,DSim,U,F,3,0.888,NA
4/12/19,12:07:12,13,18,1,43667,43686,1.1475442,2.49308,0.948187238,29.3535,11.0166,22.41,21.87,5.4975,2.14E-15,221,Car5,DSim,U,M,3,0.62,NA
4/12/19,12:12:12,14,19,1,44077,44096,1.3895903,2.629175,1.146835058,29.3885,11.00677,22.42,22.157,5.546,2.14E-15,222,Car5,DSim,U,M,3,0.68,NA
4/12/19,12:22:12,15,21,1,44532,44551,1.304961087,4.395325,2.940631052,10.7635,10.93816,22.4,21.6515,5.5765,-2.14E-15,223,Car5,DSim,U,M,3,0.656,bad flow
4/12/19,12:27:12,16,22,1,44870,44889,1.461820532,2.64766,1.255765278,28.231,10.976415,22.384,21.59,5.5625,-8.57E-15,224,Car5,DSim,U,M,3,0.663,NA
4/12/19,12:37:12,1,24,1,45456,45475,1.20548235,2.3691,1.021956009,28.604,10.95798,22.3565,21.7725,5.6265,0,209,Car5,DSim,I,F,3,0.82,NA
4/12/19,12:42:12,2,25,1,45891,45910,2.067208441,3.015465,1.726427614,29.033,11.01325,22.33,21.664,5.6485,-8.57E-15,210,Car5,DSim,I,F,3,1.152,NA
4/12/19,12:52:12,3,27,1,46353,46372,1.582937129,2.60965,1.337946977,28.6865,10.955605,22.325,21.04,5.704,-1.07E-15,211,Car5,DSim,I,F,3,0.873,NA
4/12/19,12:57:12,4,28,1,46661,46680,1.723941013,2.69784,1.459014938,28.65,11.05107,22.33,21.171,5.5255,-2.14E-15,212,Car5,DSim,I,F,3,0.877,NA
4/12/19,13:07:12,5,30,1,47391,47410,1.144572044,2.151895,0.944135081,29.3945,11.018965,22.33,20.239,5.603,0.056909091,213,Car5,DSim,I,M,3,0.43,NA
4/12/19,13:12:12,6,31,1,47540,47559,0.971108606,1.995235,0.795828372,29.5875,10.99666,22.33,19.9605,5.5255,-4.28E-15,214,Car5,DSim,I,M,3,0.521,NA
4/12/19,13:22:12,7,33,2,48165,48184,1.170401914,2.170925,0.982621886,28.879,11.009915,22.31,19.46,5.527,8.57E-15,215,Car5,DSim,I,M,3,0.699,NA
4/12/19,13:27:12,8,34,2,48533,48552,1.117938675,2.12602,0.942485049,28.76,11.0603,22.32,19.1175,5.6975,-1.37E-13,216,Car5,DSim,I,M,3,0.626,NA
4/12/19,13:37:12,9,36,2,49037,49056,1.522073394,2.394495,1.21843262,30.2855,10.95087,22.29,18.4825,5.582,1.07E-15,217,Car5,DSim,U,F,3,1.035,NA
4/12/19,13:42:12,10,37,2,49334,49353,1.520217702,2.42998,1.268458517,29.0555,10.996705,22.29,18.5195,5.54,-4.28E-15,218,Car5,DSim,U,F,3,0.881,NA
4/12/19,13:52:12,11,39,2,50030,50049,1.520087259,2.390945,1.249940703,29.4785,10.97025,22.24,18.19,5.564,0.194822727,219,Car5,DSim,U,F,3,1.077,NA
4/12/19,13:57:12,12,40,2,50391,50410,1.151537403,2.09533,0.973869707,28.6615,10.997325,22.24,18.15,5.4835,1.07E-15,220,Car5,DSim,U,F,3,0.888,NA
4/12/19,14:07:12,13,42,2,50924,50943,1.025924502,1.96055,0.848931219,29.2935,10.940435,22.24,17.8095,5.6845,4.28E-15,221,Car5,DSim,U,M,3,0.62,NA
4/12/19,14:12:12,14,43,2,51191,51210,1.212381402,2.099605,0.999229386,29.4095,10.946995,22.23,17.5465,5.626,4.28E-15,222,Car5,DSim,U,M,3,0.68,NA
4/12/19,14:22:12,15,45,2,51732,51751,1.005133291,3.36588,2.279249462,10.6885,10.921675,22.21,17.55,5.631,2.14E-15,223,Car5,DSim,U,M,3,0.656,bad flow
4/12/19,14:27:12,16,46,2,52123,52142,1.169304588,2.06142,1.002241,28.2755,10.94957,22.19,17.6655,5.5545,0,224,Car5,DSim,U,M,3,0.663,NA
4/12/19,14:37:12,1,48,2,52718,52737,1.152308449,2.03053,0.977191982,28.578,10.91022,22.18,18.66,5.628,0,209,Car5,DSim,I,F,3,0.82,NA
4/12/19,14:42:12,2,49,2,53061,53080,1.473463163,2.281285,1.228471609,29.066,10.961585,22.16,18.65,5.612,8.57E-15,210,Car5,DSim,I,F,3,1.152,NA
4/12/19,14:52:12,3,51,2,53532,53551,1.381251805,2.215605,1.167363443,28.674,10.97065,22.163,19.176,5.672,0,211,Car5,DSim,I,F,3,0.873,NA
4/12/19,14:57:12,4,52,2,53900,53919,1.518541608,2.31818,1.282754186,28.6885,11.04586,22.17,19.124,5.421,2.14E-15,212,Car5,DSim,I,F,3,0.877,NA
4/12/19,15:07:12,5,54,2,54530,54549,1.41012443,2.19959,1.162078392,29.4095,10.94515,22.2,18.073,5.497,0.372204545,213,Car5,DSim,I,M,3,0.43,NA
4/12/19,15:12:12,6,55,2,54732,54751,1.133570102,1.97292,0.93044874,29.527,10.925455,22.2,17.907,5.4935,1.075427273,214,Car5,DSim,I,M,3,0.521,NA
4/16/19,11:06:54,3,9,1,40100,40119,2.056956205,3.61344,1.853065538,26.936,10.85894,22.56,24.318,0.032,1.61E-15,227,Car5,DSim,U,F,4,0.9,NA
4/16/19,11:11:54,4,10,1,40339,40358,1.612359976,3.21429,1.452907894,26.927,10.84399,22.536,24.61,0.042,-1.34E-16,228,Car5,DSim,U,F,4,0.913,NA
4/16/19,11:21:54,5,12,1,40953,40972,1.304316904,2.908795,1.14396138,27.6595,10.724175,22.478,25.4305,5.7945,8.57E-15,229,Car5,DSim,U,M,4,0.602,NA
4/16/19,11:26:54,6,13,1,41323,41342,1.166366648,2.79159,1.02051515,27.721,10.69082,22.42,25.243,5.929,0,230,Car5,DSim,U,M,4,0.692,NA
4/16/19,11:36:54,7,15,1,41909,41928,0.973732799,2.64717,0.872293586,27.0705,10.698825,22.3735,25.255,5.727,4.28E-15,231,Car5,DSim,U,M,4,0.516,NA
4/16/19,11:41:54,8,16,1,42163,42182,1.072077667,2.738325,0.960302111,27.0725,10.71185,22.365,25.4605,5.887,0,232,Car5,DSim,U,M,4,0.589,NA
4/16/19,11:51:54,9,18,1,42820,42839,0.93066421,2.57383,0.794789134,28.3965,10.71382,22.37,25.727,5.8605,1.07E-15,233,Car5,DSim,I,M,4,0.515,NA
4/16/19,11:56:54,10,19,1,43172,43191,1.005521082,2.67169,0.893358725,27.296,10.779875,22.38,26.197,5.8545,-5.36E-16,234,Car5,DSim,I,M,4,0.477,NA
4/16/19,12:06:54,11,21,1,43725,43744,0.85499529,2.534355,0.747406713,27.743,10.707335,22.39,26.2425,5.859,-1.07E-15,235,Car5,DSim,I,M,4,0.466,NA
4/16/19,12:11:54,12,22,1,43933,43952,0.952811684,2.653015,0.858594112,26.914,10.71394,22.4,26.056,5.7945,-8.57E-15,236,Car5,DSim,I,M,4,0.531,NA
4/16/19,12:21:54,13,24,1,44651,44670,1.326643811,2.97296,1.168735379,27.53,10.64835,22.4025,25.5,5.892,0.279840909,237,Car5,DSim,I,F,4,0.569,NA
4/16/19,12:26:54,14,25,1,44868,44887,1.396510207,3.03575,1.227945183,27.581,10.62913,22.39,25.2355,5.869,2.14E-15,238,Car5,DSim,I,F,4,0.838,NA
4/16/19,12:36:54,15,27,1,45414,45433,1.502255664,5.36306,3.548990107,10.265,10.59996,22.36,24.9015,5.7215,0.251431818,239,Car5,DSim,I,F,4,1.034,bad flow
4/16/19,12:41:54,16,28,1,45874,45893,1.396671929,3.103015,1.273459664,26.595,10.63186,22.35,24.83,0.0415,-8.57E-15,240,Car5,DSim,I,F,4,0.919,NA
4/16/19,12:51:54,1,30,1,46430,46449,2.124281993,3.742375,1.915657831,26.8835,10.563285,22.2855,24.7,0.0515,0.602031818,225,Car5,DSim,U,F,4,1.111,NA
4/16/19,12:56:54,2,31,1,46631,46650,1.595611228,3.2453,1.421168383,27.215,10.534585,22.24,24.7,0.0555,-1.07E-15,226,Car5,DSim,U,F,4,0.938,NA
4/16/19,13:06:54,3,33,2,47258,47277,1.615545447,3.274935,1.450838471,26.986,10.51354,22.1815,24.8205,0.0625,1.07E-15,227,Car5,DSim,U,F,4,0.9,NA
4/16/19,13:11:54,4,34,2,47514,47533,1.252546298,2.9529,1.125960783,26.9575,10.51138,22.16,24.823,0.0295,1.07E-15,228,Car5,DSim,U,F,4,0.913,NA
4/16/19,13:21:54,5,36,2,48213,48232,1.104810169,2.80461,0.968048318,27.651,10.50697,22.1,25,0.071,0.303663636,229,Car5,DSim,U,M,4,0.602,NA
4/16/19,13:26:54,6,37,2,48446,48465,1.085509056,2.79164,0.947185588,27.7655,10.5066,22.09,25.07,0.067,4.28E-15,230,Car5,DSim,U,M,4,0.692,NA
4/16/19,13:36:54,7,39,2,49072,49091,0.981307219,2.73004,0.877595899,27.0865,10.48236,22.043,24.7005,0.056,4.28E-15,231,Car5,DSim,U,M,4,0.516,NA
4/16/19,13:41:54,8,40,2,49448,49467,1.113101315,2.85677,0.997644204,27.0245,10.49861,22.0185,24.64,0.0565,-2.14E-15,232,Car5,DSim,U,M,4,0.589,NA
4/16/19,13:51:54,9,42,2,49946,49965,0.861919366,2.598405,0.735022095,28.3985,10.4524,21.97,24.7265,0.07,0,233,Car5,DSim,I,M,4,0.515,NA
4/16/19,13:56:54,10,43,2,50214,50233,0.789588057,2.56981,0.700409528,27.3,10.450545,21.95,24.912,0.071,0,234,Car5,DSim,I,M,4,0.477,NA
4/16/19,14:06:54,11,45,2,50814,50833,0.746729507,2.528355,0.653087929,27.686,10.439425,21.93,24.712,0.04,0,235,Car5,DSim,I,M,4,0.466,NA
4/16/19,14:11:54,12,46,2,51192,51211,0.826325598,2.62421,0.742927875,26.9305,10.44171,21.91,24.1445,0.0365,-1.71E-14,236,Car5,DSim,I,M,4,0.531,NA
4/16/19,14:21:54,13,48,2,51768,51787,1.20339308,2.95144,1.057655761,27.5415,10.32527,21.8315,24.2165,0.032,0.116036364,237,Car5,DSim,I,F,4,0.569,NA
4/16/19,14:26:54,14,49,2,52092,52111,1.1894374,2.956345,1.043057041,27.599,10.325095,21.79,24.355,0.0305,-4.28E-15,238,Car5,DSim,I,F,4,0.838,NA
4/16/19,14:36:54,15,51,2,52614,52633,1.458600247,5.384675,3.466752069,10.1815,10.2699,21.75,24.305,0.0295,0.506659091,239,Car5,DSim,I,F,4,1.034,bad flow
4/16/19,14:41:54,16,52,2,52955,52974,1.271263686,3.07269,1.157065916,26.589,10.43391,21.762,24.834,0.0305,8.57E-15,240,Car5,DSim,I,F,4,0.919,NA
4/16/19,14:51:54,1,54,2,53653,53672,1.824395634,3.579095,1.645493459,26.8435,10.51754,21.89,25.151,0.089,0.426968182,225,Car5,DSim,U,F,4,1.111,NA
4/16/19,14:56:54,2,55,2,53931,53950,1.175292972,2.997325,1.044212998,27.254,10.50407,21.93,25.227,0.042,-2.14E-15,226,Car5,DSim,U,F,4,0.938,NA
4/17/19,10:50:17,7,9,1,39017,39036,1.283193505,2.963215,1.337715686,23.253,9.998445,22.24,29.306,5.774,0,247,Car5,DSim,I,M,5,0.524,NA
4/17/19,10:55:17,8,10,1,39317,39336,2.028368324,3.51728,2.139103005,22.985,10.027295,22.24,29.391,5.6685,-6.69E-17,248,Car5,DSim,I,M,5,0.641,NA
4/17/19,11:05:17,9,12,1,39917,39936,1.809735373,3.016505,1.853875483,23.661,9.96421,22.24,29.3365,5.8015,-1.07E-15,249,Car5,DSim,I,F,5,1.013,NA
4/17/19,11:10:17,10,13,1,40217,40236,2.692575514,3.87475,2.887742956,22.6015,9.944995,22.239,29.2655,5.8885,-5.36E-16,250,Car5,DSim,I,F,5,1.032,NA
4/17/19,11:20:17,11,15,1,40817,40836,1.618931712,2.600935,1.753922653,22.3685,9.86483,22.17,28.683,5.749,0,251,Car5,DSim,I,F,5,0.827,NA
4/17/19,11:25:17,12,16,1,41117,41136,2.286712074,3.330755,2.578185897,21.4935,9.91348,22.16,28.649,5.7665,1.07E-15,252,Car5,DSim,I,F,5,0.7,NA
4/17/19,11:35:18,13,18,1,41717,41736,1.418927603,2.260425,1.602627287,21.455,9.87664,22.155,28.21,5.812,0,253,Car5,DSim,U,M,5,0.553,NA
4/17/19,11:40:17,14,19,1,42017,42036,1.855046803,2.679285,2.117420007,21.23,9.89822,22.153,28.0005,5.915,4.02E-16,254,Car5,DSim,U,M,5,0.644,NA
4/17/19,11:50:17,15,21,1,42617,42636,0.305678279,1.65952,1.191748348,6.216,9.787715,22.12,27.8245,5.7715,0,255,Car5,DSim,U,M,5,0.595,bad flow
4/17/19,11:55:17,16,22,1,43035,43054,1.883733336,2.612755,2.273744628,20.0715,9.84001,22.087,27.9205,5.87,0.0056,256,Car5,DSim,U,M,5,0.689,NA
4/17/19,12:05:17,1,24,1,43517,43536,1.762161421,2.44084,2.141713747,19.9305,9.713075,22.06,27.364,5.8015,0,241,Car5,DSim,U,F,5,1.319,NA
4/17/19,12:10:17,2,25,1,43852,43871,2.329559699,3.069685,2.832695401,19.9215,9.761775,22.05,26.9735,5.749,-2.14E-15,242,Car5,DSim,U,F,5,1.24,NA
4/17/19,12:20:18,3,27,1,44417,44436,1.46831447,2.020175,1.818935113,19.5545,9.69133,22.049,26.65,5.769,0,243,Car5,DSim,U,F,5,0.959,NA
4/17/19,12:25:17,4,28,1,44717,44736,2.419289664,3.20244,3.026224769,19.3665,9.75766,22.06,26.3235,5.7795,5.36E-16,244,Car5,DSim,U,F,5,1.305,NA
4/17/19,12:35:17,5,30,1,45317,45336,1.106846423,1.51393,1.370002594,19.573,9.656575,22.08,26.6485,5.7335,-1.07E-15,245,Car5,DSim,I,M,5,0.51,NA
4/17/19,12:40:17,6,31,1,45617,45636,1.53333193,2.01233,1.910446367,19.445,9.71522,22.09,26.97,5.861,-2.68E-16,246,Car5,DSim,I,M,5,0.487,NA
4/17/19,12:50:17,7,33,2,46218,46237,1.062838424,1.43715,1.365137129,18.863,9.63078,22.105,27.45,5.7995,-4.28E-15,247,Car5,DSim,I,M,5,0.524,NA
4/17/19,12:55:17,8,34,2,46517,46536,1.540430416,2.046715,1.988870541,18.766,9.701265,22.11,27.7195,5.8335,0,248,Car5,DSim,I,M,5,0.641,NA
4/17/19,13:05:18,9,36,2,47118,47137,1.396821841,1.795165,1.755188123,19.284,9.61528,22.13,28.2295,5.7705,0,249,Car5,DSim,I,F,5,1.013,NA
4/17/19,13:10:18,10,37,2,47418,47437,2.036207548,2.6456,2.628470451,18.771,9.69203,22.131,28.0445,5.816,-4.28E-15,250,Car5,DSim,I,F,5,1.032,NA
4/17/19,13:20:18,11,39,2,48018,48037,1.255229422,1.6193,1.620015779,18.774,9.536975,22.1075,27.8575,5.7065,4.28E-15,251,Car5,DSim,I,F,5,0.827,NA
4/17/19,13:25:18,12,40,2,48318,48337,1.895022137,2.497955,2.510106891,18.29,9.582355,22.08,27.567,5.5995,6.43E-15,252,Car5,DSim,I,F,5,0.7,NA
4/17/19,13:35:18,13,42,2,48918,48937,1.488854154,1.913495,1.944871968,18.5415,9.4746,22.01,27.67,5.7225,0,253,Car5,DSim,U,M,5,0.553,NA
4/17/19,13:40:18,14,43,2,49345,49364,1.679835205,2.130685,2.204147595,18.4565,9.54088,21.965,27.613,5.752,1.61E-15,254,Car5,DSim,U,M,5,0.644,NA
4/17/19,13:50:18,15,45,2,49818,49837,0.203420389,0.74727,0.831493857,5.925,9.47276,21.92,27.78,5.76,6.43E-15,255,Car5,DSim,U,M,5,0.595,bad flow
4/17/19,13:55:18,16,46,2,50265,50284,1.583738455,2.03184,2.138750098,17.9305,9.626215,21.9275,27.935,5.724,-3.43E-14,256,Car5,DSim,U,M,5,0.689,NA
4/17/19,14:05:18,1,48,2,50718,50737,1.488411111,1.909565,2.01716547,17.8665,9.502875,21.94,27.5475,5.9195,2.14E-15,241,Car5,DSim,U,F,5,1.319,NA
4/17/19,14:10:18,2,49,2,51121,51140,2.108119101,2.74061,2.846805251,17.933,9.60524,21.96,26.446,5.6775,0,242,Car5,DSim,U,F,5,1.24,NA
4/17/19,14:20:18,3,51,2,51618,51637,1.141790132,1.444625,1.554461,17.788,9.45251,21.98,24.379,5.878,0,243,Car5,DSim,U,F,5,0.959,NA
4/17/19,14:25:18,4,52,2,51918,51937,2.093928467,2.745765,2.864542436,17.7035,9.54845,21.98,24.0975,5.694,0,244,Car5,DSim,U,F,5,1.305,NA
4/17/19,14:35:18,5,54,2,52518,52537,0.964876163,1.17108,1.295656303,18.0375,9.458265,22.02,24.6405,5.7245,0,245,Car5,DSim,I,M,5,0.51,NA
4/17/19,14:40:18,6,55,2,52866,52885,1.266263992,1.574315,1.700853162,18.034,9.539355,22.04,25.675,5.845,-5.36E-16,246,Car5,DSim,I,M,5,0.487,NA
4/18/19,11:00:09,7,10,1,39614,39633,1.393712564,1.78973,1.364679206,24.7555,10.09773,22.24,25.4055,5.6165,-5.36E-16,263,Car5,DSim,I,M,6,0.62,NA
4/18/19,11:05:09,8,11,1,39909,39928,1.381775783,1.69509,1.355096633,24.717,10.11968,22.24,25.281,5.5405,-2.68E-16,264,Car5,DSim,I,M,6,0.609,NA
4/18/19,11:15:09,9,13,1,40510,40529,1.410511008,1.58488,1.32274511,25.8445,10.025915,22.2,24.7,5.684,-5.36E-16,265,Car5,DSim,U,M,6,0.61,NA
4/18/19,11:20:09,10,14,1,40809,40828,1.4814396,1.634815,1.439093617,24.948,10.04009,22.18,24.889,5.633,-2.68E-16,266,Car5,DSim,U,M,6,0.731,NA
4/18/19,11:30:09,11,16,1,41536,41555,1.326319792,1.395635,1.276023761,25.19,10.071675,22.18,24.94,5.5525,2.14E-15,267,Car5,DSim,U,M,6,0.551,NA
4/18/19,11:35:09,12,17,1,41709,41728,1.600944645,2.94952,2.855849328,13.586,10.092175,22.19,25.0715,5.5425,0,268,Car5,DSim,U,M,6,0.646,bad flow
4/18/19,11:45:09,13,19,1,42452,42471,1.799523817,1.771565,1.741616076,25.0405,10.04008,22.18,24.82,5.5205,0,269,Car5,DSim,I,F,6,1.144,NA
4/18/19,11:50:09,14,20,1,42768,42787,1.697029191,1.629445,1.643916966,25.017,10.045625,22.171,24.77,5.6655,0,270,Car5,DSim,I,F,6,0.653,NA
4/18/19,12:00:09,15,22,1,43209,43228,0.380655662,1.467885,1.495194766,6.1705,9.962675,22.16,24.82,5.7435,-8.57E-15,271,Car5,DSim,I,F,6,1.042,bad flow
4/18/19,12:05:09,16,23,1,43669,43688,1.605417572,1.49503,1.562698244,24.8965,10.06533,22.17,24.58,5.747,8.57E-15,272,Car5,DSim,I,F,6,0.898,NA
4/18/19,12:15:09,1,25,1,44200,44219,1.961344419,1.86415,1.947336059,24.41,10.072885,22.1895,24.71,5.6145,8.57E-15,257,Car5,DSim,U,F,6,1.323,NA
4/18/19,12:20:09,2,26,1,44485,44504,1.676665918,1.54564,1.647805799,24.6615,10.112135,22.207,24.38,5.66,0.003409091,258,Car5,DSim,U,F,6,1.077,NA
4/18/19,12:30:09,3,28,1,45109,45128,1.66361394,1.530895,1.649771973,24.443,10.049195,22.24,24.03,5.595,5.36E-16,259,Car5,DSim,U,F,6,1.04,NA
4/18/19,12:35:09,4,29,1,45380,45399,1.871247728,1.726965,1.858222348,24.4095,10.111425,22.24,24.2265,5.6435,-2.14E-15,260,Car5,DSim,U,F,6,1.076,NA
4/18/19,12:45:09,5,31,1,45937,45956,1.045372774,0.874355,1.013020809,25.018,10.04089,22.29,23.9535,5.706,-1.07E-15,261,Car5,DSim,I,M,6,0.648,NA
4/18/19,12:50:09,6,32,1,46209,46228,1.497766906,1.304105,1.447793886,25.081,10.0946,22.31,23.7635,5.6005,0.873381818,262,Car5,DSim,I,M,6,0.51,NA
4/18/19,13:00:09,7,34,2,46843,46862,1.181068608,1.01641,1.168334121,24.513,10.02909,22.35,23.4135,5.5915,2.14E-15,263,Car5,DSim,I,M,6,0.62,NA
4/18/19,13:05:09,8,35,2,47109,47128,1.15118718,0.982555,1.142784578,24.428,10.09112,22.36,23.34,5.638,5.36E-16,264,Car5,DSim,I,M,6,0.609,NA
4/18/19,13:15:09,9,37,2,47869,47888,1.316491725,1.07687,1.250296664,25.5355,10.104695,22.384,23.29,5.7045,-4.28E-15,265,Car5,DSim,U,M,6,0.61,NA
4/18/19,13:20:09,10,38,2,48064,48083,1.348660727,1.14663,1.325381073,24.678,10.14441,22.39,23.3245,5.7285,0,266,Car5,DSim,U,M,6,0.731,NA
4/18/19,13:30:09,11,40,2,48763,48782,1.139318799,0.92711,1.10793309,24.9425,10.14975,22.431,23.6925,5.7395,-4.28E-15,267,Car5,DSim,U,M,6,0.551,NA
4/18/19,13:35:09,12,41,2,48909,48928,1.537746438,2.592055,2.7723351,13.4545,10.18014,22.46,23.598,5.661,1.71E-14,268,Car5,DSim,U,M,6,0.646,bad flow
4/18/19,13:45:09,13,43,2,49631,49650,1.56181456,1.341535,1.529234983,24.78,10.1997,22.525,24.1195,5.7535,0,269,Car5,DSim,I,F,6,1.144,NA
4/18/19,13:50:09,14,44,2,49940,49959,1.551927538,1.319945,1.517535774,24.8145,10.268725,22.5445,23.86,5.7,0.310486364,270,Car5,DSim,I,F,6,0.653,NA
4/18/19,14:00:09,15,46,2,50409,50428,0.312101562,1.043355,1.24469559,6.0885,10.1795,22.61,23.687,5.735,0,271,Car5,DSim,I,F,6,1.042,bad flow
4/18/19,14:05:09,16,47,2,50842,50861,1.497374392,1.2621,1.471858073,24.695,10.33661,22.66,23.748,5.741,0.188122727,272,Car5,DSim,I,F,6,0.898,NA
4/18/19,14:15:09,1,49,2,51312,51331,1.872613145,1.667165,1.877835931,24.2115,10.24586,22.72,23.553,5.6275,-1.71E-14,257,Car5,DSim,U,F,6,1.323,NA
4/18/19,14:20:09,2,50,2,51769,51788,1.639855031,1.414895,1.626267129,24.487,10.388945,22.78,23.4,5.6805,3.21E-15,258,Car5,DSim,U,F,6,1.077,NA
4/18/19,14:30:09,3,52,2,52369,52388,1.538815539,1.336265,1.54322485,24.221,10.389585,22.859,23.3415,5.704,-1.07E-15,259,Car5,DSim,U,F,6,1.04,NA
4/18/19,14:35:09,4,53,2,52512,52531,2.074265581,1.87909,2.083863183,24.1795,10.41007,22.87,23.4595,5.7395,-2.14E-15,260,Car5,DSim,U,F,6,1.076,NA
4/18/19,14:45:09,5,55,2,53187,53206,0.935245385,0.713915,0.916447144,24.7985,10.41879,22.973,23.81,5.5745,1.07E-15,261,Car5,DSim,I,M,6,0.648,NA
4/18/19,14:50:09,6,56,2,53409,53428,1.755162484,1.509675,1.712533433,24.907,10.45572,23.0055,23.797,5.533,1.968759091,262,Car5,DSim,I,M,6,0.51,NA
4/22/19,11:14:50,7,9,1,40620,40639,1.939698073,2.35982,2.061402914,22.835,10.11295,22.58,28,5.7745,-2.14E-15,279,Car5,DSim,I,F,3,0.827,NA
4/22/19,11:19:50,8,10,1,40795,40814,1.697296362,2.05269,1.805193764,22.817,10.11092,22.58,27.9745,5.61,1.07E-15,280,Car5,DSim,I,F,3,0.648,NA
4/22/19,11:29:50,9,12,1,41519,41538,1.687549718,1.84271,1.72014393,23.807,10.03901,22.57,27.69,5.8205,0,281,Car5,DSim,U,F,3,0.73,NA
4/22/19,11:34:50,10,13,1,41779,41798,1.543820821,1.668115,1.623060679,23.0805,10.019285,22.5515,27.805,5.731,2.68E-16,282,Car5,DSim,U,F,3,0.597,NA
4/22/19,11:44:51,11,15,1,42312,42331,1.809592732,1.87632,1.883245422,23.313,9.930085,22.51,28.09,5.7185,0,283,Car5,DSim,U,F,3,0.907,NA
4/22/19,11:49:50,12,16,1,42638,42657,1.975291909,2.03999,2.107525242,22.7365,9.97025,22.47,28.2755,5.6565,8.03E-16,284,Car5,DSim,U,F,3,0.894,NA
4/22/19,11:59:50,13,18,1,43222,43241,1.27066585,1.212595,1.328064788,23.207,9.93288,22.43,28.42,5.7945,0,285,Car5,DSim,U,M,3,0.538,NA
4/22/19,12:04:50,14,19,1,43513,43532,1.307172214,1.204705,1.365508413,23.2185,9.98858,22.423,28.742,5.555,4.02E-16,286,Car5,DSim,U,M,3,0.639,NA
4/22/19,12:14:50,15,21,1,44091,44110,0.771748995,2.321485,2.515721996,7.441,9.963935,22.4275,28.863,5.7445,4.28E-15,287,Car5,DSim,U,M,3,0.453,bad flow
4/22/19,12:19:50,16,22,1,44390,44409,1.248928636,1.092755,1.311573428,23.0965,10.02767,22.4275,29.0255,5.653,-4.28E-15,288,Car5,DSim,U,M,3,0.535,NA
4/22/19,12:29:51,1,24,1,44991,45010,1.251444141,1.0912,1.335261102,22.7335,9.99255,22.44,29.2715,5.7765,5.36E-16,273,Car5,DSim,I,M,3,0.501,NA
4/22/19,12:34:50,2,25,1,45291,45310,1.154203193,0.949925,1.220289189,22.9445,10.039955,22.469,29.281,5.748,0,274,Car5,DSim,I,M,3,0.503,NA
4/22/19,12:44:50,3,27,1,45895,45914,1.172707947,0.953485,1.251633217,22.73,9.95461,22.485,29.5085,5.7505,6.69E-17,275,Car5,DSim,I,M,3,0.559,NA
4/22/19,12:49:50,4,28,1,46331,46350,1.130677185,0.868445,1.208484172,22.699,10.077645,22.5,29.111,5.769,0,276,Car5,DSim,I,M,3,0.475,NA
4/22/19,12:59:50,5,30,1,46875,46894,1.591787363,1.30789,1.660732047,23.2555,10.03231,22.52,29.4615,5.734,6.43E-15,277,Car5,DSim,I,F,3,0.771,NA
4/22/19,13:04:50,6,31,1,47195,47214,1.175094098,0.853085,1.220941822,23.354,10.095255,22.55,29.618,5.565,1.07E-15,278,Car5,DSim,I,F,3,0.586,NA
4/22/19,13:14:51,7,33,2,47727,47746,1.509055497,1.231715,1.60466834,22.8235,10.034625,22.6025,29.8975,5.755,0,279,Car5,DSim,I,F,3,0.827,NA
4/22/19,13:19:50,8,34,2,48038,48057,1.415385567,1.12988,1.50670002,22.8,10.127515,22.62,29.3965,5.638,-8.57E-15,280,Car5,DSim,I,F,3,0.648,NA
4/22/19,13:29:50,9,36,2,48745,48764,1.426366369,1.05793,1.453450556,23.822,10.066495,22.66,29.0995,0.0435,-5.36E-16,281,Car5,DSim,U,F,3,0.73,NA
4/22/19,13:34:50,10,37,2,48911,48930,1.377522533,1.045595,1.451145527,23.0425,10.053985,22.66,29.128,0.0435,0,282,Car5,DSim,U,F,3,0.597,NA
4/22/19,13:44:51,11,39,2,49650,49669,1.400491437,1.052585,1.463696022,23.226,10.07975,22.66,29.5185,5.5475,8.57E-15,283,Car5,DSim,U,F,3,0.907,NA
4/22/19,13:49:51,12,40,2,49951,49970,1.677116798,1.387335,1.794886085,22.6815,10.139895,22.66,29.248,5.8155,2.14E-15,284,Car5,DSim,U,F,3,0.894,NA
4/22/19,13:59:51,13,42,2,50405,50424,1.584206948,1.24151,1.66079838,23.157,10.063655,22.69,28.744,5.6065,1.203513636,285,Car5,DSim,U,M,3,0.538,NA
4/22/19,14:04:51,14,43,2,50783,50802,1.192048451,0.79851,1.249012096,23.1695,10.09973,22.69,28.5345,5.52,0,286,Car5,DSim,U,M,3,0.639,NA
4/22/19,14:14:51,15,45,2,51291,51310,0.584301547,1.478005,1.934565728,7.3335,10.02871,22.6945,28.3785,0.0495,-6.43E-15,287,Car5,DSim,U,M,3,0.453,bad flow
4/22/19,14:19:51,16,46,2,51662,51681,1.144283061,0.7489,1.204483794,23.065,10.18599,22.7125,28.129,5.4115,8.57E-15,288,Car5,DSim,U,M,3,0.535,NA
4/22/19,14:29:50,1,48,2,52199,52218,1.040680185,0.65723,1.114932103,22.6615,10.04431,22.711,27.6225,5.6635,2.14E-15,273,Car5,DSim,I,M,3,0.501,NA
4/22/19,14:34:51,2,49,2,52617,52636,1.058619372,0.65977,1.124648074,22.8545,10.153795,22.73,27.759,5.7375,1.34E-16,274,Car5,DSim,I,M,3,0.503,NA
4/22/19,14:44:51,3,51,2,53103,53122,1.03453091,0.635985,1.105639916,22.7205,10.045815,22.76,27.4565,5.6955,-2.14E-15,275,Car5,DSim,I,M,3,0.559,NA
4/22/19,14:49:51,4,52,2,53504,53523,1.099191315,0.694805,1.175880795,22.698,10.19437,22.76,27.74,5.6745,-8.57E-15,276,Car5,DSim,I,M,3,0.475,NA
4/22/19,14:59:51,5,54,2,54054,54073,1.390190008,0.96708,1.453211792,23.23,10.122245,22.78,28.14,5.6615,6.43E-15,277,Car5,DSim,I,F,3,0.771,NA
4/22/19,15:04:51,6,55,2,54442,54461,1.09020877,0.643475,1.136554152,23.2935,10.21978,22.78,28.14,5.7285,4.28E-15,278,Car5,DSim,I,F,3,0.586,NA
4/22/19,15:14:51,7,57,3,55047,55066,1.340316184,0.93318,1.43012048,22.7595,10.1691,22.79,28.105,5.5525,0,279,Car5,DSim,I,F,3,0.827,NA
4/22/19,15:19:51,8,58,3,55349,55368,1.188073778,0.766315,1.266989571,22.7715,10.210435,22.7885,28.3495,5.5125,0,280,Car5,DSim,I,F,3,0.648,NA
4/25/19,11:19:11,5,6,1,40779,40798,1.089010888,1.00899,1.168352898,22.627,13.882905,22.68,21.86,5.5835,1.07E-15,293,mau31,mauritiana,U,M,3,0.413,NA
4/25/19,11:24:11,6,7,1,41051,41070,1.318493461,1.175835,1.409191494,22.712,14.068615,22.6575,22.06,5.7395,-1.07E-15,294,mau31,mauritiana,U,M,3,0.573,NA
4/25/19,11:34:11,7,9,1,41720,41739,1.547907023,1.358695,1.690103971,22.228,13.893855,22.6065,22.2,5.6295,-2.14E-15,295,mau31,mauritiana,U,M,3,0.606,NA
4/25/19,11:39:11,8,10,1,41990,42009,1.210797733,0.921895,1.323956233,22.193,14.033675,22.57,22.24,5.752,-4.28E-15,296,mau31,mauritiana,U,M,3,0.584,NA
4/25/19,11:49:11,9,12,1,42618,42637,1.608990558,1.21867,1.683233305,23.194,13.90378,22.5375,22.16,5.6605,1.07E-15,297,mau31,mauritiana,I,F,3,0.884,NA
4/25/19,11:54:11,10,13,1,42865,42884,1.232728767,0.83054,1.330743555,22.476,14.01712,22.5265,22.186,5.6745,0,298,mau31,mauritiana,I,F,3,0.844,NA
4/25/19,12:04:11,11,15,1,43535,43554,1.393298278,0.94493,1.490330268,22.683,13.910445,22.5165,22.121,5.683,0,299,mau31,mauritiana,I,F,3,0.802,NA
4/25/19,12:09:11,12,16,1,43751,43770,0.838987197,2.251435,2.819860997,7.219,14.005925,22.52,22.28,5.721,0,300,mau31,mauritiana,I,F,3,0.862,bad flow
4/25/19,12:19:11,13,18,1,44470,44489,1.181995092,0.65632,1.271077185,22.562,13.96928,22.5165,21.723,5.5595,-2.68E-16,301,mau31,mauritiana,I,M,3,0.577,NA
4/25/19,12:24:11,14,19,1,44669,44688,1.109033332,0.55356,1.190949842,22.5935,14.0499,22.5145,21.4945,5.601,-2.68E-16,302,mau31,mauritiana,I,M,3,0.55,NA
4/25/19,12:34:11,15,21,1,45251,45270,1.299949378,2.064845,2.732241027,11.543,13.78449,22.51,21.1855,5.7875,0,303,mau31,mauritiana,I,M,3,0.557,bad flow
4/25/19,12:39:11,16,22,1,45551,45570,1.139834304,0.532225,1.229217464,22.4975,14.028435,22.51,21.1315,5.6435,2.14E-15,304,mau31,mauritiana,I,M,3,0.521,NA
4/25/19,12:49:11,1,24,1,46174,46193,1.112004286,0.496165,1.221557525,22.086,13.86954,22.51,20.573,5.638,1.07E-15,289,mau31,mauritiana,U,F,3,0.76,NA
4/25/19,12:54:11,2,25,1,46584,46603,1.396689825,0.76273,1.519519313,22.303,14.22344,22.54,19.638,5.6875,6.69E-17,290,mau31,mauritiana,U,F,3,0.841,NA
4/25/19,13:04:11,3,27,1,47077,47096,1.593558849,0.980645,1.748429131,22.121,13.99108,22.62,19.389,5.5805,0.542890909,291,mau31,mauritiana,U,F,3,0.875,NA
4/25/19,13:09:11,4,28,1,47374,47393,1.325193511,0.672255,1.455700366,22.0975,14.226915,22.653,19.4625,5.645,1.07E-15,292,mau31,mauritiana,U,F,3,0.864,NA
4/25/19,13:19:11,5,30,2,47997,48016,0.848592058,0.112805,0.910588927,22.623,14.02469,22.6775,18.93,5.613,0,293,mau31,mauritiana,U,M,3,0.413,NA
4/25/19,13:24:11,6,31,2,48400,48419,1.067174547,0.329035,1.142005268,22.686,14.26807,22.69,18.8885,5.486,-5.14E-14,294,mau31,mauritiana,U,M,3,0.573,NA
4/25/19,13:34:11,7,33,2,48936,48955,1.550870902,0.872645,1.696644454,22.192,14.15559,22.71,18.728,5.714,0,295,mau31,mauritiana,U,M,3,0.606,NA
4/25/19,13:39:11,8,34,2,49209,49228,1.042726741,0.30424,1.14129341,22.1815,14.296295,22.71,18.55,5.609,-8.57E-15,296,mau31,mauritiana,U,M,3,0.584,NA
4/25/19,13:49:11,9,36,2,49819,49838,1.406939007,0.633945,1.47862998,23.1025,14.1405,22.73,18.1775,5.6065,-4.28E-15,297,mau31,mauritiana,I,F,3,0.884,NA
4/25/19,13:54:11,10,37,2,50142,50161,1.119871124,0.362745,1.211191513,22.451,14.317535,22.75,17.925,5.547,-4.28E-15,298,mau31,mauritiana,I,F,3,0.844,NA
4/25/19,14:04:11,11,39,2,50731,50750,1.314658583,0.5522,1.4077082,22.6775,14.195655,22.76,17.67,5.6425,0,299,mau31,mauritiana,I,F,3,0.802,NA
4/25/19,14:09:11,12,40,2,50951,50970,0.665112072,1.371455,2.233418814,7.2315,14.293535,22.77,17.668,5.6345,0,300,mau31,mauritiana,I,F,3,0.862,bad flow
4/25/19,14:19:11,13,42,2,51603,51622,1.071721126,0.28143,1.15431768,22.5465,14.180485,22.78,16.92,5.6945,2.14E-15,301,mau31,mauritiana,I,M,3,0.577,NA
4/25/19,14:24:11,14,43,2,51924,51943,0.990130219,0.182825,1.066236011,22.552,14.414515,22.8,16.7355,5.52,-2.68E-16,302,mau31,mauritiana,I,M,3,0.55,NA
4/25/19,14:34:11,15,45,2,52451,52470,1.135725414,1.509605,2.400445455,11.491,14.09954,22.82,16.4825,5.6835,-4.28E-15,303,mau31,mauritiana,I,M,3,0.557,bad flow
4/25/19,14:39:11,16,46,2,52755,52774,1.0465492,0.23399,1.134844586,22.3985,14.36851,22.83,16.265,5.695,0,304,mau31,mauritiana,I,M,3,0.521,NA
4/25/19,14:49:11,1,48,2,53496,53515,1.078975281,0.275285,1.188070625,22.0615,14.464625,22.879,15.4395,0.045,0,289,mau31,mauritiana,U,F,3,0.76,NA
4/25/19,14:54:11,2,49,2,53703,53722,1.285785512,0.485205,1.40287663,22.2675,14.578305,22.9175,15.39,0.0545,-2.68E-16,290,mau31,mauritiana,U,F,3,0.841,NA
4/26/19,11:19:58,9,11,1,40930,40949,1.698428245,1.234485,1.788197194,23.0525,13.810225,22.62,23.46,5.54,0,313,mau31,mauritiana,I,F,4,0.833,NA
4/26/19,11:24:58,10,12,1,41176,41195,1.772971099,1.30461,1.922491762,22.384,13.89578,22.63,23.456,5.5475,4.28E-15,314,mau31,mauritiana,I,F,4,0.82,NA
4/26/19,11:34:58,11,14,1,41698,41717,1.702733776,1.155325,1.827858063,22.611,13.544715,22.65,23.7145,5.5805,-1.07E-15,315,mau31,mauritiana,I,F,4,0.878,NA
4/26/19,11:39:58,12,15,1,42147,42166,1.868224893,1.278405,2.057669532,22.0385,13.842705,22.65,24.2695,5.5155,-1.34E-16,316,mau31,mauritiana,I,F,4,0.912,NA
4/26/19,11:49:58,13,17,1,42603,42622,1.240200601,0.53455,1.34013629,22.4625,13.552505,22.64,24.49,5.44,0,317,mau31,mauritiana,U,M,4,0.551,NA
4/26/19,11:54:58,14,18,1,43058,43077,1.224792592,0.445215,1.32336015,22.464,13.861065,22.6315,24.95,5.433,-2.68E-16,318,mau31,mauritiana,U,M,4,0.555,NA
4/26/19,12:04:58,15,20,1,43498,43517,1.266941217,2.217925,3.112885253,9.8795,13.588495,22.64,25.701,5.5615,2.14E-15,319,mau31,mauritiana,U,M,4,0.617,bad flow
4/26/19,12:09:58,16,21,1,43869,43888,1.168567566,0.329205,1.26799808,22.37,13.85314,22.65,25.64,5.664,0,320,mau31,mauritiana,U,M,4,0.53,NA
4/26/19,12:19:58,1,23,1,44500,44519,1.216808261,0.369915,1.342593557,21.9985,13.766815,22.64,25.79,5.611,-1.07E-15,305,mau31,mauritiana,I,M,4,0.617,NA
4/26/19,12:24:58,2,24,1,44745,44764,1.202478006,0.31883,1.315053874,22.195,13.896165,22.645,26.03,5.584,1.07E-15,306,mau31,mauritiana,I,M,4,0.602,NA
4/26/19,12:34:58,3,26,1,45381,45400,1.316808186,0.421645,1.451257773,22.0245,13.756335,22.6495,26.695,5.6525,3.21E-15,307,mau31,mauritiana,I,M,4,0.61,NA
4/26/19,12:39:58,4,27,1,45695,45714,1.185524394,0.24493,1.306483949,22.026,13.937625,22.65,27.0215,5.4795,0,308,mau31,mauritiana,I,M,4,0.574,NA
4/26/19,12:49:58,5,29,1,46216,46235,1.305318928,0.33173,1.406676359,22.5245,13.68272,22.65,27.688,5.413,1.61E-15,309,mau31,mauritiana,U,F,4,0.791,NA
4/26/19,12:54:58,6,30,1,46646,46665,1.513098323,0.533275,1.625763775,22.592,13.957615,22.66,28.451,5.415,0,310,mau31,mauritiana,U,F,4,0.941,NA
4/26/19,13:04:58,7,32,1,47139,47158,1.055162312,0.049695,1.157121178,22.136,13.71268,22.67,28.9905,5.4865,0,311,mau31,mauritiana,U,F,4,0.887,NA
4/26/19,13:09:58,8,33,1,47398,47417,1.390943441,0.395525,1.524309611,22.1515,13.878275,22.675,29.1285,5.5515,-2.14E-15,312,mau31,mauritiana,U,F,4,0.862,NA
4/26/19,13:19:59,9,35,2,48074,48093,1.338962524,0.260515,1.410630666,23.0425,13.801185,22.68,29.37,5.5425,-2.68E-16,313,mau31,mauritiana,I,F,4,0.833,NA
4/26/19,13:24:58,10,36,2,48423,48442,1.37591608,0.331525,1.494128647,22.3575,14.10527,22.71,29.68,5.4955,1.29E-14,314,mau31,mauritiana,I,F,4,0.82,NA
4/26/19,13:34:58,11,38,2,48898,48917,1.381809889,0.32185,1.489191759,22.534,13.825665,22.794,29.448,5.5425,6.43E-15,315,mau31,mauritiana,I,F,4,0.878,NA
4/26/19,13:39:58,12,39,2,49223,49242,1.474968317,0.453415,1.628627345,21.998,14.12409,22.85,28.6675,5.6605,-1.07E-15,316,mau31,mauritiana,I,F,4,0.912,NA
4/26/19,13:49:58,13,41,2,49926,49945,1.060165068,-0.0273,1.147443192,22.447,14.029085,22.92,27.804,5.466,-1.07E-15,317,mau31,mauritiana,U,M,4,0.551,NA
4/26/19,13:54:58,14,42,2,50191,50210,1.05438507,-0.02922,1.141402953,22.4445,14.118835,22.9355,27.587,5.4355,0,318,mau31,mauritiana,U,M,4,0.555,NA
4/26/19,14:04:58,15,44,2,50698,50717,1.07986889,1.501515,2.682189346,9.7815,13.76047,22.9325,27.72,5.5215,-2.14E-15,319,mau31,mauritiana,U,M,4,0.617,bad flow
4/26/19,14:09:58,16,45,2,51128,51147,1.042588559,-0.08605,1.131949078,22.376,14.03702,22.9,27.36,5.4455,0.278395455,320,mau31,mauritiana,U,M,4,0.53,NA
4/26/19,14:19:58,1,47,2,51758,51777,1.104685771,-0.02491,1.21856402,22.0145,13.90553,22.78,27.35,5.4425,1.07E-15,305,mau31,mauritiana,I,M,4,0.617,NA
4/26/19,14:24:58,2,48,2,51996,52015,1.101689205,-0.057795,1.203803418,22.2195,13.97863,22.72,27.262,5.4535,-4.28E-15,306,mau31,mauritiana,I,M,4,0.602,NA
4/26/19,14:34:58,3,50,2,52531,52550,1.092013613,-0.076295,1.202981603,22.033,13.809535,22.6345,26.9335,5.4885,0,307,mau31,mauritiana,I,M,4,0.61,NA
4/26/19,14:39:58,4,51,2,52884,52903,1.04097534,-0.15757,1.148280986,22.0035,14.09675,22.63,27.323,0.026,-1.07E-15,308,mau31,mauritiana,I,M,4,0.574,NA
4/26/19,14:49:59,5,53,2,53559,53578,1.240548006,0.040135,1.338011129,22.5045,14.055335,22.6415,27.025,0.029,-1.07E-15,309,mau31,mauritiana,U,F,4,0.791,NA
4/26/19,14:54:58,6,54,2,53739,53758,1.231094277,0.03292,1.32192927,22.6065,14.1382,22.66,26.791,0.033,-4.28E-15,310,mau31,mauritiana,U,F,4,0.941,NA
4/26/19,15:04:59,7,56,2,54346,54365,0.998212315,-0.184185,1.098172883,22.0715,13.94159,22.75,26.48,0.035,8.57E-15,311,mau31,mauritiana,U,F,4,0.887,NA
4/26/19,15:09:59,8,57,2,54608,54627,1.279814285,0.12463,1.40658386,22.094,14.111495,22.76,26.3405,0.031,0,312,mau31,mauritiana,U,F,4,0.862,NA
4/30/19,11:08:34,5,7,1,40274,40293,1.342069643,-0.311905,1.469655552,22.1975,13.96799,23.07,11.393,5.714,-1.34E-16,325,mau31,mauritiana,I,M,4,0.649,NA
4/30/19,11:13:34,6,8,1,40565,40584,1.133333499,-0.536885,1.238565302,22.2425,14.017355,23.07,11.2445,5.565,2.14E-15,326,mau31,mauritiana,I,M,4,0.564,NA
4/30/19,11:23:34,7,10,1,41174,41193,1.109166755,-0.522025,1.235954375,21.8095,13.87215,23.006,10.97,5.4115,1.29E-14,327,mau31,mauritiana,I,M,4,0.626,NA
4/30/19,11:28:34,8,11,1,41464,41483,1.082751929,-0.531335,1.209532396,21.7535,13.958565,22.98,10.987,5.54,0,328,mau31,mauritiana,I,M,4,0.528,NA
4/30/19,11:38:34,9,13,1,42017,42036,2.167023573,0.598275,2.320353571,22.693,13.81308,22.96,11.108,5.4765,0,329,mau31,mauritiana,I,F,4,0.954,NA
4/30/19,11:43:34,10,14,1,42277,42296,1.406515483,-0.14668,1.555674141,21.97,13.93479,22.96,11.3215,4.625,2.14E-15,330,mau31,mauritiana,I,F,4,0.85,NA
4/30/19,11:53:34,11,16,1,42889,42908,1.357297365,-0.204855,1.48489228,22.2135,13.752605,22.99,11.595,5.537,5.36E-16,331,mau31,mauritiana,I,F,4,0.835,NA
4/30/19,11:58:34,12,17,1,43232,43251,1.648196459,0.16916,1.85118635,21.637,13.88716,22.99,11.224,5.577,-2.68E-16,332,mau31,mauritiana,I,F,4,0.988,NA
4/30/19,12:08:33,13,19,1,43714,43733,1.725602917,0.226785,1.895056452,22.125,13.495145,22.953,10.957,5.492,-5.36E-16,333,mau31,mauritiana,U,F,4,0.993,NA
4/30/19,12:13:33,14,20,1,44117,44136,1.400364449,-0.09068,1.538625079,22.113,13.874595,22.93,11.099,5.466,0.127231818,334,mau31,mauritiana,U,F,4,0.906,NA
4/30/19,12:23:34,15,22,1,44614,44633,0.515835151,0.38503,2.006292088,6.2485,13.43902,22.95,10.9645,5.5435,-3.21E-15,335,mau31,mauritiana,U,F,4,0.963,bad flow
4/30/19,12:28:34,16,23,1,44973,44992,1.318755049,-0.16428,1.452510372,22.0615,13.85138,22.96,11.394,5.575,0.000409091,336,mau31,mauritiana,U,F,4,0.867,NA
4/30/19,12:38:34,1,25,1,45578,45597,1.056262954,-0.43487,1.185072185,21.658,13.623795,22.96,11.11,5.699,2.14E-15,321,mau31,mauritiana,U,M,4,0.571,NA
4/30/19,12:43:33,2,26,1,45967,45986,0.945235552,-0.579805,1.049215354,21.8885,13.782325,22.93,11.15,5.6225,0,322,mau31,mauritiana,U,M,4,0.509,NA
4/30/19,12:53:33,3,28,1,46465,46484,1.082209072,-0.40258,1.208400394,21.7575,13.630575,22.91,10.96,5.6025,-5.36E-16,323,mau31,mauritiana,U,M,4,0.534,NA
4/30/19,12:58:33,4,29,1,46731,46750,0.95868236,-0.51172,1.072291531,21.72,13.78203,22.9,11.032,5.621,8.03E-16,324,mau31,mauritiana,U,M,4,0.531,NA
4/30/19,13:08:33,5,31,2,47313,47332,1.111078752,-0.344665,1.214090274,22.2325,13.48669,22.9,11.07,5.7225,-5.36E-16,325,mau31,mauritiana,I,M,4,0.649,NA
4/30/19,13:13:33,6,32,2,47773,47792,0.939494648,-0.500405,1.023197853,22.304,13.74855,22.86,10.85,5.538,0,326,mau31,mauritiana,I,M,4,0.564,NA
4/30/19,13:23:33,7,34,2,48348,48367,0.993482094,-0.407525,1.105067143,21.832,13.53955,22.78,11.03,5.4715,-1.71E-14,327,mau31,mauritiana,I,M,4,0.626,NA
4/30/19,13:28:33,8,35,2,48569,48588,1.303006215,-0.053195,1.450803848,21.8065,13.638585,22.73,10.95,5.4595,0.0056,328,mau31,mauritiana,I,M,4,0.528,NA
4/30/19,13:38:33,9,37,2,49135,49154,2.002665498,0.652015,2.139754757,22.7205,13.425785,22.68,11.119,5.5915,-1.07E-15,329,mau31,mauritiana,I,F,4,0.954,NA
4/30/19,13:43:33,10,38,2,49573,49592,1.186766519,-0.14735,1.306142516,22.0555,13.72455,22.66,11.03,5.5795,2.14E-15,330,mau31,mauritiana,I,F,4,0.85,NA
4/30/19,13:53:33,11,40,2,50173,50192,1.336812005,0.01795,1.458752566,22.245,13.597165,22.66,11.249,5.557,0,331,mau31,mauritiana,I,F,4,0.835,NA
4/30/19,13:58:33,12,41,2,50447,50466,1.375271273,0.112385,1.541880079,21.6515,13.700095,22.66,11.25,5.606,1.07E-15,332,mau31,mauritiana,I,F,4,0.988,NA
4/30/19,14:08:33,13,43,2,51065,51084,1.4469479,0.17998,1.586602888,22.1375,13.55585,22.66,11.14,5.552,-2.14E-15,333,mau31,mauritiana,U,F,4,0.993,NA
4/30/19,14:13:33,14,44,2,51364,51383,1.126189981,-0.149775,1.2341099,22.1515,13.63474,22.66,11.0825,5.734,6.43E-15,334,mau31,mauritiana,U,F,4,0.906,NA
4/30/19,14:23:33,15,46,2,51813,51832,0.411393618,0.25585,1.63111329,6.12,13.177325,22.64,11.158,5.651,-2.14E-15,335,mau31,mauritiana,U,F,4,0.963,bad flow
4/30/19,14:28:33,16,47,2,52168,52187,1.140057727,-0.101865,1.253620418,22.073,13.58546,22.63,11.152,5.5565,5.14E-14,336,mau31,mauritiana,U,F,4,0.867,NA
4/30/19,14:38:33,1,49,2,52756,52775,0.953863843,-0.27713,1.065613832,21.7265,13.409625,22.63,11.32,5.638,1.07E-15,321,mau31,mauritiana,U,M,4,0.571,NA
4/30/19,14:43:33,2,50,2,53144,53163,0.843713777,-0.394785,0.933647759,21.9345,13.677025,22.64,11.5,5.6235,2.14E-15,322,mau31,mauritiana,U,M,4,0.509,NA
4/30/19,14:53:33,3,52,2,53631,53650,0.929962271,-0.28016,1.039105576,21.724,13.35486,22.652,11.589,5.558,5.36E-16,323,mau31,mauritiana,U,M,4,0.534,NA
4/30/19,14:58:33,4,53,2,53948,53967,0.86418379,-0.336115,0.966500787,21.704,13.59286,22.654,11.5635,5.6575,5.36E-16,324,mau31,mauritiana,U,M,4,0.531,NA
5/1/19,11:20:26,7,9,1,40885,40904,2.269915393,2.232065,2.539199534,21.7175,12.88365,22.9,15.35,5.5375,-4.28E-15,343,mau31,mauritiana,U,F,3,0.897,NA
5/1/19,11:25:26,8,10,1,41155,41174,2.426292424,2.318815,2.714083389,21.718,13.002795,22.9,15.4,5.5125,6.69E-17,344,mau31,mauritiana,U,F,3,0.906,NA
5/1/19,11:35:26,9,12,1,41792,41811,1.322348057,0.923785,1.417914592,22.655,12.829795,22.88,14.9845,5.5835,6.69E-17,345,mau31,mauritiana,U,M,3,0.53,NA
5/1/19,11:40:26,10,13,1,42071,42090,1.505010832,1.09458,1.664344931,21.966,12.970405,22.87,14.8,5.5065,0,346,mau31,mauritiana,U,M,3,0.502,NA
5/1/19,11:50:26,11,15,1,42735,42754,1.603171473,1.112715,1.756526953,22.166,12.8786,22.81,14.781,5.5435,0,347,mau31,mauritiana,U,M,3,0.532,NA
5/1/19,11:55:26,12,16,1,42932,42951,1.503125687,1.009695,1.686791088,21.642,12.96475,22.81,14.78,5.5105,0,348,mau31,mauritiana,U,M,3,0.59,NA
5/1/19,12:05:26,13,18,1,43546,43565,1.300583535,0.710625,1.430179529,22.085,12.76217,22.8,15.0985,5.413,-1.07E-15,349,mau31,mauritiana,I,M,3,0.487,NA
5/1/19,12:10:26,14,19,1,43849,43868,1.833817052,1.2657,2.015320028,22.0995,13.004815,22.82,15.112,5.5935,-2.14E-15,350,mau31,mauritiana,I,M,3,0.606,NA
5/1/19,12:20:26,15,21,1,44426,44445,1.336597877,2.701125,3.485324424,9.3155,12.735445,22.87,15.1915,5.5305,1.07E-15,351,mau31,mauritiana,I,M,3,0.553,bad flow
5/1/19,12:25:26,16,22,1,44743,44762,1.395355372,0.706715,1.539976664,22.0125,12.99257,22.9,15.03,5.5485,-2.57E-14,352,mau31,mauritiana,I,M,3,NA,NA
5/1/19,12:35:26,1,24,1,45366,45385,1.503555342,0.811995,1.688904512,21.6285,12.822595,22.91,14.623,5.536,0,337,mau31,mauritiana,I,F,3,0.923,NA
5/1/19,12:40:26,2,25,1,45645,45664,1.740898377,1.02343,1.933334512,21.8765,13.04565,22.91,14.3455,5.423,1.34E-16,338,mau31,mauritiana,I,F,3,0.93,NA
5/1/19,12:50:26,3,27,1,46384,46403,1.787408374,1.048425,2.002110175,21.6835,12.93267,22.83,13.85,5.667,5.36E-16,339,mau31,mauritiana,I,F,3,1.04,NA
5/1/19,12:55:26,4,28,1,46641,46660,1.35466545,0.542855,1.519766079,21.647,13.00495,22.796,13.7265,5.591,-1.34E-16,340,mau31,mauritiana,I,F,3,0.686,NA
5/1/19,13:05:26,5,30,1,47191,47210,1.202171039,0.320265,1.31666766,22.1655,12.816605,22.69,13.68,5.4715,1.07E-15,341,mau31,mauritiana,U,F,3,0.87,NA
5/1/19,13:10:26,6,31,1,47484,47503,1.566274442,0.69067,1.709015639,22.246,12.960965,22.65,13.7955,5.5115,1.07E-15,342,mau31,mauritiana,U,F,3,1.043,NA
5/1/19,13:20:26,7,33,2,48106,48125,1.568512963,0.711295,1.751354218,21.737,12.85588,22.62,13.71,5.608,0,343,mau31,mauritiana,U,F,3,0.897,NA
5/1/19,13:25:26,8,34,2,48468,48487,1.660138208,0.791465,1.854614918,21.7265,13.039535,22.63,13.605,5.4835,-8.03E-16,344,mau31,mauritiana,U,F,3,0.906,NA
5/1/19,13:35:26,9,36,2,49027,49046,0.963793246,-0.05077,1.033424049,22.638,12.86915,22.65,13.631,5.534,5.36E-16,345,mau31,mauritiana,U,M,3,0.53,NA
5/1/19,13:40:26,10,37,2,49226,49245,1.100755535,0.11587,1.216717891,21.9605,12.95144,22.6585,13.72,5.543,-1.07E-15,346,mau31,mauritiana,U,M,3,0.502,NA
5/1/19,13:50:26,11,39,2,49879,49898,1.261513989,0.257905,1.381275109,22.171,12.78649,22.68,14.1045,5.5105,-2.14E-15,347,mau31,mauritiana,U,M,3,0.532,NA
5/1/19,13:55:26,12,40,2,50196,50215,1.166991408,0.1734,1.311251644,21.6065,12.972695,22.7,13.9835,5.4475,0,348,mau31,mauritiana,U,M,3,0.59,NA
5/1/19,14:05:26,13,42,2,50782,50801,1.054724596,0.014645,1.160395097,22.0675,12.77213,22.71,13.92,5.55,-3.21E-15,349,mau31,mauritiana,I,M,3,0.487,NA
5/1/19,14:10:26,14,43,2,51130,51149,1.615793968,0.621975,1.774015338,22.113,12.97241,22.71,13.84,5.518,-2.14E-15,350,mau31,mauritiana,I,M,3,0.606,NA
5/1/19,14:20:26,15,45,2,51626,51645,1.006026212,1.503765,2.65262354,9.208,12.62273,22.7,14.103,5.482,2.14E-15,351,mau31,mauritiana,I,M,3,0.553,bad flow
5/1/19,14:25:26,16,46,2,51987,52006,1.093702354,0.07004,1.206728416,22.002,12.88902,22.68,13.891,5.5125,1.71E-14,352,mau31,mauritiana,I,M,3,NA,NA
5/1/19,14:35:26,1,48,2,52630,52649,1.287074633,0.308035,1.444676056,21.624,12.762775,22.63,13.94,5.5825,1.07E-15,337,mau31,mauritiana,I,F,3,0.923,NA
5/1/19,14:40:26,2,49,2,52986,53005,1.43614143,0.455205,1.597350595,21.82,12.875145,22.6025,14.03,5.563,1.34E-16,338,mau31,mauritiana,I,F,3,0.93,NA
5/1/19,14:50:26,3,51,2,53427,53446,1.459712993,0.490865,1.635131854,21.662,12.564065,22.55,13.883,5.58,5.36E-16,339,mau31,mauritiana,I,F,3,1.04,NA
5/1/19,14:55:26,4,52,2,53726,53745,1.528720682,0.56097,1.709760503,21.6945,12.774885,22.51,13.69,5.5295,0,340,mau31,mauritiana,I,F,3,0.686,NA
5/1/19,15:05:26,5,54,2,54346,54365,1.42622083,0.40933,1.562767269,22.139,12.63304,22.47,13.456,5.486,2.14E-15,341,mau31,mauritiana,U,F,3,0.87,NA
5/1/19,15:10:26,6,55,2,54737,54756,1.350307728,0.31453,1.473413431,22.231,12.870945,22.46,13.4355,5.577,0,342,mau31,mauritiana,U,F,3,1.043,NA
5/2/19,11:04:13,7,9,1,39998,40017,1.913048068,1.914795,2.138080928,21.7235,12.54597,22.714,17.08,5.7135,0,359,mau31,mauritiana,I,F,4,0.905,NA
5/2/19,11:09:13,8,10,1,40313,40332,2.115577009,2.039625,2.366379098,21.703,12.616885,22.681,17.08,5.662,0,360,mau31,mauritiana,I,F,4,0.843,NA
5/2/19,11:19:13,9,12,1,40796,40815,0.846916952,0.539605,0.909386266,22.6045,12.454045,22.63,17.26,5.709,-5.36E-16,361,mau31,mauritiana,U,M,4,0.309,NA
5/2/19,11:24:13,10,13,1,41101,41120,1.368412577,1.071745,1.512085936,21.9655,12.66248,22.63,17.42,5.724,0,362,mau31,mauritiana,U,M,4,0.577,NA
5/2/19,11:34:13,11,15,1,41752,41771,1.256930026,0.865005,1.379847833,22.1125,12.567835,22.67,17.75,5.6465,-5.36E-16,363,mau31,mauritiana,U,M,4,0.544,NA
5/2/19,11:39:13,12,16,1,42023,42042,1.286738785,0.876675,1.446540559,21.5945,12.670285,22.68,17.803,5.691,2.68E-16,364,mau31,mauritiana,U,M,4,0.545,no activity reading?
5/2/19,11:49:13,13,18,1,42682,42701,1.113283043,0.59014,1.226953007,22.0275,12.54673,22.69,18.19,5.698,-5.36E-16,365,mau31,mauritiana,I,M,4,0.527,NA
5/2/19,11:54:13,14,19,1,42858,42877,1.571056541,1.062975,1.731614647,22.0255,12.583825,22.689,18.03,5.7505,-2.68E-16,366,mau31,mauritiana,I,M,4,0.634,NA
5/2/19,12:04:13,15,21,1,43453,43472,0.871344734,2.248555,2.961188992,7.1415,12.34318,22.66,18.26,5.705,5.36E-16,367,mau31,mauritiana,I,M,4,0.586,bad flow
5/2/19,12:09:13,16,22,1,43754,43773,1.372744797,0.77398,1.519729308,21.9275,12.626265,22.677,18.495,5.746,0.149709091,368,mau31,mauritiana,I,M,4,0.614,NA
5/2/19,12:19:13,1,24,1,44513,44532,1.612617236,1.02119,1.812445451,21.601,12.579095,22.7,18.31,5.823,-2.14E-15,353,mau31,mauritiana,U,F,4,NA,NA
5/2/19,12:24:13,2,25,1,44774,44793,1.600479712,0.967105,1.782673722,21.7955,12.63355,22.69,18.3065,5.788,-1.34E-16,354,mau31,mauritiana,U,F,4,0.919,NA
5/2/19,12:34:13,3,27,1,45298,45317,1.529599491,0.88148,1.717095179,21.6225,12.44102,22.6435,18.41,5.809,1.07E-15,355,mau31,mauritiana,U,F,4,0.902,NA
5/2/19,12:39:13,4,28,1,45615,45634,1.685092789,1.02823,1.892054499,21.616,12.623245,22.6175,18.519,5.7345,0,356,mau31,mauritiana,U,F,4,0.958,NA
5/2/19,12:49:13,5,30,1,46245,46264,1.442889585,0.700105,1.583006869,22.1175,12.50787,22.55,18.563,5.877,0,357,mau31,mauritiana,I,F,4,0.954,NA
5/2/19,12:54:13,6,31,1,46552,46571,1.326226736,0.55563,1.45171432,22.1655,12.62682,22.52,18.57,5.7555,0,358,mau31,mauritiana,I,F,4,0.896,NA
5/2/19,13:04:13,7,33,2,47213,47232,1.430190419,0.696945,1.600287859,21.685,12.634505,22.5375,18.77,5.7105,-4.28E-15,359,mau31,mauritiana,I,F,4,0.905,NA
5/2/19,13:09:13,8,34,2,47399,47418,1.485716983,0.75639,1.662451413,21.6855,12.705605,22.55,18.73,5.7905,0.275559091,360,mau31,mauritiana,I,F,4,0.843,NA
5/2/19,13:19:13,9,36,2,47998,48017,0.686110887,-0.174665,0.737083087,22.5925,12.50861,22.618,18.397,5.69,-2.14E-15,361,mau31,mauritiana,U,M,4,0.309,NA
5/2/19,13:24:13,10,37,2,48270,48289,1.135708013,0.3391,1.256898511,21.9305,12.657205,22.62,18.3065,5.634,4.28E-15,362,mau31,mauritiana,U,M,4,0.577,NA
5/2/19,13:34:13,11,39,2,49003,49022,1.09003404,0.258415,1.195699516,22.1275,12.58425,22.64,18.2485,5.733,-2.14E-15,363,mau31,mauritiana,U,M,4,0.544,NA
5/2/19,13:39:13,12,40,2,49313,49332,1.114398962,0.29748,1.252614488,21.5935,12.678795,22.63,18.11,5.775,2.68E-16,364,mau31,mauritiana,U,M,4,0.545,no activity reading?
5/2/19,13:49:13,13,42,2,49901,49920,0.935771596,0.05983,1.031387812,22.021,12.624515,22.623,17.66,5.851,-2.14E-15,365,mau31,mauritiana,I,M,4,0.527,NA
5/2/19,13:54:13,14,43,2,50110,50129,1.235820907,0.37747,1.360985104,22.0395,12.72274,22.63,17.7,5.8235,-5.36E-16,366,mau31,mauritiana,I,M,4,0.634,NA
5/2/19,14:04:13,15,45,2,50653,50672,0.638079136,1.19713,2.181354438,7.1015,12.448785,22.694,17.55,5.6515,4.28E-15,367,mau31,mauritiana,I,M,4,0.586,bad flow
5/2/19,14:09:13,16,46,2,51088,51107,1.200769073,0.36581,1.330797,21.9115,12.845495,22.78,17.114,5.7835,-8.57E-15,368,mau31,mauritiana,I,M,4,0.614,NA
5/2/19,14:19:13,1,48,2,51669,51688,1.730029934,0.981195,1.946955695,21.585,12.727285,22.87,16.7775,5.88,0.2387,353,mau31,mauritiana,U,F,4,NA,NA
5/2/19,14:24:13,2,49,2,51872,51891,1.435734736,0.636065,1.60372705,21.749,12.76642,22.9,16.86,5.6465,5.36E-16,354,mau31,mauritiana,U,F,4,0.919,NA
5/2/19,14:34:13,3,51,2,52482,52501,1.396058891,0.593135,1.568392225,21.624,12.528245,22.895,16.81,5.6225,2.14E-15,355,mau31,mauritiana,U,F,4,0.902,NA
5/2/19,14:39:13,4,52,2,52825,52844,1.446583057,0.639295,1.627937986,21.5845,12.748965,22.86,16.6905,5.7735,-5.36E-16,356,mau31,mauritiana,U,F,4,0.958,NA
5/6/19,10:43:36,9,9,1,38679,38698,1.499327893,2.936035,1.811921712,19.7495,12.12782,17.7,36.41,3.475,2.68E-16,377,mau31,mauritiana,U,F,4,1.136,cold
5/6/19,10:48:36,10,10,1,39002,39021,1.716186865,3.196415,2.131986285,19.215,12.368205,17.74,36.57,3.3725,-1.34E-16,378,mau31,mauritiana,U,F,4,0.944,cold
5/6/19,10:58:36,11,12,1,39516,39535,1.54061795,2.926325,1.897834108,19.38,12.1214,17.78,36.536,3.483,-4.28E-15,379,mau31,mauritiana,U,F,4,0.875,cold
5/6/19,11:03:36,12,13,1,39969,39988,1.554064468,2.918785,1.962034372,18.913,12.418915,17.8315,36.4,3.5,2.14E-15,380,mau31,mauritiana,U,F,4,0.922,cold
5/6/19,11:13:36,13,15,1,40416,40435,1.404627245,2.673535,1.741006671,19.2695,12.137,17.909,36.27,3.426,4.28E-15,381,mau31,mauritiana,I,F,4,0.893,cold
5/6/19,11:18:36,14,16,1,40716,40735,1.325893893,2.525385,1.642916694,19.278,12.342755,17.9465,36.26,3.512,6.69E-17,382,mau31,mauritiana,I,F,4,0.935,cold
5/6/19,11:28:36,15,18,1,41346,41365,1.798295293,3.926515,3.086827319,13.9205,12.25263,18.0395,36.14,3.462,4.28E-15,383,mau31,mauritiana,I,F,4,NA,"cold, bad flow"
5/6/19,11:33:36,16,19,1,41647,41666,1.194164869,2.301515,1.48918475,19.164,12.41334,18.0795,36.106,3.605,-1.29E-14,384,mau31,mauritiana,I,F,4,0.904,cold
5/6/19,11:43:36,1,21,1,42376,42395,0.991921464,2.03026,1.258062044,18.8485,12.46349,18.17,36.644,3.5115,1.07E-15,369,mau31,mauritiana,I,M,4,0.513,cold
5/6/19,11:48:36,2,22,1,42562,42581,1.045559788,2.06988,1.315378861,19.004,12.53886,18.2,36.9445,3.5555,0,370,mau31,mauritiana,I,M,4,0.558,cold
5/6/19,11:58:36,3,24,1,43129,43148,1.143532264,2.183075,1.451986135,18.835,12.32184,18.29,36.866,3.6515,0,371,mau31,mauritiana,I,M,4,0.556,cold
5/6/19,12:03:36,4,25,1,43527,43546,1.045071768,2.02536,1.327108541,18.8375,12.68125,18.36,36.87,3.545,-4.28E-15,372,mau31,mauritiana,I,M,4,0.551,cold
5/6/19,12:13:36,5,27,1,44150,44169,0.92812883,1.83354,1.155370769,19.221,12.543335,18.43,37.0335,3.4945,4.28E-15,373,mau31,mauritiana,U,M,4,0.549,cold
5/6/19,12:18:36,6,28,1,44339,44358,1.01016288,1.92118,1.253953133,19.2775,12.62661,18.466,37.13,3.466,-8.57E-15,374,mau31,mauritiana,U,M,4,0.59,cold
5/6/19,12:28:36,7,30,1,45049,45068,0.960045664,1.848715,1.215793637,18.9005,12.615925,18.5325,37.335,3.4965,-8.57E-15,375,mau31,mauritiana,U,M,4,0.593,cold
5/6/19,12:33:36,8,31,1,45351,45370,1.034471967,1.91615,1.312938216,18.862,12.790385,18.582,37.31,3.6005,8.57E-15,376,mau31,mauritiana,U,M,4,0.572,cold
5/6/19,12:43:35,9,33,2,45842,45861,1.334712048,2.230715,1.632625129,19.5765,12.47934,18.66,37.593,3.507,0,377,mau31,mauritiana,U,F,4,1.136,cold
5/6/19,12:48:35,10,34,2,46230,46249,1.456336465,2.424455,1.830892988,19.0505,12.83694,18.71,38.076,3.452,1.07E-15,378,mau31,mauritiana,U,F,4,0.944,cold
5/6/19,12:58:35,11,36,2,46748,46767,1.22974811,2.123425,1.536877961,19.1685,12.595605,18.78,37.62,3.516,-8.57E-15,379,mau31,mauritiana,U,F,4,0.875,cold
5/6/19,13:03:35,12,37,2,47059,47078,1.30963434,2.25026,1.675921332,18.7235,12.90126,18.8335,37.621,3.4465,0,380,mau31,mauritiana,U,F,4,0.922,cold
5/6/19,13:13:35,13,39,2,47695,47714,1.221580852,2.09106,1.536757043,19.0525,12.76913,18.93,37.139,3.587,4.28E-15,381,mau31,mauritiana,I,F,4,0.893,cold
5/6/19,13:18:35,14,40,2,48019,48038,1.233223026,2.084095,1.553158988,19.0355,13.05067,19,36.92,3.682,3.21E-15,382,mau31,mauritiana,I,F,4,0.935,cold
5/6/19,13:28:35,15,42,2,48515,48534,1.509286031,3.166215,2.649496887,13.662,12.80318,19.114,36.5255,3.4645,8.57E-15,383,mau31,mauritiana,I,F,4,NA,"cold, bad flow"
5/6/19,13:33:35,16,43,2,48963,48982,1.14739664,1.93776,1.453886084,18.9335,13.15767,19.2105,36.0255,3.533,0.008613636,384,mau31,mauritiana,I,F,4,0.904,cold
5/6/19,13:43:35,1,45,2,49454,49473,1.03091441,1.7986,1.325514877,18.6635,12.87157,19.28,34.91,3.4925,0,369,mau31,mauritiana,I,M,4,0.513,cold
5/6/19,13:48:35,2,46,2,49780,49799,1.00752393,1.741465,1.286203593,18.8,13.216515,19.32,34.3825,3.4575,6.43E-15,370,mau31,mauritiana,I,M,4,0.558,cold
5/6/19,13:58:35,3,48,2,50372,50391,1.002635769,1.73042,1.290184875,18.6575,13.04828,19.42,33.9425,3.5755,-2.14E-15,371,mau31,mauritiana,I,M,4,0.556,cold
5/6/19,14:03:35,4,49,2,50733,50752,0.950000223,1.64788,1.22567136,18.6125,13.44522,19.48,33.5825,3.505,4.28E-15,372,mau31,mauritiana,I,M,4,0.551,cold
5/6/19,14:13:35,5,51,2,51375,51394,0.905622492,1.557635,1.14684082,18.971,13.437845,19.61,32.299,3.365,-4.28E-15,373,mau31,mauritiana,U,M,4,0.549,cold
5/6/19,14:18:35,6,52,2,51538,51557,0.982498218,1.64898,1.243164676,18.9895,13.508175,19.655,31.952,3.6335,0,374,mau31,mauritiana,U,M,4,0.59,cold
5/6/19,14:28:35,7,54,2,52273,52292,0.971737544,1.66171,1.25198011,18.659,13.460395,19.808,31.05,3.421,0,375,mau31,mauritiana,U,M,4,0.593,cold
5/6/19,14:33:35,8,55,2,52465,52484,0.942839562,1.630475,1.215142431,18.654,13.5822,19.83,31.01,3.7035,0.149977273,376,mau31,mauritiana,U,M,4,0.572,cold
5/6/19,14:43:35,9,57,3,53032,53051,1.395364037,2.139145,1.736172206,19.3265,13.21522,19.89,31.1595,3.6375,4.28E-15,377,mau31,mauritiana,U,F,4,1.136,cold
5/6/19,14:48:35,10,58,3,53349,53368,1.476450844,2.25483,1.886146996,18.8255,13.581255,19.92,31.0015,3.634,0.029086364,378,mau31,mauritiana,U,F,4,0.944,cold
5/6/19,14:58:35,11,60,3,54024,54043,1.245987128,1.938895,1.584804085,18.9125,13.4837,19.994,30.75,3.625,1.71E-14,379,mau31,mauritiana,U,F,4,0.875,cold
5/6/19,15:03:35,12,61,3,54375,54394,1.284635124,2.030815,1.676628568,18.433,13.75682,20.02,31.0355,3.51,0,380,mau31,mauritiana,U,F,4,0.922,cold
5/6/19,15:13:35,13,63,3,54932,54951,1.198535134,1.87396,1.535461044,18.7825,13.584415,20.08,30.92,3.508,0,381,mau31,mauritiana,I,F,4,0.893,cold
5/6/19,15:18:35,14,64,3,55115,55134,1.226998241,1.899635,1.572784244,18.774,13.7028,20.11,31.04,3.5995,2.14E-15,382,mau31,mauritiana,I,F,4,0.935,cold
5/6/19,15:28:35,15,66,3,55715,55734,1.435721883,2.90632,2.590493089,13.341,13.403055,20.194,30.731,3.4535,-8.57E-15,383,mau31,mauritiana,I,F,4,NA,"cold, bad flow"
5/6/19,15:33:35,16,67,3,56103,56122,1.105192546,1.74338,1.428256998,18.6305,13.816785,20.25,31.17,3.4765,1.71E-14,384,mau31,mauritiana,I,F,4,0.904,cold
5/7/19,11:28:36,7,10,1,41476,41495,1.837416534,4.294535,2.679617013,16.364,11.7029,17.669,36.151,3.191,0,391,mau31,mauritiana,U,F,5,1.011,cold
5/7/19,11:33:36,8,11,1,41616,41635,1.765493748,4.15352,2.577127243,16.3495,11.78999,17.68,36.241,3.2565,-6.43E-15,392,mau31,mauritiana,U,F,5,1.016,cold
5/7/19,11:43:36,9,13,1,42216,42235,1.242013658,3.256155,1.752439629,16.9195,11.598555,17.77,35.738,3.3715,2.68E-16,393,mau31,mauritiana,I,M,5,0.612,cold
5/7/19,11:48:36,10,14,1,42516,42535,1.225170609,3.211315,1.767910841,16.5475,11.95647,17.83,35.478,3.384,2.14E-15,394,mau31,mauritiana,I,M,5,0.554,cold
5/7/19,11:58:36,11,16,1,43230,43249,1.213056367,3.11551,1.745096044,16.606,11.9658,17.97,35.025,3.3175,0,395,mau31,mauritiana,I,M,5,0.598,cold
5/7/19,12:03:36,12,17,1,43416,43435,1.177974436,3.074005,1.733316187,16.237,12.11169,18,35.07,3.237,-1.07E-15,396,mau31,mauritiana,I,M,5,0.551,cold
5/7/19,12:13:37,13,19,1,44060,44079,1.172584679,2.984955,1.696342278,16.526,11.96132,18.1935,34.95,3.2105,0,397,mau31,mauritiana,U,M,5,0.555,cold
5/7/19,12:18:36,14,20,1,44474,44493,1.16221205,2.915575,1.686587479,16.48,12.42031,18.291,34.9195,3.314,0,398,mau31,mauritiana,U,M,5,0.564,cold
5/7/19,12:28:36,15,22,1,44916,44935,1.328187783,3.83391,2.626840565,12.096,12.015875,18.387,34.54,3.43,-4.28E-15,399,mau31,mauritiana,U,M,5,0.532,"cold, bad flow"
5/7/19,12:33:36,16,23,1,45241,45260,1.246002555,2.974185,1.818327163,16.398,12.42225,18.4695,34.5,3.302,-4.28E-15,400,mau31,mauritiana,U,M,5,0.545,cold
5/7/19,12:43:35,1,25,1,45848,45867,1.693040134,3.61491,2.503511119,16.19,12.196455,18.59,34.398,3.4575,0,385,mau31,mauritiana,I,F,5,0.995,cold
5/7/19,12:48:36,2,26,1,46127,46146,1.326526887,3.030475,1.956315306,16.238,12.602885,18.6775,34.231,3.381,0,386,mau31,mauritiana,I,F,5,0.888,cold
5/7/19,12:58:35,3,28,1,46797,46816,1.637965105,3.473225,2.436715942,16.1065,12.460595,18.84,33.4275,3.2695,-4.28E-15,387,mau31,mauritiana,I,F,5,1,cold
5/7/19,13:03:36,4,29,1,47174,47193,1.464882686,3.18899,2.182121367,16.0895,12.87703,18.92,32.95,3.286,0,388,mau31,mauritiana,I,F,5,0.953,cold
5/7/19,13:13:36,5,31,1,47616,47635,1.428875151,3.08492,2.09240666,16.372,12.34415,19.01,32.45,3.2475,4.28E-15,389,mau31,mauritiana,U,F,5,0.984,cold
5/7/19,13:18:35,6,32,1,48071,48090,1.372147335,2.958265,2.013288665,16.345,12.968965,19.1025,31.98,3.264,8.57E-15,390,mau31,mauritiana,U,F,5,1.028,cold
5/7/19,13:28:35,7,34,2,48646,48665,1.487772205,3.15165,2.225489316,16.039,12.792785,19.22,31.272,3.3845,0,391,mau31,mauritiana,U,F,5,1.011,cold
5/7/19,13:33:35,8,35,2,48815,48834,1.408386392,3.02577,2.110900989,16.009,12.935535,19.25,30.317,3.361,1.71E-14,392,mau31,mauritiana,U,F,5,1.016,cold
5/7/19,13:43:35,9,37,2,49510,49529,1.125004156,2.527265,1.635170403,16.5145,12.776605,19.36,27.303,3.3585,1.07E-15,393,mau31,mauritiana,I,M,5,0.612,cold
5/7/19,13:48:35,10,38,2,49758,49777,1.136115324,2.573615,1.694168218,16.0985,13.059465,19.3905,26.382,3.257,0.077909091,394,mau31,mauritiana,I,M,5,0.554,cold
5/7/19,13:58:35,11,40,2,50387,50406,1.121630831,2.527505,1.66933371,16.1375,12.839495,19.5325,25.27,3.4415,0,395,mau31,mauritiana,I,M,5,0.598,cold
5/7/19,14:03:35,12,41,2,50720,50739,1.050038631,2.43502,1.601347075,15.752,13.255345,19.59,25.147,3.3435,2.14E-15,396,mau31,mauritiana,I,M,5,0.551,cold
5/7/19,14:13:35,13,43,2,51313,51332,1.051005556,2.38825,1.577980956,16.0065,13.010595,19.71,25.0155,3.4055,1.71E-14,397,mau31,mauritiana,U,M,5,0.555,cold
5/7/19,14:18:35,14,44,2,51525,51544,1.063498906,2.394635,1.601753405,15.9585,13.25592,19.75,24.8875,3.36,6.43E-15,398,mau31,mauritiana,U,M,5,0.564,cold
5/7/19,14:28:35,15,46,2,52115,52134,1.13008521,3.092925,2.317691435,11.724,12.83181,19.859,24.61,3.45,0,399,mau31,mauritiana,U,M,5,0.532,"cold, bad flow"
5/7/19,14:33:35,16,47,2,52416,52435,1.167932961,2.536055,1.771435311,15.8555,13.3307,19.91,24.9,3.4225,-8.57E-15,400,mau31,mauritiana,U,M,5,0.545,cold
5/7/19,14:43:35,1,49,2,53123,53142,1.423917086,2.95398,2.197333941,15.5905,13.24641,20.033,25.0555,3.3995,-8.57E-15,385,mau31,mauritiana,I,F,5,0.995,cold
5/7/19,14:48:35,2,50,2,53315,53334,1.440617225,2.965775,2.210771632,15.6785,13.459955,20.06,25.14,3.2755,0,386,mau31,mauritiana,I,F,5,0.888,cold
5/7/19,14:58:35,3,52,2,54064,54083,1.396451571,2.91207,2.169398604,15.4945,13.41343,20.18,25.33,3.125,-4.28E-15,387,mau31,mauritiana,I,F,5,1,cold
5/7/19,15:03:35,4,53,2,54215,54234,1.419818264,2.94052,2.203748601,15.51,13.520165,20.209,25.4835,3.5285,-1.71E-14,388,mau31,mauritiana,I,F,5,0.953,cold
5/7/19,15:13:35,5,55,2,54935,54954,1.404205035,2.86047,2.150039811,15.732,13.420435,20.39,27.39,3.2705,4.28E-15,389,mau31,mauritiana,U,F,5,0.984,cold
5/7/19,15:18:35,6,56,2,55231,55250,1.344096948,2.743945,2.056908143,15.741,13.684015,20.4,27.9825,3.2675,0,390,mau31,mauritiana,U,F,5,1.028,cold
5/7/19,15:28:35,7,58,3,55817,55836,1.372513179,2.81646,2.142114963,15.4355,13.354685,20.42,28.75,3.3805,0,391,mau31,mauritiana,U,F,5,1.011,cold
5/7/19,15:33:36,8,59,3,56066,56085,1.322156457,2.731635,2.066393395,15.414,13.650255,20.42,28.926,3.4,2.57E-14,392,mau31,mauritiana,U,F,5,1.016,cold
5/7/19,15:43:35,9,61,3,56760,56779,1.082866526,2.305635,1.645502151,15.8565,13.460155,20.48,29.1,3.2345,0,393,mau31,mauritiana,I,M,5,0.612,cold
5/7/19,15:48:35,10,62,3,56926,56945,1.268277646,2.62904,1.969376668,15.5175,13.603605,20.4825,29.132,0.033,-6.43E-15,394,mau31,mauritiana,I,M,5,0.554,cold
5/8/19,11:16:30,5,7,1,40714,40733,1.029738091,1.62042,1.670008832,14.698,11.240775,17.33,36.08,3.4165,0,405,mau31,mauritiana,I,F,6,0.858,cold
5/8/19,11:21:30,6,8,1,41045,41064,1.202601998,1.912595,1.955740276,14.6595,11.47124,17.37,35.59,3.5435,0,406,mau31,mauritiana,I,F,6,0.988,cold
5/8/19,11:31:30,7,10,1,41587,41606,1.234308933,2.015495,2.03606253,14.457,11.167975,17.4625,34.9325,3.4955,-1.34E-16,407,mau31,mauritiana,I,F,6,1.006,cold
5/8/19,11:36:30,8,11,1,41898,41917,1.430034932,2.37547,2.365424316,14.42,11.4681,17.52,34.54,3.484,-5.36E-16,408,mau31,mauritiana,I,F,6,0.987,cold
5/8/19,11:46:30,9,13,1,42401,42420,0.787476873,1.278925,1.261345831,14.8955,10.968175,17.6,33.9485,0.0965,2.68E-16,409,mau31,mauritiana,I,M,6,0.595,cold
5/8/19,11:51:30,10,14,1,42734,42753,0.952602684,1.58117,1.560083674,14.569,11.34394,17.61,34.02,0.1,0.001754545,410,mau31,mauritiana,I,M,6,0.626,cold
5/8/19,12:01:30,11,16,1,43290,43309,0.794152497,1.3254,1.294497621,14.6385,10.949835,17.63,33.9705,0.129,-5.36E-16,411,mau31,mauritiana,I,M,6,0.563,cold
5/8/19,12:06:30,12,17,1,43657,43676,0.773984862,1.35598,1.301005011,14.1975,11.436415,17.6725,33.8615,0.0395,-1.07E-15,412,mau31,mauritiana,I,M,6,0.554,cold
5/8/19,12:16:30,13,19,1,44229,44248,1.187471735,2.017045,1.943775621,14.583,11.113565,17.74,33.73,0.1125,1.07E-15,413,mau31,mauritiana,U,F,6,0.896,cold
5/8/19,12:21:30,14,20,1,44638,44657,1.143180805,1.97935,1.877994063,14.5325,11.57869,17.78,33.74,0.107,-5.36E-16,414,mau31,mauritiana,U,F,6,1.091,cold
5/8/19,12:31:30,15,22,1,45090,45109,1.183615132,2.74635,2.63618979,10.72,11.082825,17.829,33.81,0.14,0,415,mau31,mauritiana,U,F,6,0.997,"cold, bad flow"
5/8/19,12:36:30,16,23,1,45500,45519,1.213884654,2.140195,2.006834678,14.4455,11.58172,17.879,33.97,0.13,2.14E-15,416,mau31,mauritiana,U,F,6,0.972,cold
5/8/19,12:46:30,1,25,1,46046,46065,0.838804445,1.54558,1.401430469,14.297,11.236045,17.9345,33.7755,3.093,1.07E-15,401,mau31,mauritiana,U,M,6,0.584,cold
5/8/19,12:51:30,2,26,1,46290,46309,1.059943234,1.916065,1.762152361,14.3695,11.562455,17.97,33.352,3.201,0,402,mau31,mauritiana,U,M,6,0.569,cold
5/8/19,13:01:30,3,28,1,46890,46909,0.877773325,1.63034,1.468173461,14.287,11.14843,18.06,32.827,3.1965,-1.07E-15,403,mau31,mauritiana,U,M,6,0.604,cold
5/8/19,13:06:30,4,29,1,47315,47334,0.762194365,1.444525,1.277528421,14.2605,11.7437,18.129,32.07,3.233,-2.14E-15,404,mau31,mauritiana,U,M,6,0.509,cold
5/8/19,13:16:30,5,31,2,47936,47955,1.031709547,1.868415,1.695159003,14.5515,11.56347,18.21,32.0865,3.2535,2.14E-15,405,mau31,mauritiana,I,F,6,0.858,cold
5/8/19,13:21:30,6,32,2,48090,48109,1.166711509,2.089245,1.912772787,14.5845,11.659765,18.2315,32.206,3.1215,2.14E-15,406,mau31,mauritiana,I,F,6,0.988,cold
5/8/19,13:31:30,7,34,2,48820,48839,1.127431809,2.067235,1.881760507,14.3305,11.566855,18.329,32.6335,0.0455,2.14E-15,407,mau31,mauritiana,I,F,6,1.006,cold
5/8/19,13:36:30,8,35,2,49148,49167,1.113377307,2.054925,1.86254626,14.2995,11.850975,18.36,32.5785,0.029,1.07E-15,408,mau31,mauritiana,I,F,6,0.987,cold
5/8/19,13:46:30,9,37,2,49688,49707,0.774422488,1.46362,1.255370325,14.7585,11.51757,18.3945,31.6895,0.0295,2.14E-15,409,mau31,mauritiana,I,M,6,0.595,cold
5/8/19,13:51:30,10,38,2,49919,49938,0.893463992,1.7007,1.476581015,14.4765,11.73802,18.4,31.217,0.027,1.07E-15,410,mau31,mauritiana,I,M,6,0.626,cold
5/8/19,14:01:30,11,40,2,50511,50530,0.747452886,1.467455,1.230175086,14.5365,11.35863,18.4,31.14,0.0315,0,411,mau31,mauritiana,I,M,6,0.563,cold
5/8/19,14:06:30,12,41,2,50790,50809,0.77526824,1.554335,1.310550372,14.1525,11.69558,18.3935,32.6815,0.032,8.57E-15,412,mau31,mauritiana,I,M,6,0.554,cold
5/8/19,14:16:30,13,43,2,51410,51429,1.082925099,2.02885,1.781581299,14.541,11.36222,18.37,34.1455,0.047,-4.28E-15,413,mau31,mauritiana,U,F,6,0.896,cold
5/8/19,14:21:30,14,44,2,51820,51839,1.099746976,2.059835,1.813848995,14.5025,11.795485,18.34,34.54,0.0405,0,414,mau31,mauritiana,U,F,6,1.091,cold
5/8/19,14:31:30,15,46,2,52290,52309,1.045488255,2.594835,2.340438546,10.684,11.32536,18.29,35.179,0.0505,-4.28E-15,415,mau31,mauritiana,U,F,6,0.997,"cold, bad flow"
5/8/19,14:36:30,16,47,2,52734,52753,1.081778073,2.07621,1.792554029,14.4305,11.753325,18.25,34.9095,0.0475,8.57E-15,416,mau31,mauritiana,U,F,6,0.972,cold
5/8/19,14:46:30,1,49,2,53190,53209,0.770416661,1.57379,1.287198286,14.31,11.259635,18.21,34.173,0.0435,2.14E-15,401,mau31,mauritiana,U,M,6,0.584,cold
5/8/19,14:51:30,2,50,2,53608,53627,0.76011341,1.55606,1.265416437,14.3605,11.76586,18.1875,33.8735,0.048,0,402,mau31,mauritiana,U,M,6,0.569,cold
5/8/19,15:01:30,3,52,2,54204,54223,0.793910179,1.63212,1.33309162,14.2365,11.484015,18.17,34.4785,0.0525,-2.14E-15,403,mau31,mauritiana,U,M,6,0.604,cold
5/8/19,15:06:30,4,53,2,54550,54569,0.684553474,1.45947,1.149236612,14.239,11.768485,18.17,34.463,0.0305,-8.57E-15,404,mau31,mauritiana,U,M,6,0.509,cold
5/8/19,15:16:30,5,55,3,55056,55075,0.959083728,1.8945,1.573295855,14.573,11.373645,18.17,35.5325,0.025,8.57E-15,405,mau31,mauritiana,I,F,6,0.858,cold
5/8/19,15:21:30,6,56,3,55290,55309,1.054202112,2.064895,1.730927855,14.5595,11.599855,18.17,36.9775,0.0265,0,406,mau31,mauritiana,I,F,6,0.988,cold
5/13/19,10:24:14,7,9,1,37514,37533,1.647404187,1.511295,3.035169896,13.1995,14.06001,23.2025,29.026,3.08,-2.14E-15,423,mau31,mauritiana,I,M,3,0.431,NA
5/13/19,10:29:14,8,10,1,37835,37854,1.815385058,1.708775,3.346743097,13.1925,14.729945,23.23,29.38,3.054,5.36E-16,424,mau31,mauritiana,I,M,3,0.502,NA
5/13/19,10:39:14,9,12,1,38354,38373,1.658744536,1.2615,2.961801402,13.622,13.826635,23.26,29.37,3.1435,-1.34E-16,425,mau31,mauritiana,I,F,3,0.78,NA
5/13/19,10:44:14,10,13,1,38814,38833,2.481401324,2.701255,4.511237817,13.378,14.6669,23.2335,29.096,2.928,1.34E-16,426,mau31,mauritiana,I,F,3,0.861,NA
5/13/19,10:54:14,11,15,1,39347,39366,2.353043036,2.39618,4.253467979,13.4545,14.121535,23.23,28.82,2.9875,-2.68E-16,427,mau31,mauritiana,I,F,3,0.887,NA
5/13/19,10:59:14,12,16,1,39636,39655,2.222852702,2.202725,4.118514374,13.127,14.63664,23.24,28.74,3.1245,-1.34E-16,428,mau31,mauritiana,I,F,3,0.781,NA
5/13/19,11:09:14,13,18,1,40154,40173,1.541403311,0.84231,2.79823489,13.399,13.751985,23.261,28.705,3.037,-2.68E-16,429,mau31,mauritiana,U,M,3,0.537,NA
5/13/19,11:14:14,14,19,1,40481,40500,1.408326899,0.543315,2.555860524,13.404,14.54945,23.29,29.4155,3.0865,-1.34E-16,430,mau31,mauritiana,U,M,3,0.467,NA
5/13/19,11:24:14,15,21,1,41054,41073,1.352773037,1.058185,3.109248045,10.585,13.76679,23.34,28.92,3.051,0,431,mau31,mauritiana,U,M,3,0.443,bad flow
5/13/19,11:29:14,16,22,1,41370,41389,1.499761714,0.6437,2.72854306,13.3745,14.56468,23.37,28.158,3.0515,0,432,mau31,mauritiana,U,M,3,0.451,NA
5/13/19,11:39:14,1,24,1,41954,41973,1.81977897,1.236325,3.34795057,13.2285,13.81634,23.43,27.097,3.0965,2.68E-16,417,mau31,mauritiana,U,F,3,0.723,NA
5/13/19,11:44:14,2,25,1,42254,42273,2.13541662,1.77289,3.908546951,13.298,14.651375,23.46,26.8795,3.0255,-1.34E-16,418,mau31,mauritiana,U,F,3,0.947,NA
5/13/19,11:54:14,3,27,1,42854,42873,1.420679075,0.44457,2.610308881,13.25,13.73101,23.525,26.4415,3.1165,-1.34E-16,419,mau31,mauritiana,U,F,3,0.7,NA
5/13/19,11:59:14,4,28,1,43154,43173,1.821880103,1.144755,3.348727546,13.2465,14.59178,23.559,26.18,3.0685,-2.68E-16,420,mau31,mauritiana,U,F,3,0.816,NA
5/13/19,12:09:14,5,30,1,43754,43773,1.374485818,0.242665,2.47292772,13.5345,13.717405,23.6,26.25,3.1265,-2.68E-16,421,mau31,mauritiana,I,M,3,0.589,NA
5/13/19,12:14:14,6,31,1,44214,44233,1.317620617,0.123805,2.370720619,13.5365,14.78733,23.65,26.1875,3.056,-1.07E-15,422,mau31,mauritiana,I,M,3,0.53,NA
5/13/19,12:24:14,7,33,2,44654,44673,1.215009066,-0.049875,2.213361124,13.371,13.71124,23.67,25.9725,3.082,6.86E-14,423,mau31,mauritiana,I,M,3,0.431,NA
5/13/19,12:29:14,8,34,2,45037,45056,1.314930497,0.0828,2.39328734,13.381,14.607995,23.64,25.97,3.167,2.14E-15,424,mau31,mauritiana,I,M,3,0.502,NA
5/13/19,12:39:14,9,36,2,45554,45573,1.31739324,-0.012775,2.326213313,13.7895,13.641785,23.57,25.923,2.9505,-2.68E-16,425,mau31,mauritiana,I,F,3,0.78,NA
5/13/19,12:44:14,10,37,2,45947,45966,1.995619142,1.18972,3.582815926,13.5595,14.491055,23.51,25.759,3.0355,5.36E-16,426,mau31,mauritiana,I,F,3,0.861,NA
5/13/19,12:54:14,11,39,2,46454,46473,1.7220715,0.667195,3.076408743,13.622,13.59261,23.4035,25.331,3.0205,-1.61E-15,427,mau31,mauritiana,I,F,3,0.887,NA
5/13/19,12:59:14,12,40,2,46754,46773,1.620602151,0.530725,2.952877938,13.354,14.289645,23.3685,25.56,3.0495,-1.07E-15,428,mau31,mauritiana,I,F,3,0.781,NA
5/13/19,13:09:14,13,42,2,47354,47373,1.264942426,-0.17425,2.262185017,13.601,13.558995,23.26,24.679,2.9955,-5.36E-16,429,mau31,mauritiana,U,M,3,0.537,NA
5/13/19,13:14:14,14,43,2,47714,47733,1.076271771,-0.52969,1.926125063,13.59,14.32489,23.23,24.819,2.9385,-2.14E-15,430,mau31,mauritiana,U,M,3,0.467,NA
5/13/19,13:24:14,15,45,2,48254,48273,1.309618825,0.51954,2.981288192,10.6825,13.510265,23.18,24.91,3.0225,0,431,mau31,mauritiana,U,M,3,0.443,bad flow
5/13/19,13:29:14,16,46,2,48568,48587,1.161301207,-0.37737,2.084471216,13.547,14.178535,23.17,24.3135,3.1895,1.07E-15,432,mau31,mauritiana,U,M,3,0.451,NA
5/13/19,13:39:14,1,48,2,49154,49173,1.510816214,0.273035,2.732461675,13.442,13.4764,23.11,23.3195,3.035,-6.43E-15,417,mau31,mauritiana,U,F,3,0.723,NA
5/13/19,13:44:14,2,49,2,49454,49473,1.628237039,0.474125,2.927851423,13.5185,14.188975,23.08,23.35,3.041,1.07E-15,418,mau31,mauritiana,U,F,3,0.947,NA
5/13/19,13:54:14,3,51,2,50214,50233,1.301483108,-0.113875,2.351202302,13.453,13.9497,23.0185,23.0965,0.04,0,419,mau31,mauritiana,U,F,3,0.7,NA
5/13/19,13:59:14,4,52,2,50354,50373,1.451158735,0.150575,2.622698979,13.4465,14.09378,23,23.148,0.0455,1.61E-15,420,mau31,mauritiana,U,F,3,0.816,NA
5/13/19,14:09:14,5,54,2,50954,50973,1.101217713,-0.529445,1.95526431,13.686,13.3077,22.98,22.59,0.0405,5.36E-16,421,mau31,mauritiana,I,M,3,0.589,NA
5/13/19,14:14:14,6,55,2,51254,51273,1.06850249,-0.59724,1.896860395,13.6875,13.997425,22.96,22.79,0.049,0,422,mau31,mauritiana,I,M,3,0.53,NA
5/13/19,14:24:14,7,57,3,51984,52003,1.059867573,-0.59954,1.904672619,13.5175,13.695685,22.88,22.9935,3.099,1.37E-13,423,mau31,mauritiana,I,M,3,0.431,NA
5/13/19,14:29:14,8,58,3,52154,52173,1.087667224,-0.548465,1.958896229,13.4875,13.90111,22.86,23.22,3.056,2.14E-15,424,mau31,mauritiana,I,M,3,0.502,NA
5/13/19,14:39:14,9,60,3,52913,52932,1.144910259,-0.517745,1.996058543,13.9295,13.682895,22.79,20.6395,3.1005,-1.07E-15,425,mau31,mauritiana,I,F,3,0.78,NA
5/13/19,14:44:13,10,61,3,53053,53072,1.545204141,0.23258,2.747986369,13.655,13.82465,22.78,20.413,3.012,6.43E-15,426,mau31,mauritiana,I,F,3,0.861,NA
5/13/19,14:54:14,11,63,3,53763,53782,1.443303276,0.07162,2.575863379,13.6095,13.77156,22.84,20.656,3.02,3.21E-15,427,mau31,mauritiana,I,F,3,0.887,NA
5/13/19,14:59:14,12,64,3,54039,54058,1.41334396,0.07112,2.560186268,13.4115,14.238775,22.903,20.7375,3.079,-4.28E-15,428,mau31,mauritiana,I,F,3,0.781,NA
5/13/19,15:09:14,13,66,3,54656,54675,1.451657913,0.11444,2.581147145,13.67,13.79642,23.05,22.032,3.1485,1.07E-15,429,mau31,mauritiana,U,M,3,0.537,NA
5/13/19,15:14:14,14,67,3,54976,54995,0.991982746,-0.67616,1.766063333,13.6565,14.315775,23.135,23.067,2.992,4.28E-15,430,mau31,mauritiana,U,M,3,0.467,NA
5/13/19,15:24:14,15,69,3,55454,55473,0.902745762,-0.383685,2.045880244,10.73,13.370145,23.18,23.5905,3.1485,4.28E-15,431,mau31,mauritiana,U,M,3,0.443,bad flow
5/13/19,15:29:14,16,70,3,55755,55774,1.061455391,-0.51668,1.891911068,13.647,14.198475,23.27,23.8875,3.0435,-4.28E-15,432,mau31,mauritiana,U,M,3,0.451,NA
5/14/19,10:49:51,9,10,1,38991,39010,2.078951834,3.732655,3.4503056,14.6475,10.952575,23.091,26.4395,3.136,-1.61E-15,441,mau31,mauritiana,U,F,4,0.71,NA
5/14/19,10:54:51,10,11,1,39291,39310,1.939072485,3.54557,3.31736286,14.209,11.41817,23.08,26.2,3.055,-1.34E-16,442,mau31,mauritiana,U,F,4,0.856,NA
5/14/19,11:04:51,11,13,1,39891,39910,2.107809121,3.833635,3.652221264,14.028,10.82465,23.06,26.5455,2.916,0,443,mau31,mauritiana,U,F,4,0.81,NA
5/14/19,11:09:51,12,14,1,40299,40318,1.793612024,3.35002,3.219655184,13.5415,11.47762,23.07,26.789,2.999,0,444,mau31,mauritiana,U,F,4,0.782,NA
5/14/19,11:19:51,13,16,1,40791,40810,1.459628837,2.721275,2.616982893,13.5585,10.738755,23.09,27.0985,3.289,-1.07E-15,445,mau31,mauritiana,U,M,4,0.507,NA
5/14/19,11:24:51,14,17,1,41116,41135,1.446725716,2.678905,2.620734874,13.4205,11.382155,23.11,27.056,3.1305,0.239727273,446,mau31,mauritiana,U,M,4,0.467,NA
5/14/19,11:34:51,15,19,1,41691,41710,1.412273302,3.45547,3.424232991,10.029,10.68679,23.18,27.221,3.0785,0.121945455,447,mau31,mauritiana,U,M,4,0.525,bad flow
5/14/19,11:39:51,16,20,1,42063,42082,1.497621232,2.807195,2.794418887,13.0325,11.39892,23.18,27,3.1145,3.43E-14,448,mau31,mauritiana,U,M,4,0.495,NA
5/14/19,11:49:51,1,22,1,42601,42620,1.451009221,2.77188,2.778112215,12.704,10.6626,23.26,27.242,2.947,0,433,mau31,mauritiana,I,M,4,0.607,NA
5/14/19,11:54:51,2,23,1,43004,43023,1.397532284,2.654345,2.701512156,12.585,11.50487,23.31,27.48,3.1435,1.07E-15,434,mau31,mauritiana,I,M,4,0.574,NA
5/14/19,12:04:51,3,25,1,43491,43510,1.418086481,2.723165,2.783264645,12.398,10.582495,23.38,27.9,3.1865,0.431504545,435,mau31,mauritiana,I,M,4,0.55,NA
5/14/19,12:09:50,4,26,1,43897,43916,1.492911539,2.888795,2.971765604,12.2255,11.49076,23.4115,27.221,3.2155,0,436,mau31,mauritiana,I,M,4,0.627,NA
5/14/19,12:19:51,5,28,1,44391,44410,1.867662625,3.623305,3.713825296,12.2395,10.520055,23.44,26.725,3.1615,4.28E-15,437,mau31,mauritiana,I,F,4,0.915,NA
5/14/19,12:24:51,6,29,1,44691,44710,1.804316684,3.522435,3.622288695,12.124,11.32546,23.46,26.4015,3.0365,1.07E-15,438,mau31,mauritiana,I,F,4,0.926,NA
5/14/19,12:34:50,7,31,1,45387,45406,1.749050873,3.53677,3.646871332,11.675,10.907405,23.5,26.492,3.055,0,439,mau31,mauritiana,I,F,4,0.871,NA
5/14/19,12:39:50,8,32,1,45751,45770,1.795999145,3.68802,3.806165294,11.4875,11.51949,23.52,26.401,3.1695,-2.14E-15,440,mau31,mauritiana,I,F,4,0.876,NA
5/14/19,12:49:50,9,34,2,46190,46209,1.592752804,3.21556,3.340893845,11.6075,10.41125,23.55,26.56,3.12,-1.07E-15,441,mau31,mauritiana,U,F,4,0.71,NA
5/14/19,12:54:50,10,35,2,46490,46509,1.602787776,3.32704,3.468540514,11.2515,11.289845,23.57,26.59,3.039,2.14E-15,442,mau31,mauritiana,U,F,4,0.856,NA
5/14/19,13:04:50,11,37,2,47090,47109,1.562721771,3.31831,3.473867774,10.955,10.34211,23.61,27.156,3.1665,1.07E-15,443,mau31,mauritiana,U,F,4,0.81,NA
5/14/19,13:09:50,12,38,2,47398,47417,1.468974973,3.206315,3.373581749,10.605,11.281725,23.6455,26.968,3.0365,2.14E-15,444,mau31,mauritiana,U,F,4,0.782,NA
5/14/19,13:19:50,13,40,2,47990,48009,1.262799008,2.7441,2.931484965,10.4895,10.169725,23.591,27.449,3.0585,0.125659091,445,mau31,mauritiana,U,M,4,0.507,NA
5/14/19,13:24:50,14,41,2,48290,48309,1.161566356,2.50395,2.723717838,10.381,10.962415,23.49,28.04,2.9355,-2.14E-15,446,mau31,mauritiana,U,M,4,0.467,NA
5/14/19,13:34:50,15,43,2,48890,48909,0.869088345,2.337325,2.584996283,8.178,10.05048,23.255,27.9575,3.2945,0.244763636,447,mau31,mauritiana,U,M,4,0.525,bad flow
5/14/19,13:39:50,16,44,2,49350,49369,1.378085256,3.0747,3.356496965,9.98,10.978355,23.07,27.7455,3.2295,0.481413636,448,mau31,mauritiana,U,M,4,0.495,NA
5/14/19,13:49:50,1,46,2,49790,49809,1.098816748,2.444155,2.725483415,9.7975,9.98694,22.98,28.0315,3.204,0,433,mau31,mauritiana,I,M,4,0.607,NA
5/14/19,13:54:50,2,47,2,50174,50193,1.154213285,2.64108,2.918929229,9.608,10.95901,22.95,28.381,2.9845,-2.14E-15,434,mau31,mauritiana,I,M,4,0.574,NA
5/14/19,14:04:50,3,49,2,50690,50709,1.022101153,2.338845,2.618808938,9.4825,9.798395,22.88,28.3935,3.285,6.86E-14,435,mau31,mauritiana,I,M,4,0.55,NA
5/14/19,14:09:50,4,50,2,50990,51009,1.157557799,2.70307,2.989727464,9.402,10.578055,22.78,28.544,3.256,0,436,mau31,mauritiana,I,M,4,0.627,NA
5/14/19,14:19:50,5,52,2,51590,51609,1.136402503,2.65219,2.943847739,9.3675,9.69251,22.56,29.4125,3.2395,-2.14E-15,437,mau31,mauritiana,I,F,4,0.915,NA
5/14/19,14:24:50,6,53,2,51890,51909,1.307603771,3.146905,3.441385362,9.2205,10.661415,22.57,29.8925,3.2575,-1.07E-15,438,mau31,mauritiana,I,F,4,0.926,NA
5/14/19,14:34:50,7,55,2,52490,52509,1.244758671,3.112055,3.403351765,8.8785,9.640635,22.6615,29.52,3.1365,2.57E-14,439,mau31,mauritiana,I,F,4,0.871,NA
5/14/19,14:39:50,8,56,2,52790,52809,1.515219753,3.921565,4.201792159,8.7555,10.71174,22.724,29.32,3.259,6.43E-15,440,mau31,mauritiana,I,F,4,0.876,NA
5/16/19,10:46:15,5,7,1,38775,38794,1.229439251,4.67761,3.869204396,7.712,9.020395,22.65,38.44,3.269,-1.34E-16,453,mau31,mauritiana,I,M,3,0.509,NA
5/16/19,10:51:15,6,8,1,39075,39094,1.650888447,5.90506,5.190201348,7.7215,10.23116,22.68,38.2715,3.11,0,454,mau31,mauritiana,I,M,3,0.504,NA
5/16/19,11:01:15,7,10,1,39675,39694,1.069775893,4.021865,3.392503993,7.6545,8.81367,22.71,38.35,3.2745,0,455,mau31,mauritiana,I,M,3,0.522,NA
5/16/19,11:06:15,8,11,1,39975,39994,1.492000265,5.287365,4.733626273,7.6525,9.97537,22.71,38.45,3.2985,-1.34E-16,456,mau31,mauritiana,I,M,3,0.489,NA
5/16/19,11:16:15,9,13,1,40575,40594,1.072932421,3.83649,3.353264869,7.7685,8.773595,22.71,38.68,3.2615,2.68E-16,457,mau31,mauritiana,U,M,3,0.504,NA
5/16/19,11:21:15,10,14,1,40906,40925,1.316709604,4.590265,4.178063033,7.651,9.92641,22.7,38.75,3.39,-5.36E-16,458,mau31,mauritiana,U,M,3,0.455,NA
5/16/19,11:31:15,11,16,1,41475,41494,1.038547011,3.62859,3.262200366,7.728,8.6448,22.7,38.8155,3.174,5.36E-16,459,mau31,mauritiana,U,M,3,0.544,NA
5/16/19,11:36:15,12,17,1,41775,41794,1.408035883,4.83024,4.501134182,7.5945,9.79221,22.6975,38.65,3.3385,2.68E-16,460,mau31,mauritiana,U,M,3,0.564,NA
5/16/19,11:46:15,13,19,1,42375,42394,0.938403891,3.255355,2.964427453,7.684,8.665315,22.69,38.846,3.263,-2.68E-16,461,mau31,mauritiana,U,F,3,0.522,NA
5/16/19,11:51:15,14,20,1,42702,42721,1.676344919,5.572685,5.324969215,7.6425,9.822495,22.69,38.88,3.2635,-2.68E-16,462,mau31,mauritiana,U,F,3,0.884,NA
5/16/19,12:01:15,15,22,1,43275,43294,0.856407527,3.502185,3.288922457,6.3205,8.63193,22.69,38.966,3.37,1.07E-15,463,mau31,mauritiana,U,F,3,0.711,bad flow
5/16/19,12:06:15,16,23,1,43594,43613,1.741209004,5.699,5.524220505,7.652,9.83812,22.695,39.17,3.3415,0,464,mau31,mauritiana,U,F,3,0.833,NA
5/16/19,12:16:15,1,25,1,44175,44194,1.240643767,4.111,3.960370488,7.605,8.734295,22.71,39.27,3.164,-4.28E-15,449,mau31,mauritiana,I,F,3,0.852,NA
5/16/19,12:21:15,2,26,1,44475,44494,1.780835616,5.824135,5.687391638,7.6025,9.85531,22.73,39.1445,3.267,-5.36E-16,450,mau31,mauritiana,I,F,3,0.82,NA
5/16/19,12:31:15,3,28,1,45075,45094,1.113834043,3.686095,3.569323149,7.5765,8.58457,22.78,38.827,3.318,6.69E-17,451,mau31,mauritiana,I,F,3,0.928,NA
5/16/19,12:36:17,4,29,1,45377,45396,1.705932657,5.57196,5.483278892,7.5555,9.814995,22.79,38.8395,3.213,0,452,mau31,mauritiana,I,F,3,0.824,NA
5/16/19,12:46:15,5,31,2,45975,45994,0.811702228,2.63945,2.571628555,7.6665,8.681275,22.83,38.7805,3.3615,1.07E-15,453,mau31,mauritiana,I,M,3,0.509,NA
5/16/19,12:51:15,6,32,2,46307,46326,1.239613579,3.993595,3.939042443,7.644,9.85912,22.85,38.973,3.409,6.69E-17,454,mau31,mauritiana,I,M,3,0.504,NA
5/16/19,13:01:15,7,34,2,46875,46894,0.761861513,2.48117,2.436326019,7.595,8.509925,22.88,38.9275,3.1845,0,455,mau31,mauritiana,I,M,3,0.522,NA
5/16/19,13:06:15,8,35,2,47175,47194,1.249337961,4.03821,4.003218865,7.582,9.73283,22.91,38.83,3.429,2.68E-16,456,mau31,mauritiana,I,M,3,0.489,NA
5/16/19,13:16:15,9,37,2,47775,47794,0.761068539,2.424865,2.398789393,7.71,8.48961,22.94,39,3.297,2.68E-16,457,mau31,mauritiana,U,M,3,0.504,NA
5/16/19,13:21:15,10,38,2,48126,48145,1.070254772,3.440415,3.423389853,7.5965,9.80907,22.96,38.796,3.2795,-1.07E-15,458,mau31,mauritiana,U,M,3,0.455,NA
5/16/19,13:31:16,11,40,2,48675,48694,0.802528251,2.547815,2.534407416,7.6955,8.66182,22.98,38.83,3.1825,0,459,mau31,mauritiana,U,M,3,0.544,NA
5/16/19,13:36:16,12,41,2,48977,48996,1.129784408,3.661085,3.648963548,7.524,9.796715,22.98,38.7,3.436,-1.07E-15,460,mau31,mauritiana,U,M,3,0.564,NA
5/16/19,13:46:16,13,43,2,49576,49595,0.738054929,2.35686,2.350443026,7.63,8.60092,23.033,38.49,0.052,0,461,mau31,mauritiana,U,F,3,0.522,NA
5/16/19,13:51:16,14,44,2,49876,49895,1.204085006,3.85407,3.85921003,7.5845,9.770365,23.07,38.2625,0.0465,0.1257,462,mau31,mauritiana,U,F,3,0.884,NA
5/16/19,14:01:15,15,46,2,50475,50494,0.653150908,2.505345,2.521816702,6.299,8.580505,23.1365,38.16,0.067,1.07E-15,463,mau31,mauritiana,U,F,3,0.711,bad flow
5/16/19,14:06:16,16,47,2,50913,50932,1.439524794,4.59405,4.626893393,7.5655,10.05699,23.18,38.11,0.0575,-4.28E-15,464,mau31,mauritiana,U,F,3,0.833,NA
5/16/19,14:16:15,1,49,2,51375,51394,1.057212355,3.354485,3.391197913,7.58,8.6973,23.18,37.95,0.0545,0,449,mau31,mauritiana,I,F,3,0.852,NA
5/16/19,14:21:15,2,50,2,51675,51694,1.663815655,5.29556,5.338488658,7.5795,9.87578,23.209,37.91,0.0495,2.14E-15,450,mau31,mauritiana,I,F,3,0.82,NA
5/16/19,14:31:16,3,52,2,52276,52295,0.941862622,2.98939,3.040472624,7.537,8.713335,23.27,37.73,0.0415,6.69E-17,451,mau31,mauritiana,I,F,3,0.928,NA
5/16/19,14:36:16,4,53,2,52576,52595,1.456306612,4.649875,4.711684245,7.519,9.891645,23.3,37.65,0.0455,-3.21E-15,452,mau31,mauritiana,I,F,3,0.824,NA
5/16/19,14:46:16,5,55,3,53176,53195,0.706010179,2.19124,2.26397423,7.586,8.658715,23.37,37.53,0.05,-8.57E-15,453,mau31,mauritiana,I,M,3,0.509,NA
5/16/19,14:51:15,6,56,3,53475,53494,1.040834608,3.25423,3.338360757,7.587,9.864855,23.4,37.5,0.047,-2.14E-15,454,mau31,mauritiana,I,M,3,0.504,NA
5/16/19,15:01:15,7,58,3,54075,54094,0.682738185,2.105995,2.20366386,7.539,8.72577,23.42,37.944,3.3225,3.21E-15,455,mau31,mauritiana,I,M,3,0.522,NA
5/16/19,15:06:15,8,59,3,54375,54394,1.031897871,3.2192,3.333264683,7.534,9.882625,23.42,38.0755,3.316,0,456,mau31,mauritiana,I,M,3,0.489,NA
5/16/19,15:16:15,9,61,3,54975,54994,0.684158024,2.05476,2.176267923,7.651,8.726955,23.41,38.2,3.2075,0,457,mau31,mauritiana,U,M,3,0.504,NA
5/16/19,15:21:15,10,62,3,55276,55295,0.919946405,2.85465,2.971926722,7.533,9.87178,23.41,38.33,3.3935,8.57E-15,458,mau31,mauritiana,U,M,3,0.455,NA
5/16/19,15:31:15,11,64,3,55875,55894,0.750858385,2.311095,2.419211487,7.5555,8.738085,23.46,38.0725,3.192,2.14E-15,459,mau31,mauritiana,U,M,3,0.544,NA
5/16/19,15:36:15,12,65,3,56260,56279,1.140372135,3.64938,3.737305229,7.431,10.1516,23.622,37.9185,3.29,-3.21E-15,460,mau31,mauritiana,U,M,3,0.564,NA
5/17/19,11:43:05,7,10,1,42269,42288,1.946693287,2.82115,2.202714173,21.468,10.300825,22.87,41.58,3.1175,0,471,mau31,mauritiana,U,F,4,0.824,NA
5/17/19,11:48:06,8,11,1,42631,42650,1.783546714,2.552605,2.023092154,21.413,10.396375,22.84,41.71,3.1655,1.07E-15,472,mau31,mauritiana,U,F,4,0.887,NA
5/17/19,11:58:06,9,13,1,43149,43168,1.736991225,2.40091,1.9015225,22.1855,10.203035,22.8165,41.1165,3.1325,-1.34E-16,473,mau31,mauritiana,I,F,4,0.904,NA
5/17/19,12:03:06,10,14,1,43406,43425,1.941674898,2.65612,2.188604047,21.5465,10.330175,22.8125,40.776,3.0355,-5.36E-16,474,mau31,mauritiana,I,F,4,0.769,NA
5/17/19,12:13:06,11,16,1,44045,44064,1.811026078,2.46568,2.033173578,21.6345,10.185785,22.83,40.39,3.204,0,475,mau31,mauritiana,I,F,4,0.756,NA
5/17/19,12:18:06,12,17,1,44430,44449,1.660501961,2.32023,1.921213566,20.9935,10.34219,22.85,40.39,3.204,-5.36E-16,476,mau31,mauritiana,I,F,4,0.856,NA
5/17/19,12:28:06,13,19,1,44916,44935,1.279588534,1.832165,1.455553003,21.357,10.13538,22.9,40.29,3.174,0,477,mau31,mauritiana,U,M,4,0.59,NA
5/17/19,12:33:06,14,20,1,45189,45208,1.283596498,1.80372,1.461658796,21.3365,10.292505,22.93,40.29,3.2155,1.07E-15,478,mau31,mauritiana,U,M,4,0.548,NA
5/17/19,12:43:06,15,22,1,45786,45805,1.401094036,2.99932,2.689116422,12.661,10.087925,22.98,40.29,3.159,-1.61E-15,479,mau31,mauritiana,U,M,4,0.536,bad flow
5/17/19,12:48:06,16,23,1,46137,46156,1.301587669,1.778545,1.497574542,21.1215,10.243345,23,40.5025,3.2565,-5.36E-16,480,mau31,mauritiana,U,M,4,0.561,NA
5/17/19,12:58:06,1,25,1,46686,46705,1.155871522,1.614785,1.358637072,20.6745,10.00189,22.99,40.7865,3.093,0.000140909,465,mau31,mauritiana,I,M,4,0.527,NA
5/17/19,13:03:06,2,26,1,47138,47157,1.280309414,1.69509,1.491134033,20.8605,10.149565,22.92,41.091,3.2485,-2.14E-15,466,mau31,mauritiana,I,M,4,0.543,NA
5/17/19,13:13:06,3,28,1,47696,47715,1.127680143,1.510125,1.325622923,20.658,9.964895,22.78,41.33,3.017,0,467,mau31,mauritiana,I,M,4,0.56,NA
5/17/19,13:18:06,4,29,1,47944,47963,1.067095864,1.426655,1.260204821,20.559,10.050465,22.7245,41.49,2.9935,5.36E-16,468,mau31,mauritiana,I,M,4,0.54,NA
5/17/19,13:28:06,5,31,1,48588,48607,1.546735436,1.938795,1.787350454,21.0035,9.937925,22.62,41.867,3.243,0,469,mau31,mauritiana,U,F,4,0.845,NA
5/17/19,13:33:06,6,32,1,48914,48933,1.519729506,1.8936,1.751857381,21.0535,10.088215,22.6,42.091,3.173,0.000140909,470,mau31,mauritiana,U,F,4,0.945,NA
5/17/19,13:43:06,7,34,2,49431,49450,1.584302431,2.01111,1.870792906,20.5515,9.905535,22.585,42.23,3.071,-2.68E-16,471,mau31,mauritiana,U,F,4,0.824,NA
5/17/19,13:48:06,8,35,2,49723,49742,1.353410032,1.74417,1.604171621,20.477,10.06963,22.62,42.26,3.2525,3.21E-15,472,mau31,mauritiana,U,F,4,0.887,NA
5/17/19,13:58:06,9,37,2,50286,50305,1.814939642,2.204315,2.0659701,21.3255,9.830405,22.67,42.26,3.22,1.61E-15,473,mau31,mauritiana,I,F,4,0.904,NA
5/17/19,14:03:06,10,38,2,50680,50699,1.348770226,1.72088,1.587125753,20.6335,10.12323,22.73,42.3285,3.171,2.14E-15,474,mau31,mauritiana,I,F,4,0.769,NA
5/17/19,14:13:06,11,40,2,51224,51243,1.3344556,1.69636,1.561360063,20.758,9.904265,22.82,42.1945,3.2795,0.111022727,475,mau31,mauritiana,I,F,4,0.756,NA
5/17/19,14:18:06,12,41,2,51646,51665,1.707808431,2.19501,2.054655399,20.191,10.105705,22.86,42.05,3.189,0.15,476,mau31,mauritiana,I,F,4,0.856,NA
5/17/19,14:28:06,13,43,2,52086,52105,1.162055515,1.50681,1.372122097,20.572,9.78702,22.868,41.7885,3.0635,2.14E-15,477,mau31,mauritiana,U,M,4,0.59,NA
5/17/19,14:33:06,14,44,2,52529,52548,1.128436562,1.44826,1.33336938,20.556,10.037835,22.84,41.225,3.1655,0,478,mau31,mauritiana,U,M,4,0.548,NA
5/17/19,14:43:06,15,46,2,53054,53073,1.143871445,2.368685,2.258246072,12.301,9.866645,22.7895,41.16,3.2385,6.36E-05,479,mau31,mauritiana,U,M,4,0.536,bad flow
5/17/19,14:48:06,16,47,2,53446,53465,1.064498676,1.370345,1.266391301,20.408,9.956225,22.7165,41.559,3.2215,1.07E-14,480,mau31,mauritiana,U,M,4,0.561,NA
5/17/19,14:58:05,1,49,2,54022,54041,0.99144912,1.2962,1.203158541,20.001,9.92923,22.63,41.84,0.027,3.21E-15,465,mau31,mauritiana,I,M,4,0.527,NA
5/17/19,15:03:06,2,50,2,54297,54316,1.04793527,1.3427,1.260798446,20.173,10.0014,22.62,41.74,0.027,0,466,mau31,mauritiana,I,M,4,0.543,NA
5/17/19,15:13:06,3,52,2,54943,54962,0.994133547,1.2895,1.208669502,19.9615,9.903125,22.6,41.64,0.0285,-1.07E-15,467,mau31,mauritiana,I,M,4,0.56,NA
5/17/19,15:18:06,4,53,2,55119,55138,1.188565972,1.52544,1.443811693,19.979,9.96303,22.6,41.64,0.026,0.123959091,468,mau31,mauritiana,I,M,4,0.54,NA
5/17/19,15:28:06,5,55,2,55845,55864,1.358198495,1.71762,1.61993574,20.354,9.97795,22.69,41.52,0.0195,0,469,mau31,mauritiana,U,F,4,0.845,NA
5/17/19,15:33:05,6,56,2,56122,56141,1.396161628,1.77462,1.662109536,20.395,10.049505,22.73,41.49,0.0225,0,470,mau31,mauritiana,U,F,4,0.945,NA
5/20/19,11:08:42,7,9,1,40122,40141,1.657541667,3.42133,2.818165422,14.2845,9.3566,22.81,22.34,3.1015,-1.34E-16,487,mau31,mauritiana,I,F,3,0.762,NA
5/20/19,11:13:42,8,10,1,40576,40595,2.093444782,4.039725,3.566526558,14.256,9.8293,22.82,22.31,3.1815,0,488,mau31,mauritiana,I,F,3,0.871,NA
5/20/19,11:23:42,9,12,1,41092,41111,1.842679111,3.45004,3.034374063,14.7495,9.4433,22.83,22.193,3.0535,-1.34E-16,489,mau31,mauritiana,I,M,3,0.601,NA
5/20/19,11:28:42,10,13,1,41439,41458,1.885524424,3.504025,3.180710347,14.398,9.719925,22.83,22.35,3.0025,-2.68E-16,490,mau31,mauritiana,I,M,3,0.637,NA
5/20/19,11:38:42,11,15,1,42019,42038,1.83715971,3.340855,3.07831833,14.494,9.432215,22.8025,23.05,0.0275,4.02E-16,491,mau31,mauritiana,I,M,3,0.655,NA
5/20/19,11:43:42,12,16,1,42228,42247,1.658253642,3.05579,2.836442536,14.1975,9.579015,22.79,22.93,0.027,-6.69E-17,492,mau31,mauritiana,I,M,3,0.644,NA
5/20/19,11:53:42,13,18,1,42839,42858,1.494127979,2.692305,2.525361075,14.3675,9.261665,22.78,22.7815,0.0275,0,493,mau31,mauritiana,U,M,3,0.581,NA
5/20/19,11:58:43,14,19,1,43122,43141,1.778577475,3.133065,3.002083844,14.387,9.59112,22.78,22.77,0.0265,-2.14E-15,494,mau31,mauritiana,U,M,3,0.666,NA
5/20/19,12:08:42,15,21,1,43722,43741,1.518455916,3.559195,3.464155473,10.6455,9.254545,22.8035,22.602,0.0285,2.68E-16,495,mau31,mauritiana,U,M,3,0.559,bad flow
5/20/19,12:13:42,16,22,1,44169,44188,1.459826949,2.511945,2.466617712,14.374,9.68267,22.82,22.5845,0.031,0,496,mau31,mauritiana,U,M,3,0.611,NA
5/20/19,12:23:42,1,24,1,44782,44801,1.437604344,2.476755,2.468656359,14.143,9.55854,22.81,22.49,0.029,-2.68E-16,481,mau31,mauritiana,U,F,3,0.627,NA
5/20/19,12:28:42,2,25,1,45023,45042,1.525668189,2.58187,2.602772579,14.235,9.644835,22.79,22.49,0.0295,-4.28E-15,482,mau31,mauritiana,U,F,3,0.806,NA
5/20/19,12:38:42,3,27,1,45594,45613,1.475890588,2.4768,2.527638605,14.178,9.33822,22.75,22.379,0.0295,-1.07E-15,483,mau31,mauritiana,U,F,3,0.841,NA
5/20/19,12:43:42,4,28,1,45858,45877,1.889172955,3.159045,3.238197467,14.164,9.559295,22.71,22.37,0.0305,-2.68E-16,484,mau31,mauritiana,U,F,3,0.93,NA
5/20/19,12:53:43,5,30,1,46522,46541,1.569250247,2.52434,2.631049576,14.4765,9.337415,22.63,22.56,0.0295,-8.57E-15,485,mau31,mauritiana,I,F,3,0.824,NA
5/20/19,12:58:43,6,31,1,46804,46823,1.47977392,2.360635,2.483356318,14.461,9.53553,22.591,22.36,0.0315,2.14E-15,486,mau31,mauritiana,I,F,3,0.922,NA
5/20/19,13:08:43,7,33,2,47438,47457,1.233027373,1.95667,2.103803379,14.219,9.32922,22.496,22.76,0.036,0,487,mau31,mauritiana,I,F,3,0.762,NA
5/20/19,13:13:43,8,34,2,47623,47642,1.52842792,2.44767,2.609459024,14.2095,9.45724,22.484,22.79,0.034,0.224072727,488,mau31,mauritiana,I,F,3,0.871,NA
5/20/19,13:23:43,9,36,2,48234,48253,1.29511263,1.971595,2.148972947,14.6195,9.142915,22.47,22.9025,0.0355,5.36E-16,489,mau31,mauritiana,I,M,3,0.601,NA
5/20/19,13:28:43,10,37,2,48606,48625,1.345521049,2.09531,2.278410085,14.326,9.5365,22.47,23.02,0.036,-1.07E-15,490,mau31,mauritiana,I,M,3,0.637,NA
5/20/19,13:38:43,11,39,2,49206,49225,1.35677579,2.092215,2.28763821,14.3875,9.275675,22.47,23.185,0.032,1.07E-15,491,mau31,mauritiana,I,M,3,0.655,NA
5/20/19,13:43:43,12,40,2,49583,49602,1.330276975,2.07911,2.29403533,14.068,9.576155,22.49,23.23,0.0365,1.07E-15,492,mau31,mauritiana,I,M,3,0.644,NA
5/20/19,13:53:43,13,42,2,50173,50192,1.202735721,1.825165,2.040448792,14.3005,9.37957,22.5,23.0795,0.039,8.57E-15,493,mau31,mauritiana,U,M,3,0.581,NA
5/20/19,13:58:43,14,43,2,50329,50348,1.42817368,2.205365,2.420574576,14.3145,9.45636,22.5025,22.95,0.0395,0,494,mau31,mauritiana,U,M,3,0.666,NA
5/20/19,14:08:43,15,45,2,51055,51074,1.317448715,2.806645,3.022161148,10.575,9.310635,22.47,23.1315,0.042,1.07E-15,495,mau31,mauritiana,U,M,3,0.559,bad flow
5/20/19,14:13:42,16,46,2,51380,51399,1.208169795,1.84184,2.057833837,14.242,9.493815,22.46,23.09,0.0365,0,496,mau31,mauritiana,U,M,3,0.611,NA
5/20/19,14:23:42,1,48,2,51863,51882,1.115362168,1.70373,1.922304452,14.0735,9.14288,22.43,23.26,0.0335,4.28E-15,481,mau31,mauritiana,U,F,3,0.627,NA
5/20/19,14:28:42,2,49,2,52122,52141,1.278283451,1.971905,2.194371658,14.1285,9.41122,22.411,23.3345,0.037,0,482,mau31,mauritiana,U,F,3,0.806,NA
5/20/19,14:38:42,3,51,2,52822,52841,1.257293251,1.94127,2.171171436,14.0435,9.237015,22.381,23.251,0.04,3.21E-15,483,mau31,mauritiana,U,F,3,0.841,NA
5/20/19,14:43:42,4,52,2,53024,53043,1.503285826,2.362155,2.596358344,14.041,9.37593,22.37,23.34,0.036,-1.07E-15,484,mau31,mauritiana,U,F,3,0.93,NA
5/20/19,14:53:42,5,54,2,53701,53720,1.364129962,2.07177,2.308262885,14.3295,9.168215,22.33,23.56,0.036,0,485,mau31,mauritiana,I,F,3,0.824,NA
5/20/19,14:58:43,6,55,2,54082,54101,1.324723095,2.00662,2.240778214,14.333,9.441295,22.297,23.644,0.0355,0,486,mau31,mauritiana,I,F,3,0.922,NA
5/20/19,15:08:42,7,57,3,54522,54541,1.159439337,1.75584,1.995937562,14.081,8.957355,22.2485,23.5915,0.0385,2.14E-15,487,mau31,mauritiana,I,F,3,0.762,NA
5/20/19,15:13:42,8,58,3,54832,54851,1.30177781,1.99,2.24445466,14.059,9.32768,22.24,23.79,0.03,1.71E-14,488,mau31,mauritiana,I,F,3,0.871,NA
5/21/19,11:41:14,5,7,1,42209,42228,1.358302057,1.392895,2.546866165,12.9385,12.042695,22.49,26.66,2.8895,1.71E-14,501,auraL2,auraria_bronski,U,M,4,0.488,NA
5/21/19,11:46:14,6,8,1,42499,42518,1.152317955,0.984215,2.160291225,12.9395,12.500915,22.4665,26.6475,2.636,0.142259091,502,auraL2,auraria_bronski,U,M,4,0.498,NA
5/21/19,11:56:14,7,10,1,43124,43143,1.121100433,0.943375,2.129510351,12.769,12.05019,22.42,26.65,2.8385,0.233436364,503,auraL2,auraria_bronski,U,M,4,0.682,NA
5/21/19,12:01:14,8,11,1,43372,43391,1.458155889,1.577925,2.769976099,12.7675,12.43108,22.41,26.7605,2.8515,0.643890909,504,auraL2,auraria_bronski,U,M,4,0.57,NA
5/21/19,12:11:14,9,13,1,43965,43984,1.376824547,1.348775,2.535647286,13.1695,11.70887,22.41,26.9675,2.7725,0.832109091,505,auraL2,auraria_bronski,I,M,4,0.58,NA
5/21/19,12:16:14,10,14,1,44174,44193,1.462288068,1.560655,2.741001973,12.9395,12.25272,22.419,26.92,2.694,0.300990909,506,auraL2,auraria_bronski,I,M,4,0.674,NA
5/21/19,12:26:14,11,16,1,44807,44826,1.205747347,1.082265,2.253883683,12.976,11.298195,22.438,26.9975,2.829,0.224536364,507,auraL2,auraria_bronski,I,M,4,0.472,NA
5/21/19,12:31:14,12,17,1,45177,45196,1.595983136,1.87374,3.037534651,12.746,12.45045,22.47,26.8155,2.832,0,508,auraL2,auraria_bronski,I,M,4,0.694,NA
5/21/19,12:41:14,13,19,1,45674,45693,1.895057973,2.38668,3.546167195,12.965,11.04451,22.5,26.98,2.7995,1.71E-14,509,auraL2,auraria_bronski,I,F,4,0.92,NA
5/21/19,12:46:14,14,20,1,45974,45993,2.159847307,2.886705,4.039471167,12.973,12.29939,22.52,27.2125,2.8675,0.039940909,510,auraL2,auraria_bronski,I,F,4,1.048,NA
5/21/19,12:56:14,15,22,1,46574,46593,2.269615899,4.694415,5.84484678,9.4225,10.96299,22.55,27.2945,2.8425,4.28E-15,511,auraL2,auraria_bronski,I,F,4,1.058,bad flow
5/21/19,13:01:14,16,23,1,46915,46934,2.343358829,3.258005,4.412289142,12.8885,12.358875,22.58,27.29,2.778,0.007486364,512,auraL2,auraria_bronski,I,F,4,1.219,NA
5/21/19,13:11:14,1,25,1,47520,47539,2.061244326,2.768935,3.916985907,12.773,11.51873,22.6445,27.221,2.7655,0.027690909,497,auraL2,auraria_bronski,U,F,4,0.963,NA
5/21/19,13:16:14,2,26,1,47822,47841,1.962494037,2.57661,3.711480484,12.836,12.501285,22.6725,27.35,2.763,-2.14E-15,498,auraL2,auraria_bronski,U,F,4,1.144,NA
5/21/19,13:26:14,3,28,1,48501,48520,2.109879815,2.881535,4.010798539,12.7725,12.10072,22.73,27.39,2.7545,0.415281818,499,auraL2,auraria_bronski,U,F,4,1.131,NA
5/21/19,13:31:14,4,29,1,48720,48739,2.097930982,2.85583,3.984886219,12.784,12.540415,22.76,27.43,2.847,0.020054545,500,auraL2,auraria_bronski,U,F,4,0.97,NA
5/21/19,13:41:14,5,31,2,49283,49302,1.294433821,1.28937,2.416718308,13.008,11.26733,22.8035,27.436,2.824,6.86E-14,501,auraL2,auraria_bronski,U,M,4,0.488,NA
5/21/19,13:46:15,6,32,2,49574,49593,1.188577228,1.08743,2.211435488,13.054,12.47581,22.83,27.45,2.801,0.551695455,502,auraL2,auraria_bronski,U,M,4,0.498,NA
5/21/19,13:56:14,7,34,2,50308,50327,1.203474948,1.144945,2.270161506,12.8795,12.19237,22.9125,27.21,2.933,-1.37E-13,503,auraL2,auraria_bronski,U,M,4,0.682,NA
5/21/19,14:01:14,8,35,2,50583,50602,1.44987818,1.61486,2.743372462,12.8415,12.73077,22.95,27.05,2.7685,1.839136364,504,auraL2,auraria_bronski,U,M,4,0.57,NA
5/21/19,14:11:14,9,37,2,51203,51222,1.36259195,1.3917,2.499718491,13.247,12.17881,23,26.6045,2.9125,0,505,auraL2,auraria_bronski,I,M,4,0.58,NA
5/21/19,14:16:15,10,38,2,51380,51399,1.47908396,1.670935,2.764367947,13.004,12.57785,23.02,26.396,2.948,1.674659091,506,auraL2,auraria_bronski,I,M,4,0.674,NA
5/21/19,14:26:15,11,40,2,51998,52017,1.125806208,1.0112,2.086297033,13.1175,11.416425,23.078,26.04,2.934,0.412240909,507,auraL2,auraria_bronski,I,M,4,0.472,NA
5/21/19,14:31:15,12,41,2,52312,52331,1.144157913,1.103495,2.168749061,12.825,12.6667,23.0925,26.1175,2.943,0,508,auraL2,auraria_bronski,I,M,4,0.694,NA
5/21/19,14:41:15,13,43,2,52976,52995,1.909838393,2.504715,3.559647751,13.046,12.105425,23.1645,26.1115,2.76,0.075645455,509,auraL2,auraria_bronski,I,F,4,0.92,NA
5/21/19,14:46:15,14,44,2,53335,53354,1.83735732,2.384125,3.42945146,13.028,12.92122,23.18,26.016,2.9485,1.71E-14,510,auraL2,auraria_bronski,I,F,4,1.048,NA
5/21/19,14:56:15,15,46,2,53775,53794,1.890846358,3.82001,4.856396768,9.468,11.128795,23.18,26.041,2.8755,0.197872727,511,auraL2,auraria_bronski,I,F,4,1.058,bad flow
5/21/19,15:01:15,16,47,2,54075,54094,2.2677462,3.21983,4.23609595,13.02,12.668505,23.23,25.9815,2.797,0.326545455,512,auraL2,auraria_bronski,I,F,4,1.219,NA
5/21/19,15:11:15,1,49,2,54764,54783,1.689072544,2.18756,3.186111031,12.8965,12.17054,23.3,25.82,1.0975,1.37E-13,497,auraL2,auraria_bronski,U,F,4,0.963,NA
5/21/19,15:16:15,2,50,2,54997,55016,1.788024847,2.370095,3.3618782,12.9395,12.81939,23.33,25.6645,0.03,-4.28E-15,498,auraL2,auraria_bronski,U,F,4,1.144,NA
5/21/19,15:26:15,3,52,2,55666,55685,2.026816535,2.831665,3.813584264,12.9325,12.21688,23.38,25.28,0.0515,2.27E-05,499,auraL2,auraria_bronski,U,F,4,1.131,NA
5/21/19,15:31:15,4,53,2,56019,56038,1.88111178,2.571765,3.544751876,12.9135,13.030075,23.39,25.229,0.0475,0,500,auraL2,auraria_bronski,U,F,4,0.97,NA
5/21/19,15:41:15,5,55,3,56576,56595,1.251743166,1.34862,2.313335524,13.168,12.295965,23.408,25.28,0.0595,0.025527273,501,auraL2,auraria_bronski,U,M,4,0.488,NA
5/21/19,15:46:15,6,56,3,56920,56939,1.176399063,1.21198,2.165314282,13.2225,13.03898,23.4275,25.2335,0.0295,0,502,auraL2,auraria_bronski,U,M,4,0.498,NA
5/22/19,10:52:44,9,11,1,39282,39301,2.373224001,4.34949,4.458970921,12.911,11.49394,22.4625,25.54,3.011,5.36E-16,521,auraL2,auraria_bronski,I,F,5,1.157,NA
5/22/19,10:57:44,10,12,1,39501,39520,2.333652462,4.31218,4.472697238,12.657,11.90621,22.47,25.59,2.893,5.36E-16,522,auraL2,auraria_bronski,I,F,5,1.015,NA
5/22/19,11:07:44,11,14,1,40211,40230,2.360772668,4.252745,4.499547105,12.729,11.52461,22.5,25.48,2.924,1.167168182,523,auraL2,auraria_bronski,I,F,5,1.102,NA
5/22/19,11:12:44,12,15,1,40388,40407,2.461908313,4.49585,4.778120427,12.5,11.81059,22.49,25.5765,3.0455,0,524,auraL2,auraria_bronski,I,F,5,1.319,NA
5/22/19,11:22:44,13,17,1,41040,41059,1.874190465,3.23965,3.582879939,12.687,11.096865,22.41,25.7,2.906,0,525,auraL2,auraria_bronski,U,F,5,0.993,NA
5/22/19,11:27:44,14,18,1,41264,41283,1.956294125,3.35672,3.734616364,12.7035,11.71454,22.38,25.74,2.912,-1.34E-16,526,auraL2,auraria_bronski,U,F,5,1.069,NA
5/22/19,11:37:44,15,20,1,41864,41883,1.758858917,4.05055,4.470666657,9.5395,10.50252,22.34,25.7005,3.108,-5.36E-16,527,auraL2,auraria_bronski,U,F,5,0.984,bad flow
5/22/19,11:42:44,16,21,1,42164,42183,2.009387908,3.4041,3.861255266,12.618,11.653315,22.3275,25.62,3.0445,1.07E-15,528,auraL2,auraria_bronski,U,F,5,1.078,NA
5/22/19,11:52:44,1,23,1,42857,42876,1.763541976,2.924695,3.42233652,12.494,11.240075,22.31,25.86,3.0095,1.560077273,513,auraL2,auraria_bronski,I,M,5,0.669,NA
5/22/19,11:57:44,2,24,1,43224,43243,1.627236558,2.62164,3.151543606,12.518,11.947225,22.29,25.771,2.9295,0.007354545,514,auraL2,auraria_bronski,I,M,5,0.615,NA
5/22/19,12:07:44,3,26,1,43697,43716,1.517579383,2.410095,2.94842784,12.478,10.812715,22.28,25.918,2.892,0.065154545,515,auraL2,auraria_bronski,I,M,5,NA,NA
5/22/19,12:12:44,4,27,1,44000,44019,1.355460081,2.07917,2.631662937,12.4865,11.78291,22.28,26.057,2.9055,0.210722727,516,auraL2,auraria_bronski,I,M,5,0.488,NA
5/22/19,12:22:44,5,29,1,44588,44607,1.267485227,1.855355,2.417063264,12.714,10.74414,22.31,25.97,2.9355,0.327004545,517,auraL2,auraria_bronski,U,M,5,0.548,NA
5/22/19,12:27:44,6,30,1,45023,45042,1.499605526,2.290655,2.860798218,12.71,11.947245,22.33,25.74,2.9895,0.454872727,518,auraL2,auraria_bronski,U,M,5,0.555,NA
5/22/19,12:37:44,7,32,1,45593,45612,1.515486454,2.33897,2.93296241,12.5295,11.387085,22.351,25.34,3.006,0.874790909,519,auraL2,auraria_bronski,U,M,5,0.586,NA
5/22/19,12:42:44,8,33,1,45796,45815,1.458892894,2.21132,2.823881287,12.528,11.796455,22.36,25.1335,2.9575,1.5589,520,auraL2,auraria_bronski,U,M,5,0.556,NA
5/22/19,12:52:44,9,35,2,46388,46407,1.889269936,2.938225,3.560568268,12.868,10.70938,22.38,25.03,2.964,8.57E-15,521,auraL2,auraria_bronski,I,F,5,1.157,NA
5/22/19,12:57:44,10,36,2,46693,46712,1.769794261,2.782205,3.398993769,12.628,11.796185,22.3985,25.23,3.02,4.28E-15,522,auraL2,auraria_bronski,I,F,5,1.015,NA
5/22/19,13:07:44,11,38,2,47264,47283,2.147769074,3.49294,4.110431958,12.6735,10.53042,22.42,25.003,2.916,1.483181818,523,auraL2,auraria_bronski,I,F,5,1.102,NA
5/22/19,13:12:44,12,39,2,47585,47604,2.176240455,3.624145,4.249722439,12.4215,11.84157,22.4395,24.956,2.973,0,524,auraL2,auraria_bronski,I,F,5,1.319,NA
5/22/19,13:22:44,13,41,2,48324,48343,1.642736949,2.52071,3.154459244,12.633,11.516405,22.4675,25.0725,3.0025,1.71E-14,525,auraL2,auraria_bronski,U,F,5,0.993,NA
5/22/19,13:27:44,14,42,2,48464,48483,1.739816316,2.708985,3.344877199,12.618,11.7724,22.47,25.14,2.9455,3.21E-15,526,auraL2,auraria_bronski,U,F,5,1.069,NA
5/22/19,13:37:44,15,44,2,49064,49083,1.542225909,3.304495,3.948590743,9.4765,10.47641,22.499,25.28,2.937,-1.07E-15,527,auraL2,auraria_bronski,U,F,5,0.984,bad flow
5/22/19,13:42:44,16,45,2,49524,49543,1.930011724,3.061885,3.72590474,12.568,12.01005,22.52,24.97,2.8795,-1.71E-14,528,auraL2,auraria_bronski,U,F,5,1.078,NA
5/22/19,13:52:44,1,47,2,50014,50033,1.61509644,2.47925,3.149595156,12.442,10.99611,22.53,24.85,2.906,0.930240909,513,auraL2,auraria_bronski,I,M,5,0.669,NA
5/22/19,13:57:44,2,48,2,50335,50354,1.451565529,2.142155,2.823135312,12.4765,11.96441,22.5485,24.53,2.8835,0.132331818,514,auraL2,auraria_bronski,I,M,5,0.615,NA
5/22/19,14:07:44,3,50,2,50988,51007,1.54821866,2.334425,3.012083485,12.473,11.46635,22.5625,24.45,2.997,0.541477273,515,auraL2,auraria_bronski,I,M,5,NA,NA
5/22/19,14:12:45,4,51,2,51240,51259,1.308705469,1.87973,2.550835362,12.45,11.979655,22.569,24.3095,2.896,0.988590909,516,auraL2,auraria_bronski,I,M,5,0.488,NA
5/22/19,14:22:45,5,53,2,51800,51819,1.425381676,2.057635,2.736055017,12.642,10.916105,22.57,24.1235,2.9605,0.973609091,517,auraL2,auraria_bronski,U,M,5,0.548,NA
5/22/19,14:27:45,6,54,2,52074,52093,1.419790377,2.022025,2.716738216,12.6825,11.87696,22.58,24.248,3.004,1.260045455,518,auraL2,auraria_bronski,U,M,5,0.555,NA
5/22/19,14:37:45,7,56,2,52666,52685,1.15943775,1.547105,2.251351521,12.4995,10.606235,22.62,24.506,2.9325,0.322568182,519,auraL2,auraria_bronski,U,M,5,0.586,NA
5/22/19,14:42:45,8,57,2,52965,52984,1.468301844,2.165665,2.869886996,12.418,11.87595,22.63,24.482,2.9155,0.200277273,520,auraL2,auraria_bronski,U,M,5,0.556,NA
5/22/19,14:52:45,9,59,3,53600,53619,1.61132491,2.355785,3.055007311,12.8035,10.89785,22.67,24.5725,3.039,8.57E-15,521,auraL2,auraria_bronski,I,F,5,1.157,NA
5/22/19,14:57:45,10,60,3,53865,53884,2.124029377,3.413945,4.105135504,12.561,11.90084,22.69,24.8095,2.9455,0.348390909,522,auraL2,auraria_bronski,I,F,5,1.015,NA
5/22/19,15:07:45,11,62,3,54552,54571,2.041464663,3.237395,3.923090922,12.6355,11.30615,22.75,24.5145,3.1485,1.286413636,523,auraL2,auraria_bronski,I,F,5,1.102,NA
5/22/19,15:12:45,12,63,3,54767,54786,1.995350685,3.22901,3.91435114,12.378,11.93865,22.76,24.82,3.0095,-3.43E-14,524,auraL2,auraria_bronski,I,F,5,1.319,NA
5/22/19,15:22:45,13,65,3,55486,55505,1.485045343,2.17538,2.873370895,12.551,11.49585,22.7845,24.78,2.9525,2.27E-05,525,auraL2,auraria_bronski,U,F,5,0.993,NA
5/22/19,15:27:45,14,66,3,55698,55717,2.095674235,3.34066,4.049590395,12.5675,12.00181,22.79,24.62,3.0445,0.143077273,526,auraL2,auraria_bronski,U,F,5,1.069,NA
5/22/19,15:37:45,15,68,3,56265,56284,1.3839321,2.846115,3.558642137,9.445,10.52825,22.819,24.29,3.057,-2.14E-15,527,auraL2,auraria_bronski,U,F,5,0.984,bad flow
5/22/19,15:42:45,16,69,3,56569,56588,1.988595248,3.159975,3.864410686,12.4985,11.908135,22.83,24.17,3.022,0.016968182,528,auraL2,auraria_bronski,U,F,5,1.078,NA
5/23/19,11:11:47,9,11,1,40307,40326,1.643497661,2.626305,2.441589994,16.3335,12.00598,22.55,29.55,3.273,0,537,Car5,DSim,I,M,3,0.583,NA
5/23/19,11:16:47,10,12,1,40609,40628,1.646463574,2.64571,2.508657762,15.9255,12.76795,22.55,29.864,3.523,-2.14E-15,538,Car5,DSim,I,M,3,0.616,NA
5/23/19,11:26:47,11,14,1,41367,41386,1.502417752,2.372905,2.288973685,15.93,12.601505,22.6065,29.903,3.4805,6.69E-17,539,Car5,DSim,I,M,3,0.688,NA
5/23/19,11:31:47,12,15,1,41577,41596,1.554535961,2.497685,2.433111005,15.507,12.8077,22.62,29.63,3.407,0,540,Car5,DSim,I,M,3,0.598,NA
5/23/19,11:41:47,13,17,1,42140,42159,2.023608768,3.14161,3.100883957,15.841,12.07051,22.67,29.553,3.398,-5.36E-16,541,Car5,DSim,I,F,3,1.084,NA
5/23/19,11:46:47,14,18,1,42474,42493,2.07333551,3.191905,3.181344335,15.822,12.76343,22.7,28.955,3.286,1.07E-15,542,Car5,DSim,I,F,3,1.031,NA
5/23/19,11:56:46,15,20,1,43006,43025,2.013431322,4.99149,4.994074928,9.7885,11.686635,22.73,29.01,3.408,-1.07E-15,543,Car5,DSim,I,F,3,0.891,bad flow
5/23/19,12:01:47,16,21,1,43324,43343,2.527858644,3.900035,3.912389697,15.6885,12.649555,22.75,29.21,3.367,-3.43E-14,544,Car5,DSim,I,F,3,0.975,NA
5/23/19,12:11:47,1,23,1,43951,43970,1.478463617,2.304815,2.325939345,15.436,12.135355,22.78,29.218,3.3625,-5.36E-16,529,Car5,DSim,U,M,3,0.631,NA
5/23/19,12:16:47,2,24,1,44266,44285,1.402615128,2.16542,2.193959937,15.525,12.74826,22.78,27.7375,3.3405,0,530,Car5,DSim,U,M,3,0.572,NA
5/23/19,12:26:46,3,26,1,44927,44946,1.377776116,2.120105,2.170426902,15.417,12.429055,22.81,26.807,3.3635,1.07E-15,531,Car5,DSim,U,M,3,0.66,NA
5/23/19,12:31:47,4,27,1,45134,45153,1.396484404,2.1378,2.203971758,15.3885,12.696575,22.81,26.135,3.2965,0,532,Car5,DSim,U,M,3,0.608,NA
5/23/19,12:41:47,5,29,1,45707,45726,1.927327384,2.89667,2.976363992,15.728,11.78989,22.84,24.8495,3.3865,6.69E-17,533,Car5,DSim,U,F,3,1.187,NA
5/23/19,12:46:46,6,30,1,46092,46111,2.152166088,3.25101,3.338694364,15.658,12.776275,22.86,24.2465,3.3655,0,534,Car5,DSim,U,F,3,1.154,NA
5/23/19,12:56:46,7,32,1,46749,46768,2.064990589,3.16552,3.26127973,15.3825,12.51354,22.9,23.5365,3.387,-1.07E-15,535,Car5,DSim,U,F,3,1.072,NA
5/23/19,13:01:46,8,33,1,46940,46959,1.709843031,2.599935,2.700140221,15.3845,12.744605,22.91,23.4305,3.3105,3.21E-15,536,Car5,DSim,U,F,3,0.968,NA
5/23/19,13:11:46,9,35,2,47523,47542,1.366775063,1.984175,2.093571552,15.8625,11.90258,22.94,23.1365,3.393,5.36E-16,537,Car5,DSim,I,M,3,0.583,NA
5/23/19,13:16:46,10,36,2,47806,47825,1.614851656,2.407545,2.528604613,15.5195,12.71881,22.9715,23.1645,3.292,0.442304545,538,Car5,DSim,I,M,3,0.616,NA
5/23/19,13:26:46,11,38,2,48499,48518,1.334391959,1.945585,2.078992528,15.601,12.382105,23.0525,22.445,3.335,-2.68E-16,539,Car5,DSim,I,M,3,0.688,NA
5/23/19,13:31:46,12,39,2,48855,48874,1.370919185,2.044855,2.186842435,15.2395,12.918675,23.09,22.078,3.43,0,540,Car5,DSim,I,M,3,0.598,NA
5/23/19,13:41:46,13,41,2,49446,49465,1.749034307,2.60226,2.744472333,15.4965,12.56544,23.17,22.02,3.3295,0,541,Car5,DSim,I,F,3,1.084,NA
5/23/19,13:46:46,14,42,2,49687,49706,1.82912823,2.724585,2.866556629,15.5165,12.89227,23.18,21.831,3.316,0,542,Car5,DSim,I,F,3,1.031,NA
5/23/19,13:56:46,15,44,2,50206,50225,1.659638396,4.03458,4.179782997,9.6555,11.624595,23.1845,21.3835,3.3475,0,543,Car5,DSim,I,F,3,0.891,bad flow
5/23/19,14:01:46,16,45,2,50666,50685,2.267897767,3.425445,3.582440194,15.398,12.960315,23.2565,21.0725,3.271,0.069013636,544,Car5,DSim,I,F,3,0.975,NA
5/23/19,14:11:46,1,47,2,51214,51233,1.521313718,2.280775,2.435255229,15.1975,12.570245,23.31,21.134,3.3645,0,529,Car5,DSim,U,M,3,0.631,NA
5/23/19,14:16:46,2,48,2,51456,51475,1.630768567,2.440085,2.591754464,15.3075,12.94943,23.32,20.99,3.346,0.3054,530,Car5,DSim,U,M,3,0.572,NA
5/23/19,14:26:46,3,50,2,52053,52072,1.296450626,1.925755,2.078724872,15.1755,12.29847,23.37,21.13,3.3505,-2.14E-15,531,Car5,DSim,U,M,3,0.66,NA
5/23/19,14:31:46,4,51,2,52306,52325,1.34727649,2.002475,2.159298454,15.1825,12.9023,23.38,21.056,3.343,0,532,Car5,DSim,U,M,3,0.608,NA
5/23/19,14:41:46,5,53,2,52917,52936,1.843817431,2.74604,2.902846223,15.4575,12.06154,23.41,21.3815,3.429,6.69E-17,533,Car5,DSim,U,F,3,1.187,NA
5/23/19,14:46:46,6,54,2,53242,53261,2.549947078,3.86795,4.018744348,15.4425,13.017375,23.43,21.4815,3.365,1.303318182,534,Car5,DSim,U,F,3,1.154,NA
5/23/19,14:56:46,7,56,2,53932,53951,1.724476202,2.61948,2.765509653,15.178,12.73654,23.47,21.735,3.4625,0,535,Car5,DSim,U,F,3,1.072,NA
5/23/19,15:01:46,8,57,2,54161,54180,1.665600165,2.528455,2.672427505,15.1715,13.06736,23.49,21.664,3.4545,3.21E-15,536,Car5,DSim,U,F,3,0.968,NA
5/23/19,15:11:46,9,59,3,54754,54773,1.294108984,1.86587,2.007698507,15.692,12.357015,23.52,21.6815,3.408,-2.68E-16,537,Car5,DSim,I,M,3,0.583,NA
5/23/19,15:16:46,10,60,3,55107,55126,1.549250985,2.323095,2.462705228,15.3165,13.153945,23.55,21.93,3.408,0.14515,538,Car5,DSim,I,M,3,0.616,NA
5/23/19,15:26:46,11,62,3,55613,55632,1.221003283,1.783,1.927984381,15.4205,12.024035,23.575,22.388,3.283,1.07E-15,539,Car5,DSim,I,M,3,0.688,NA
5/23/19,15:31:46,12,63,3,55992,56011,1.2976591,1.935915,2.097016216,15.0695,13.18433,23.61,22.184,3.415,-2.68E-16,540,Car5,DSim,I,M,3,0.598,NA
5/23/19,15:41:46,13,65,3,56624,56643,1.611950386,2.408025,2.5613215,15.3305,12.78959,23.68,21.793,3.367,-1.07E-15,541,Car5,DSim,I,F,3,1.084,NA
5/23/19,15:46:46,14,66,3,56899,56918,1.667436175,2.514965,2.655644253,15.296,13.245825,23.72,21.907,3.506,-8.57E-15,542,Car5,DSim,I,F,3,1.031,NA
5/28/19,11:20:11,9,10,1,40820,40839,1.523274438,3.873975,3.148280786,11.727,11.253875,22.209,37.5965,3.0905,5.36E-16,553,auraL2,auraria_bronski,I,F,4,0.956,bad flow
5/28/19,11:25:11,10,11,1,41160,41179,2.331070852,4.570975,3.934794291,14.358,12.13552,22.19,37.59,3.091,6.69E-17,554,auraL2,auraria_bronski,I,F,4,0.908,NA
5/28/19,11:35:11,11,13,1,41729,41748,1.78009086,3.57072,2.991810651,14.42,11.28465,22.19,37.53,3.235,1.07E-15,555,auraL2,auraria_bronski,I,F,4,0.839,NA
5/28/19,11:40:11,12,14,1,42011,42030,0.170033775,4.83214,4.302072517,0.958,11.93286,22.19,37.3415,3.171,-5.36E-16,556,auraL2,auraria_bronski,I,F,4,1.056,bad flow
5/28/19,11:50:11,13,16,1,42631,42650,1.636323706,3.24391,2.767680623,14.3295,11.23572,22.2,37.26,3.0775,-3.21E-15,557,auraL2,auraria_bronski,U,M,4,0.63,NA
5/28/19,11:55:11,14,17,1,42963,42982,1.701298837,3.301705,2.879841516,14.3185,12.147065,22.21,37.051,3.154,8.57E-15,558,auraL2,auraria_bronski,U,M,4,0.491,NA
5/28/19,12:05:11,15,19,1,43511,43530,1.692776207,4.471885,4.088223515,10.037,11.069285,22.24,36.7525,0.029,0,559,auraL2,auraria_bronski,U,M,4,0.441,bad flow
5/28/19,12:10:11,16,20,1,43916,43935,1.627465039,3.086915,2.762552578,14.28,12.211495,22.24,36.3235,0.0275,-3.43E-14,560,auraL2,auraria_bronski,U,M,4,0.529,NA
5/28/19,12:20:11,1,22,1,44433,44452,1.330588289,2.806155,2.502514464,12.8905,11.36431,22.29,35.5605,0.1085,2.68E-16,545,auraL2,auraria_bronski,U,F,4,0.95,bad flow
5/28/19,12:25:11,2,23,1,44711,44730,0.696399206,4.04096,3.758014337,4.493,12.09505,22.33,35.2,0.029,0,546,auraL2,auraria_bronski,U,F,4,0.804,bad flow
5/28/19,12:35:11,3,25,1,45467,45486,1.695222776,3.16958,2.91877746,14.0865,12.038925,22.41,34.4405,0.0235,0,547,auraL2,auraria_bronski,U,F,4,0.899,NA
5/28/19,12:40:11,4,26,1,45624,45643,2.044223691,3.75701,3.516944614,14.0985,12.218555,22.43,34.434,0.0255,0.026804545,548,auraL2,auraria_bronski,U,F,4,0.936,NA
5/28/19,12:50:11,5,28,1,46301,46320,1.464402173,2.698205,2.476628556,14.3455,11.80998,22.5,34,0.0605,0.203577273,549,auraL2,auraria_bronski,I,M,4,0.625,NA
5/28/19,12:55:11,6,29,1,46511,46530,0.670617201,4.15528,3.94115256,4.1285,12.092125,22.52,33.96,0.0325,0.1681,550,auraL2,auraria_bronski,I,M,4,0.538,bad flow
5/28/19,13:05:11,7,31,1,47264,47283,1.503662179,2.775275,2.586274186,14.109,12.03454,22.573,34.12,0.0535,0.856240909,551,auraL2,auraria_bronski,I,M,4,0.504,NA
5/28/19,13:10:11,8,32,1,47435,47454,1.561316632,2.865285,2.687854206,14.0975,12.27826,22.6,34.19,0.0245,0.079781818,552,auraL2,auraria_bronski,I,M,4,0.516,NA
5/28/19,13:20:11,9,34,2,48142,48161,1.258878442,2.796935,2.644231966,11.557,11.96787,22.67,34.41,3.0555,0.1751,553,auraL2,auraria_bronski,I,F,4,0.956,bad flow
5/28/19,13:25:11,10,35,2,48315,48334,1.966658708,3.509725,3.366905939,14.181,12.2754,22.7,34.376,3.0095,0,554,auraL2,auraria_bronski,I,F,4,0.908,NA
5/28/19,13:35:11,11,37,2,49009,49028,1.402276143,2.523485,2.394495918,14.221,11.898625,22.773,34.21,3.059,-2.14E-15,555,auraL2,auraria_bronski,I,F,4,0.839,NA
5/28/19,13:40:11,12,38,2,49211,49230,0.130013508,3.44359,3.318485091,0.9515,12.12964,22.79,34.15,3.104,8.57E-15,556,auraL2,auraria_bronski,I,F,4,1.056,bad flow
5/28/19,13:50:11,13,40,2,49892,49911,1.775625993,3.13763,3.02939319,14.237,11.838705,22.86,33.7,3.113,0.195245455,557,auraL2,auraria_bronski,U,M,4,0.63,NA
5/28/19,13:55:11,14,41,2,50137,50156,1.700392874,3.003795,2.911397474,14.1875,12.424625,22.88,33.599,3.1655,3.43E-14,558,auraL2,auraria_bronski,U,M,4,0.491,NA
5/28/19,14:05:11,15,43,2,50804,50823,1.565349462,3.90211,3.82412848,9.947,11.737795,22.9755,34.03,3.2785,0.112118182,559,auraL2,auraria_bronski,U,M,4,0.441,bad flow
5/28/19,14:10:11,16,44,2,51171,51190,1.478995395,2.61652,2.547014467,14.113,12.612755,23.03,33.866,3.0435,0,560,auraL2,auraria_bronski,U,M,4,0.529,NA
5/28/19,14:20:11,1,46,2,51611,51630,1.273437928,2.474375,2.405052257,12.871,11.39973,23.08,33.72,3.001,0,545,auraL2,auraria_bronski,U,F,4,0.95,bad flow
5/28/19,14:25:11,2,47,2,52069,52088,0.713526328,3.977185,3.90773276,4.4395,12.59516,23.14,33.805,3.1435,-2.14E-15,546,auraL2,auraria_bronski,U,F,4,0.804,bad flow
5/28/19,14:35:11,3,49,2,52658,52677,1.62275123,2.88158,2.826259156,13.962,12.314695,23.18,33.482,3.1635,0,547,auraL2,auraria_bronski,U,F,4,0.899,NA
5/28/19,14:40:11,4,50,2,52811,52830,1.797489608,3.19258,3.145080498,13.8995,12.55986,23.219,33.45,3.0345,3.43E-14,548,auraL2,auraria_bronski,U,F,4,0.936,NA
5/28/19,14:50:11,5,52,2,53452,53471,1.629419544,2.83633,2.795780068,14.1875,11.88601,23.5,33.55,3.113,0.727631818,549,auraL2,auraria_bronski,I,M,4,0.625,NA
5/28/19,14:55:11,6,53,2,53711,53730,0.672304449,3.98684,3.943684497,4.1515,12.51513,23.604,33.41,3.095,0.150454545,550,auraL2,auraria_bronski,I,M,4,0.538,bad flow
5/28/19,15:05:11,7,55,2,54421,54440,1.571371308,2.76944,2.732015508,14.007,12.290095,23.619,33.411,3.082,0.000290909,551,auraL2,auraria_bronski,I,M,4,0.504,NA
5/28/19,15:10:11,8,56,2,54615,54634,1.632817286,2.871115,2.839713986,14.004,12.67611,23.6435,33.2215,3.136,1.37E-13,552,auraL2,auraria_bronski,I,M,4,0.516,NA
5/28/19,15:20:11,9,58,3,55303,55322,1.375581812,2.9284,2.905540644,11.5335,12.15536,23.7225,33.0045,3.0505,0.0682,553,auraL2,auraria_bronski,I,F,4,0.956,bad flow
5/28/19,15:25:11,10,59,3,55621,55640,1.861000165,3.223605,3.205631319,14.1445,12.88183,23.76,32.679,3.074,4.28E-15,554,auraL2,auraria_bronski,I,F,4,0.908,NA
5/29/19,11:05:29,15,9,1,40048,40067,1.901826385,4.194165,4.493729222,10.2785,11.722045,22.81,33.1685,3.1755,5.36E-16,575,auraL2,auraria_bronski,I,F,6,1.039,bad flow
5/29/19,11:10:29,16,10,1,40229,40248,1.492824354,2.311415,2.604192792,13.9225,12.26066,22.82,33.037,3.109,2.14E-15,576,auraL2,auraria_bronski,I,F,6,0.741,NA
5/29/19,11:20:29,1,12,1,40973,40992,1.49280416,2.35787,2.646601908,13.7015,12.06387,22.87,32.983,3.1815,0.704368182,561,auraL2,auraria_bronski,I,M,6,0.517,NA
5/29/19,11:25:29,2,13,1,41203,41222,1.44746733,2.26132,2.551993969,13.7795,12.43392,22.9,33.02,3.085,0.113559091,562,auraL2,auraria_bronski,I,M,6,0.637,NA
5/29/19,11:35:29,3,15,1,41794,41813,1.502491686,2.36481,2.653812619,13.757,11.66352,22.9585,33.1,3.121,-8.57E-15,563,auraL2,auraria_bronski,I,M,6,0.555,NA
5/29/19,11:40:29,4,16,1,42058,42077,1.255845034,1.93737,2.223009535,13.7275,12.329535,22.97,32.98,3.2155,-2.14E-15,564,auraL2,auraria_bronski,I,M,6,0.632,NA
5/29/19,11:50:29,5,18,1,42629,42648,1.245987591,1.8778,2.160306186,14.017,11.011385,23,32.609,3.089,0.218631818,565,auraL2,auraria_bronski,U,M,6,0.573,NA
5/29/19,11:55:29,6,19,1,42929,42948,1.498345983,2.319585,2.598978773,14.0115,12.27285,23.02,32.57,3.1325,0.370377273,566,auraL2,auraria_bronski,U,M,6,0.618,NA
5/29/19,12:05:29,7,21,1,43667,43686,1.367539796,2.15259,2.417326911,13.752,11.98025,23.0805,32.92,3.2065,0.352677273,567,auraL2,auraria_bronski,U,M,6,0.518,NA
5/29/19,12:10:29,8,22,1,43872,43891,1.513721117,2.41997,2.674822194,13.758,12.37959,23.11,33.08,3.291,0.337490909,568,auraL2,auraria_bronski,U,M,6,0.53,NA
5/29/19,12:20:29,9,24,1,44462,44481,1.780931524,2.813925,3.061087366,14.1475,11.30403,23.18,33.1,3.095,0.468977273,569,auraL2,auraria_bronski,U,F,6,0.957,NA
5/29/19,12:25:29,10,25,1,44804,44823,1.918521929,3.117895,3.361710534,13.879,12.458825,23.209,33.1,3.1905,8.57E-15,570,auraL2,auraria_bronski,U,F,6,0.994,NA
5/29/19,12:35:29,11,27,1,45391,45410,1.840678842,2.97499,3.214407854,13.93,11.5853,23.2875,33.3,3.101,0.0614,571,auraL2,auraria_bronski,U,F,6,1.135,NA
5/29/19,12:40:29,12,28,1,45789,45808,1.213715661,1.927425,2.15962503,13.6735,12.60365,23.34,33.77,3.156,-4.28E-15,572,auraL2,auraria_bronski,U,F,6,0.713,NA
5/29/19,12:50:29,13,30,1,46356,46375,1.817023589,2.962015,3.177538945,13.917,12.007095,23.43,33.4675,3.27,0.001981818,573,auraL2,auraria_bronski,I,F,6,0.972,NA
5/29/19,12:55:29,14,31,1,46651,46670,1.753061148,2.873175,3.069717965,13.9015,12.607675,23.49,33.184,3.2545,-1.07E-15,574,auraL2,auraria_bronski,I,F,6,1.07,NA
5/29/19,13:05:29,15,33,2,47129,47148,1.542551504,3.469675,3.663435324,10.2525,10.848265,23.57,33.09,3.3055,4.28E-15,575,auraL2,auraria_bronski,I,F,6,1.039,bad flow
5/29/19,13:10:29,16,34,2,47589,47608,1.449820112,2.353965,2.548697253,13.8545,12.65687,23.65,33.001,3.1595,8.57E-15,576,auraL2,auraria_bronski,I,F,6,0.741,NA
5/29/19,13:20:28,1,36,2,48099,48118,1.678335557,2.788065,2.978505895,13.7275,11.8368,23.73,33.1225,3.032,1.063640909,561,auraL2,auraria_bronski,I,M,6,0.517,NA
5/29/19,13:25:29,2,37,2,48402,48421,1.41115213,2.31618,2.500105367,13.7535,12.65732,23.79,32.87,3.187,0.487195455,562,auraL2,auraria_bronski,I,M,6,0.637,NA
5/29/19,13:35:29,3,39,2,49000,49019,1.521664075,2.53175,2.702725031,13.722,11.845275,23.86,31.9835,3.204,0.23225,563,auraL2,auraria_bronski,I,M,6,0.555,NA
5/29/19,13:40:29,4,40,2,49350,49369,1.361281815,2.270035,2.422025789,13.6985,12.69715,23.86,31.548,3.1235,0.000977273,564,auraL2,auraria_bronski,I,M,6,0.632,NA
5/29/19,13:50:29,5,42,2,49883,49902,1.364828041,2.22862,2.381600286,13.966,11.69074,23.83,31.3905,0.0545,0.000745455,565,auraL2,auraria_bronski,U,M,6,0.573,NA
5/29/19,13:55:29,6,43,2,50173,50192,1.234153878,1.99179,2.150491536,13.985,12.54984,23.81,31.29,0.056,0.272736364,566,auraL2,auraria_bronski,U,M,6,0.618,NA
5/29/19,14:05:29,7,45,2,50879,50898,1.117502647,1.818285,1.982504868,13.732,12.14442,23.73,30.2505,0.0545,0,567,auraL2,auraria_bronski,U,M,6,0.518,NA
5/29/19,14:10:29,8,46,2,51136,51155,1.438421299,2.380735,2.547752363,13.753,12.598425,23.7,30.0455,0.06,0.25105,568,auraL2,auraria_bronski,U,M,6,0.53,NA
5/29/19,14:20:29,9,48,2,51703,51722,1.57516396,2.542585,2.704272165,14.185,11.69365,23.619,29.4005,0.0475,0.997527273,569,auraL2,auraria_bronski,U,F,6,0.957,NA
5/29/19,14:25:29,10,49,2,51945,51964,1.440552679,2.370315,2.524854516,13.8925,12.379425,23.5755,28.94,0.05,0.066618182,570,auraL2,auraria_bronski,U,F,6,0.994,NA
5/29/19,14:35:29,11,51,2,52529,52548,1.673021392,2.759945,2.914956976,13.973,10.9835,23.55,28.208,0.0555,0.124027273,571,auraL2,auraria_bronski,U,F,6,1.135,NA
5/29/19,14:40:29,12,52,2,52933,52952,1.10856492,1.8048,1.975429759,13.664,12.575915,23.57,28.051,0.0525,8.57E-15,572,auraL2,auraria_bronski,U,F,6,0.713,NA
5/29/19,14:50:29,13,54,2,53498,53517,1.772854495,2.945995,3.1066548,13.896,11.67434,23.59,28.05,0.053,0.836918182,573,auraL2,auraria_bronski,I,F,6,0.972,NA
5/29/19,14:55:28,14,55,2,53795,53814,1.744233622,2.920495,3.062448961,13.8695,12.572255,23.6025,28.56,0.0465,-8.57E-15,574,auraL2,auraria_bronski,I,F,6,1.07,NA
5/29/19,15:05:29,15,57,3,54329,54348,1.714277716,3.94444,4.074470049,10.248,10.825485,23.68,28.574,0.053,0.028813636,575,auraL2,auraria_bronski,I,F,6,1.039,bad flow
5/29/19,15:10:29,16,58,3,54788,54807,1.287006498,2.1627,2.273571809,13.791,12.69978,23.7325,27.4565,0.0485,1.71E-14,576,auraL2,auraria_bronski,I,F,6,0.741,NA
5/31/19,11:01:45,9,11,1,39758,39777,1.801882955,2.964035,3.132728056,13.978,11.03607,22.998,41.7095,2.8005,0.252390909,585,auraL2,auraria_bronski,I,M,3,0.598,NA
5/31/19,11:06:45,10,12,1,40055,40074,1.937090048,3.202465,3.436498515,13.7,11.674355,23.03,41.47,2.7165,0.077827273,586,auraL2,auraria_bronski,I,M,3,0.66,NA
5/31/19,11:16:45,11,14,1,40718,40737,1.864557425,2.99046,3.300745809,13.735,11.190375,23.15,41.15,2.725,0.854377273,587,auraL2,auraria_bronski,I,M,3,0.6,NA
5/31/19,11:21:45,12,15,1,40983,41002,1.72249354,2.74054,3.105423578,13.488,11.648855,23.18,40.64,2.787,0.444959091,588,auraL2,auraria_bronski,I,M,3,0.504,NA
5/31/19,11:31:45,13,17,1,41591,41610,2.009431694,3.149515,3.56326371,13.721,11.03038,23.354,39.428,2.8505,-2.14E-15,589,auraL2,auraria_bronski,U,F,3,1.044,NA
5/31/19,11:36:45,14,18,1,41875,41894,1.782082514,2.71018,3.163482398,13.71,11.648075,23.43,38.7685,2.769,0.112195455,590,auraL2,auraria_bronski,U,F,3,0.894,NA
5/31/19,11:46:45,15,20,1,42405,42424,1.791375729,3.711705,4.196638359,10.3925,10.296825,23.54,38.17,0.037,5.36E-16,591,auraL2,auraria_bronski,U,F,3,0.777,bad flow
5/31/19,11:51:45,16,21,1,42711,42730,1.948749256,2.94531,3.472240365,13.6655,11.50703,23.57,38.323,0.033,0,592,auraL2,auraria_bronski,U,F,3,0.934,NA
5/31/19,12:01:45,1,23,1,43354,43373,1.196583795,1.584585,2.154536693,13.527,10.9345,23.66,38.3285,0.034,-2.68E-16,577,auraL2,auraria_bronski,U,M,3,0.494,NA
5/31/19,12:06:45,2,24,1,43641,43660,1.803006067,2.63007,3.23311392,13.5845,11.68497,23.697,38.141,0.0335,0.0115,578,auraL2,auraria_bronski,U,M,3,0.566,NA
5/31/19,12:16:45,3,26,1,44331,44350,1.657557996,2.341355,2.980709674,13.5485,11.3261,23.75,37.78,0.0295,4.28E-15,579,auraL2,auraria_bronski,U,M,3,0.623,NA
5/31/19,12:21:45,4,27,1,44659,44678,1.670598297,2.33781,3.0040179,13.551,11.857275,23.79,37.64,0.0265,0.724063636,580,auraL2,auraria_bronski,U,M,3,0.568,NA
5/31/19,12:31:45,5,29,1,45105,45124,1.786244377,2.476865,3.152591854,13.807,10.48038,23.81,36.965,0.027,0.192472727,581,auraL2,auraria_bronski,I,F,3,0.991,NA
5/31/19,12:36:45,6,30,1,45456,45475,1.883634752,2.62194,3.320027789,13.8275,11.72422,23.8495,36.48,0.028,5.36E-16,582,auraL2,auraria_bronski,I,F,3,0.967,NA
5/31/19,12:46:45,7,32,1,46099,46118,1.657202592,2.255965,2.974435014,13.58,11.18626,23.8765,36.37,0.0305,5.36E-16,583,auraL2,auraria_bronski,I,F,3,0.899,NA
5/31/19,12:51:45,8,33,1,46326,46345,1.674942642,2.273675,3.005178998,13.585,11.692,23.88,36.439,0.0295,1.078959091,584,auraL2,auraria_bronski,I,F,3,0.813,NA
5/31/19,13:01:45,9,35,2,46955,46974,1.438000481,1.76195,2.502184532,14.0085,10.88962,23.8935,36.9925,0.026,1.03E-13,585,auraL2,auraria_bronski,I,M,3,0.598,NA
5/31/19,13:06:45,10,36,2,47315,47334,1.700424867,2.27131,3.01195346,13.762,11.84158,23.91,37.1,0.03,1.562436364,586,auraL2,auraria_bronski,I,M,3,0.66,NA
5/31/19,13:16:44,11,38,2,47871,47890,1.612094592,2.10033,2.850432514,13.788,11.02007,23.94,38.169,0.0535,0.503281818,587,auraL2,auraria_bronski,I,M,3,0.6,NA
5/31/19,13:21:45,12,39,2,48228,48247,1.407486775,1.76844,2.535604875,13.535,11.901705,23.99,39.309,0.0525,0.000477273,588,auraL2,auraria_bronski,I,M,3,0.504,NA
5/31/19,13:31:45,13,41,2,48741,48760,2.338486792,3.375095,4.147414007,13.7515,10.807605,24.0545,40.773,0.0445,0.271259091,589,auraL2,auraria_bronski,U,F,3,1.044,NA
5/31/19,13:36:45,14,42,2,49055,49074,2.03149165,2.82007,3.59795131,13.7725,11.8567,24.1,40.4045,0.041,0.207286364,590,auraL2,auraria_bronski,U,F,3,0.894,NA
5/31/19,13:46:45,15,44,2,49696,49715,1.973023941,3.82137,4.640227887,10.374,11.110865,24.17,38.712,0.0365,0.516227273,591,auraL2,auraria_bronski,U,F,3,0.777,bad flow
5/31/19,13:51:45,16,45,2,50031,50050,1.733974846,2.189895,3.067818367,13.7895,11.87781,24.155,37.52,0.04,2.14E-15,592,auraL2,auraria_bronski,U,F,3,0.934,NA
5/31/19,14:01:45,1,47,2,50530,50549,1.347505651,1.50396,2.407829011,13.6455,10.67233,23.98,37.614,0.039,6.36E-05,577,auraL2,auraria_bronski,U,M,3,0.494,NA
5/31/19,14:06:45,2,48,2,50964,50983,1.311689269,1.37838,2.333587271,13.695,11.799955,23.746,37.421,0.0295,6.86E-14,578,auraL2,auraria_bronski,U,M,3,0.566,NA
5/31/19,14:16:45,3,50,2,51561,51580,1.091777521,0.99003,1.95018107,13.6285,11.33533,23.51,37.336,0.0425,0,579,auraL2,auraria_bronski,U,M,3,0.623,NA
5/31/19,14:21:45,4,51,2,51820,51839,1.633317521,1.95853,2.922146531,13.604,11.77282,23.45,37.373,0.056,1.475081818,580,auraL2,auraria_bronski,U,M,3,0.568,NA
5/31/19,14:31:44,5,53,2,52304,52323,1.248097465,1.22496,2.192453671,13.855,10.421775,23.44,37.622,0.044,0,581,auraL2,auraria_bronski,I,F,3,0.991,NA
5/31/19,14:36:45,6,54,2,52624,52643,1.577395694,1.79147,2.76677538,13.878,11.671385,23.49,37.7895,0.0445,-2.14E-15,582,auraL2,auraria_bronski,I,F,3,0.967,NA
5/31/19,14:46:44,7,56,2,53316,53335,1.53286935,1.765965,2.729346989,13.675,11.23904,23.57,37.69,0.0405,-2.14E-15,583,auraL2,auraria_bronski,I,F,3,0.899,NA
5/31/19,14:51:44,8,57,2,53662,53681,1.285520542,1.35532,2.29639047,13.6325,11.87085,23.613,37.7195,0.039,-6.86E-14,584,auraL2,auraria_bronski,I,F,3,0.813,NA
5/31/19,15:01:44,9,59,3,54203,54222,1.102432193,0.970835,1.911168973,14.0515,11.178095,23.7,38.32,0.033,-1.37E-13,585,auraL2,auraria_bronski,I,M,3,0.598,NA
5/31/19,15:06:44,10,60,3,54448,54467,1.656250936,1.988,2.928339411,13.779,11.723605,23.73,37.9325,0.031,0.145772727,586,auraL2,auraria_bronski,I,M,3,0.66,NA
5/31/19,15:16:44,11,62,3,55069,55088,1.491171435,1.692095,2.627413046,13.8285,10.920895,23.77,36.737,0.0325,-2.74E-13,587,auraL2,auraria_bronski,I,M,3,0.6,NA
5/31/19,15:21:44,12,63,3,55380,55399,1.340552017,1.47531,2.402594573,13.5965,11.75981,23.8,36.1945,0.049,0.147613636,588,auraL2,auraria_bronski,I,M,3,0.504,NA
6/3/19,11:02:03,7,9,1,39830,39849,2.78187865,4.75437,4.89707244,13.83,11.506865,23.53,43.49,3.082,-2.68E-16,599,auraL2,auraria_bronski,U,F,3,0.96,NA
6/3/19,11:07:03,8,10,1,40023,40042,2.224009779,3.719825,3.912304368,13.84,11.79812,23.539,43.46,2.95,0,600,auraL2,auraria_bronski,U,F,3,0.845,NA
6/3/19,11:17:03,9,12,1,40752,40771,1.479217389,2.239535,2.539982569,14.182,11.416995,23.61,43.43,0.045,0,601,auraL2,auraria_bronski,U,M,3,0.449,NA
6/3/19,11:22:03,10,13,1,41041,41060,1.565453738,2.35648,2.728760776,13.972,11.800495,23.64,43.49,0.043,-4.28E-15,602,auraL2,auraria_bronski,U,M,3,0.526,NA
6/3/19,11:32:03,11,15,1,41523,41542,1.499610788,2.19111,2.605667071,14.018,10.49162,23.66,43.23,0.0375,1.07E-15,603,auraL2,auraria_bronski,U,M,3,0.524,NA
6/3/19,11:37:03,12,16,1,41924,41943,1.443783437,2.056765,2.562593908,13.722,11.698405,23.65,43.23,0.038,-1.61E-15,604,auraL2,auraria_bronski,U,M,3,0.544,NA
6/3/19,11:47:03,13,18,1,42424,42443,1.671406904,2.36854,2.912500247,13.9755,10.43065,23.62,43.46,0.046,2.14E-15,605,auraL2,auraria_bronski,I,F,3,0.827,NA
6/3/19,11:52:03,14,19,1,42831,42850,1.957272626,2.79595,3.410207462,13.976,11.65851,23.59,43.475,0.0455,1.07E-15,606,auraL2,auraria_bronski,I,F,3,0.963,NA
6/3/19,12:02:03,15,21,1,43323,43342,1.558520867,3.067795,3.717034545,10.209,10.303285,23.556,43.53,0.048,-5.36E-16,607,auraL2,auraria_bronski,I,F,3,0.743,bad flow
6/3/19,12:07:03,16,22,1,43742,43761,1.624128028,2.103755,2.831811119,13.963,11.59338,23.53,43.803,0.0335,0,608,auraL2,auraria_bronski,I,F,3,0.83,NA
6/3/19,12:17:03,1,24,1,44376,44395,1.227654423,1.4053,2.170204235,13.769,11.282815,23.47,44.485,0.0295,0.788686364,593,auraL2,auraria_bronski,I,M,3,0.419,NA
6/3/19,12:22:03,2,25,1,44680,44699,0.506105253,0.097325,0.891659387,13.815,11.62452,23.45,44.682,0.031,0,594,auraL2,auraria_bronski,I,M,3,NA,chamber empty
6/3/19,12:32:03,3,27,1,45143,45162,0.468737588,0.01279,0.826691961,13.798,10.500925,23.4,43.744,0.032,0,595,auraL2,auraria_bronski,I,M,3,NA,chamber empty
6/3/19,12:37:03,4,28,1,45426,45445,0.484612253,0.00512,0.853772188,13.811,11.348785,23.36,43.3515,0.0415,-2.68E-16,596,auraL2,auraria_bronski,I,M,3,NA,chamber empty
6/3/19,12:47:04,5,30,1,46108,46127,0.915381086,0.699465,1.583218827,14.0635,10.86562,23.258,42.252,0.037,6.69E-17,597,auraL2,auraria_bronski,U,F,3,0.627,NA
6/3/19,12:52:03,6,31,1,46483,46502,1.4245951,1.551055,2.460432458,14.0795,11.474555,23.18,42.03,0.03,-2.14E-15,598,auraL2,auraria_bronski,U,F,3,0.804,NA
6/3/19,13:02:03,7,33,2,46963,46982,1.687944119,2.05394,2.970897922,13.8135,10.51085,23.13,42.07,0.04,-4.28E-15,599,auraL2,auraria_bronski,U,F,3,0.96,NA
6/3/19,13:07:03,8,34,2,47245,47264,1.510102459,1.73185,2.660339697,13.7985,11.252405,23.08,42.1285,0.0405,-6.43E-15,600,auraL2,auraria_bronski,U,F,3,0.845,NA
6/3/19,13:17:04,9,36,2,47876,47895,0.935319641,0.66929,1.601430524,14.198,10.60687,23.09,42.129,0.0455,-1.71E-14,601,auraL2,auraria_bronski,U,M,3,0.449,NA
6/3/19,13:22:03,10,37,2,48124,48143,1.244586031,1.24392,2.172838204,13.9285,11.286475,23.17,41.805,0.0485,0,602,auraL2,auraria_bronski,U,M,3,0.526,NA
6/3/19,13:32:03,11,39,2,48781,48800,1.26961586,1.280005,2.207490543,13.991,10.65225,23.29,41.0035,0.04,1.71E-14,603,auraL2,auraria_bronski,U,M,3,0.524,NA
6/3/19,13:37:03,12,40,2,49054,49073,1.139791768,1.098655,2.027270042,13.6795,11.361525,23.35,40.4045,0.044,0,604,auraL2,auraria_bronski,U,M,3,0.544,NA
6/3/19,13:47:02,13,42,2,49637,49656,1.286674181,1.310235,2.24268327,13.963,10.264455,23.4335,37.3055,0.045,2.14E-15,605,auraL2,auraria_bronski,I,F,3,0.827,NA
6/3/19,13:52:03,14,43,2,49962,49981,1.627386595,1.892595,2.832422235,13.985,11.306325,23.47,36.843,0.0405,0,606,auraL2,auraria_bronski,I,F,3,0.963,NA
6/3/19,14:02:03,15,45,2,50590,50609,1.402503833,2.41524,3.36393729,10.147,10.359935,23.435,34.912,0.0435,4.28E-15,607,auraL2,auraria_bronski,I,F,3,0.743,bad flow
6/3/19,14:07:03,16,46,2,50896,50915,1.507380708,1.67542,2.633316159,13.93,11.24029,23.402,34.469,0.0415,-6.43E-15,608,auraL2,auraria_bronski,I,F,3,0.83,NA
6/3/19,14:17:03,1,48,2,51554,51573,1.0970208,0.96204,1.940283046,13.755,10.92553,23.32,34.19,0.041,0,593,auraL2,auraria_bronski,I,M,3,0.419,NA
6/3/19,14:22:03,2,49,2,51811,51830,0.392356534,-0.305255,0.690199583,13.829,11.300345,23.3,33.9885,0.0405,2.14E-15,594,auraL2,auraria_bronski,I,M,3,NA,chamber empty
6/3/19,14:32:03,3,51,2,52323,52342,0.383060305,-0.326765,0.677866623,13.7485,10.110315,23.32,33.693,0.039,6.69E-17,595,auraL2,auraria_bronski,I,M,3,NA,chamber empty
6/3/19,14:37:04,4,52,2,52656,52675,0.38169857,-0.336265,0.677929523,13.701,11.294895,23.39,33.35,0.0445,-2.68E-16,596,auraL2,auraria_bronski,I,M,3,NA,chamber empty
6/3/19,14:47:03,5,54,2,53345,53364,0.922992853,0.607975,1.607977674,13.9745,10.999365,23.53,33.926,0.0465,2.14E-15,597,auraL2,auraria_bronski,U,F,3,0.627,NA
6/3/19,14:52:03,6,55,2,53552,53571,1.371238504,1.404455,2.389550566,13.9725,11.36658,23.57,34.01,0.043,0,598,auraL2,auraria_bronski,U,F,3,0.804,NA
6/3/19,15:02:03,7,57,3,54283,54302,2.224853329,2.936165,3.926511851,13.804,11.1711,23.71,33.895,0.05,-2.14E-15,599,auraL2,auraria_bronski,U,F,3,0.96,NA
6/3/19,15:07:03,8,58,3,54445,54464,1.360332782,1.410765,2.409712341,13.753,11.414955,23.7325,33.86,0.047,-4.28E-15,600,auraL2,auraria_bronski,U,F,3,0.845,NA
6/3/19,15:17:03,9,60,3,55082,55101,1.282873175,1.2082,2.204447705,14.1835,10.72968,23.865,33.506,0.0285,0.259159091,601,auraL2,auraria_bronski,U,M,3,0.449,NA
6/3/19,15:22:03,10,61,3,55409,55428,1.527170086,1.6993,2.677280236,13.905,11.538555,23.9125,31.783,0.0425,0.026272727,602,auraL2,auraria_bronski,U,M,3,0.526,NA
6/6/19,11:01:07,7,10,1,39667,39686,1.472962075,2.70154,1.523304272,23.4695,10.47798,22.63,38.6,2.7245,0,615,Car5,DSim,U,M,3,0.635,NA
6/6/19,11:06:07,8,11,1,39987,40006,1.413820858,2.53882,1.461181684,23.485,10.760265,22.63,38.46,2.83,-1.61E-15,616,Car5,DSim,U,M,3,0.554,NA
6/6/19,11:16:07,9,13,1,40580,40599,1.716806713,2.69826,1.697186909,24.554,10.373815,22.65,38.3575,2.811,0.018304545,617,Car5,DSim,I,M,3,0.514,NA
6/6/19,11:21:07,10,14,1,40926,40945,1.439008152,2.402595,1.473313562,23.709,10.66724,22.66,38.227,2.851,5.36E-16,618,Car5,DSim,I,M,3,0.595,NA
6/6/19,11:31:07,11,16,1,41486,41505,1.315508688,2.21159,1.33003487,24.0105,10.302175,22.68,38.5505,2.779,-1.34E-16,619,Car5,DSim,I,M,3,0.521,NA
6/6/19,11:36:07,12,17,1,41843,41862,1.189655495,2.05902,1.237081772,23.3455,10.615195,22.6855,39.04,2.852,5.36E-16,620,Car5,DSim,I,M,3,0.48,NA
6/6/19,11:46:07,13,19,1,42440,42459,1.760394464,2.569195,1.792582004,23.8415,10.38248,22.7,39.191,2.8195,1.71E-14,621,Car5,DSim,U,F,3,0.872,NA
6/6/19,11:51:07,14,20,1,42827,42846,2.259670686,3.017235,2.297403565,23.88,10.606705,22.7165,38.85,2.867,2.14E-15,622,Car5,DSim,U,F,3,1.07,NA
6/6/19,12:01:07,15,22,1,43267,43286,2.054648901,3.879855,3.172589641,15.724,10.1638,22.72,38.5305,2.897,-3.43E-14,623,Car5,DSim,U,F,3,0.928,bad flow
6/6/19,12:06:07,16,23,1,43645,43664,1.635570746,2.348175,1.673520426,23.7285,10.539185,22.7205,38.4635,2.7835,6.86E-14,624,Car5,DSim,U,F,3,0.727,NA
6/6/19,12:16:07,1,25,1,44208,44227,1.624776618,2.34422,1.695612496,23.268,10.30298,22.76,38.0875,2.7105,0,609,Car5,DSim,I,F,3,0.961,NA
6/6/19,12:21:07,2,26,1,44540,44559,1.758725529,2.4276,1.814340643,23.539,10.55328,22.773,37.1895,2.9255,2.14E-15,610,Car5,DSim,I,F,3,1.071,NA
6/6/19,12:31:07,3,28,1,45067,45086,1.396139133,2.04842,1.453126649,23.333,10.179135,22.7965,36.7895,2.8835,-2.14E-15,611,Car5,DSim,I,F,3,0.597,NA
6/6/19,12:36:07,4,29,1,45426,45445,1.736222185,2.38322,1.809249365,23.307,10.55602,22.8185,36.3375,2.893,0,612,Car5,DSim,I,F,3,0.713,NA
6/6/19,12:46:07,5,31,1,46001,46020,1.16249539,1.73462,1.180557299,23.9175,10.29184,22.8415,35.998,2.7865,0,613,Car5,DSim,U,M,3,0.477,NA
6/6/19,12:51:07,6,32,1,46274,46293,1.230569027,1.77565,1.243869465,24.03,10.51315,22.85,35.79,2.87,0,614,Car5,DSim,U,M,3,0.597,NA
6/6/19,13:01:07,7,34,2,46910,46929,1.208750183,1.763245,1.251624529,23.4585,10.299545,22.86,35.89,2.8315,1.07E-15,615,Car5,DSim,U,M,3,0.635,NA
6/6/19,13:06:07,8,35,2,47327,47346,1.138161252,1.67565,1.180701964,23.4165,10.600835,22.8725,35.85,2.783,0,616,Car5,DSim,U,M,3,0.554,NA
6/6/19,13:16:07,9,37,2,47847,47866,1.614412664,2.08808,1.60035536,24.508,10.40585,22.91,35.9205,2.89,0.212954545,617,Car5,DSim,I,M,3,0.514,NA
6/6/19,13:21:07,10,38,2,48218,48237,1.18020747,1.68769,1.212084519,23.6565,10.61637,22.92,35.8355,2.8475,1.07E-15,618,Car5,DSim,I,M,3,0.595,NA
6/6/19,13:31:07,11,40,2,48827,48846,1.254116947,1.7422,1.273315871,23.932,10.527445,22.9525,35.66,0.0595,0,619,Car5,DSim,I,M,3,0.521,NA
6/6/19,13:36:07,12,41,2,49127,49146,1.066713914,1.57682,1.11427476,23.2625,10.668355,22.97,35.082,0.05,1.07E-15,620,Car5,DSim,I,M,3,0.48,NA
6/6/19,13:46:07,13,43,2,49567,49586,1.696070905,2.194805,1.733002725,23.7855,10.24923,23.02,35.11,0.041,0.047245455,621,Car5,DSim,U,F,3,0.872,NA
6/6/19,13:51:07,14,44,2,49868,49887,1.920712876,2.41915,1.958608052,23.836,10.623005,23.05,34.973,0.046,6.43E-15,622,Car5,DSim,U,F,3,1.07,NA
6/6/19,14:01:07,15,46,2,50467,50486,1.668093054,3.055525,2.597685813,15.6095,10.235215,23.08,34.124,0.038,-6.86E-14,623,Car5,DSim,U,F,3,0.928,bad flow
6/6/19,14:06:07,16,47,2,50822,50841,1.490986188,1.982895,1.530530844,23.683,10.663055,23.11,34.05,0.0455,3.43E-14,624,Car5,DSim,U,F,3,0.727,NA
6/6/19,14:16:07,1,49,2,51454,51473,1.461322226,1.97293,1.5281216,23.254,10.556605,23.1775,34.27,0.043,0,609,Car5,DSim,I,F,3,0.961,NA
6/6/19,14:21:07,2,50,2,51697,51716,1.58450325,2.079,1.640690157,23.484,10.70138,23.18,34.5635,0.032,0,610,Car5,DSim,I,F,3,1.071,NA
6/6/19,14:31:07,3,52,2,52299,52318,1.27082006,1.762265,1.326318404,23.302,10.469065,23.2125,35.23,0.032,2.14E-15,611,Car5,DSim,I,F,3,0.597,NA
6/6/19,14:36:07,4,53,2,52663,52682,1.442453759,1.94856,1.50953145,23.2415,10.771275,23.247,35.33,0.0295,0,612,Car5,DSim,I,F,3,0.713,NA
6/6/19,14:46:07,5,55,2,53214,53233,0.998797483,1.4489,1.016780449,23.895,10.52009,23.28,35.2745,0.0345,2.14E-15,613,Car5,DSim,U,M,3,0.477,NA
6/6/19,14:51:07,6,56,2,53516,53535,1.03992168,1.47724,1.058006894,23.9105,10.76423,23.29,35.17,0.033,4.28E-15,614,Car5,DSim,U,M,3,0.597,NA
6/7/19,10:56:41,9,11,1,39470,39489,1.394578422,2.63653,1.592227475,21.24,10.205075,22.37,26.6625,2.7425,6.69E-17,633,Car5,DSim,U,M,3,0.527,NA
6/7/19,11:01:41,10,12,1,39859,39878,1.478280807,2.72635,1.744885387,20.5465,10.424925,22.3905,26.45,2.8545,2.68E-16,634,Car5,DSim,U,M,3,0.575,maybe dead
6/7/19,11:11:41,11,14,1,40427,40446,1.786786072,3.026165,2.093483354,20.701,10.253945,22.417,27.7475,2.945,0.028236364,635,Car5,DSim,U,M,3,0.431,NA
6/7/19,11:16:41,12,15,1,40628,40647,1.460338215,2.65274,1.756974141,20.1595,10.31383,22.42,27.83,2.7935,-5.36E-16,636,Car5,DSim,U,M,3,0.524,NA
6/7/19,11:26:41,13,17,1,41272,41291,2.018268984,3.220455,2.385264465,20.522,10.052635,22.41,28.15,2.7785,4.28E-15,637,Car5,DSim,U,F,3,1.215,NA
6/7/19,11:31:41,14,18,1,41640,41659,1.987986174,3.119575,2.347529383,20.5355,10.27693,22.36,28.15,2.9785,-1.61E-15,638,Car5,DSim,U,F,3,1.053,NA
6/7/19,11:41:41,15,20,1,42191,42210,1.335542883,3.056335,2.33492507,13.867,9.972955,22.2875,27.7415,3.035,1.07E-15,639,Car5,DSim,U,F,3,0.708,bad flow
6/7/19,11:46:41,16,21,1,42556,42575,1.781290949,2.76308,2.117168048,20.3945,10.22829,22.2435,27.58,3.1475,2.14E-15,640,Car5,DSim,U,F,3,0.957,maybe dead
6/7/19,11:56:41,1,23,1,43150,43169,1.276100746,2.173075,1.544187393,20.0315,10.11759,22.24,27.9,2.9725,4.28E-15,625,Car5,DSim,I,M,3,0.498,NA
6/7/19,12:01:41,2,24,1,43418,43437,1.265817245,2.136885,1.521493729,20.1665,10.23457,22.24,27.81,3.1255,-1.34E-16,626,Car5,DSim,I,M,3,0.588,NA
6/7/19,12:11:41,3,26,1,44043,44062,1.177783221,2.02778,1.426181637,20.018,10.092145,22.24,27.7,3.03,6.69E-17,627,Car5,DSim,I,M,3,0.513,NA
6/7/19,12:16:41,4,27,1,44293,44312,1.678173912,2.623725,2.032392783,20.017,10.22423,22.27,27.493,3.0595,0.009945455,628,Car5,DSim,I,M,3,0.569,NA
6/7/19,12:26:41,5,29,1,44961,44980,1.482404116,2.335905,1.75945659,20.43,10.147205,22.339,27.327,3.0435,-2.14E-15,629,Car5,DSim,I,F,3,0.924,NA
6/7/19,12:31:41,6,30,1,45161,45180,1.489433677,2.33411,1.765745391,20.4545,10.24521,22.354,27.2335,2.991,-4.28E-15,630,Car5,DSim,I,F,3,0.692,NA
6/7/19,12:41:41,7,32,1,45749,45768,1.239553228,2.056295,1.501061954,20.029,9.991775,22.42,26.77,3.085,2.14E-15,631,Car5,DSim,I,F,3,0.604,NA
6/7/19,12:46:41,8,33,1,46001,46020,1.623760719,2.511925,1.969051571,20.0025,10.20807,22.44,26.57,3.0385,4.28E-15,632,Car5,DSim,I,F,3,0.788,NA
6/7/19,12:56:41,9,35,2,46601,46620,1.306712524,2.051625,1.521495105,20.834,9.79048,22.47,26.23,2.984,1.71E-14,633,Car5,DSim,U,M,3,0.527,NA
6/7/19,13:01:41,10,36,2,47061,47080,1.332933051,2.117175,1.602781795,20.1755,10.274375,22.49,25.8175,2.9925,0,634,Car5,DSim,U,M,3,0.575,maybe dead
6/7/19,13:11:41,11,38,2,47634,47653,2.166099663,3.09132,2.576538718,20.3945,10.121715,22.474,25.4145,3.15,1.297009091,635,Car5,DSim,U,M,3,0.431,NA
6/7/19,13:16:41,12,39,2,47920,47939,1.695653336,2.589275,2.073716806,19.8355,10.2551,22.46,24.91,3.063,0.017045455,636,Car5,DSim,U,M,3,0.524,NA
6/7/19,13:26:41,13,41,2,48510,48529,1.691946439,2.534495,2.027595588,20.24,10.054775,22.43,25.34,2.949,-4.28E-15,637,Car5,DSim,U,F,3,1.215,NA
6/7/19,13:31:41,14,42,2,48849,48868,1.545035441,2.344325,1.849928026,20.257,10.26029,22.42,25.1585,2.9495,2.14E-15,638,Car5,DSim,U,F,3,1.053,NA
6/7/19,13:41:41,15,44,2,49423,49442,1.240428798,2.685335,2.198647343,13.6835,10.014565,22.41,24.59,3.086,-4.28E-15,639,Car5,DSim,U,F,3,0.708,bad flow
6/7/19,13:46:41,16,45,2,49723,49742,1.530828713,2.32198,1.84354251,20.14,10.22637,22.41,24.5925,3.0265,-1.29E-14,640,Car5,DSim,U,F,3,0.957,maybe dead
6/7/19,13:56:41,1,47,2,50201,50220,1.124712572,1.852085,1.378045605,19.795,9.79678,22.41,24.43,2.9135,1.29E-14,625,Car5,DSim,I,M,3,0.498,NA
6/7/19,14:01:41,2,48,2,50631,50650,1.170927926,1.889765,1.425991878,19.9155,10.22872,22.41,24.324,2.967,0,626,Car5,DSim,I,M,3,0.588,NA
6/7/19,14:11:41,3,50,2,51192,51211,1.476059259,2.271055,1.805504094,19.8265,9.994565,22.3855,25.78,2.8965,0.249909091,627,Car5,DSim,I,M,3,0.513,NA
6/7/19,14:16:40,4,51,2,51526,51545,1.529852034,2.349205,1.879532718,19.7375,10.185105,22.35,25.82,3.0465,0.159440909,628,Car5,DSim,I,M,3,0.569,NA
6/7/19,14:26:41,5,53,2,52161,52180,1.300504458,2.01766,1.560425842,20.206,10.04156,22.29,26.1115,3.1415,4.28E-15,629,Car5,DSim,I,F,3,0.924,NA
6/7/19,14:31:41,6,54,2,52303,52322,1.170134064,1.85024,1.399376089,20.2715,10.094555,22.28,26.2405,3.044,-4.28E-15,630,Car5,DSim,I,F,3,0.692,NA
6/7/19,14:41:41,7,56,2,52977,52996,1.072707226,1.749405,1.311541463,19.827,9.9425,22.26,25.823,3.1645,0.039327273,631,Car5,DSim,I,F,3,0.604,NA
6/7/19,14:46:41,8,57,2,53270,53289,1.35706689,2.091005,1.660936902,19.807,10.151515,22.27,25.5975,3.077,0,632,Car5,DSim,I,F,3,0.788,NA
6/7/19,14:56:41,9,59,3,53955,53974,1.530405565,2.225,1.798833321,20.626,10.03766,22.2885,25.6285,3.1635,0.483127273,633,Car5,DSim,U,M,3,0.527,NA
6/7/19,15:01:41,10,60,3,54252,54271,1.559784217,2.312505,1.887586772,20.036,10.18419,22.31,26.0095,3.006,0.87505,634,Car5,DSim,U,M,3,0.575,maybe dead
6/10/19,11:18:40,7,9,1,40720,40739,1.500549248,3.668885,1.913336044,19.034,10.11413,22.6115,30.8115,3.026,-1.71E-14,647,auraL2,auraria_bronski,U,F,3,0.561,NA
6/10/19,11:23:40,8,10,1,41162,41181,1.865121155,4.00944,2.386064514,18.9725,10.57222,22.63,30.483,2.9335,0,648,auraL2,auraria_bronski,U,F,3,0.776,NA
6/10/19,11:33:40,9,12,1,41780,41799,1.914329459,3.889895,2.354577504,19.7375,10.37218,22.69,29.64,2.8385,-1.34E-16,649,auraL2,auraria_bronski,I,F,3,0.999,NA
6/10/19,11:38:40,10,13,1,42080,42099,1.968492282,3.94211,2.489522584,19.1975,10.49801,22.7165,29.4335,2.9075,5.36E-16,650,auraL2,auraria_bronski,I,F,3,0.886,NA
6/10/19,11:48:40,11,15,1,42539,42558,1.643687679,3.479585,2.059797003,19.3785,10.01015,22.78,28.7135,2.9405,0,651,auraL2,auraria_bronski,I,F,3,0.817,NA
6/10/19,11:53:40,12,16,1,42847,42866,1.86712035,3.759815,2.402621798,18.8735,10.574945,22.81,28.1885,2.7625,-1.34E-16,652,auraL2,auraria_bronski,I,F,3,0.978,NA
6/10/19,12:03:40,13,18,1,43526,43545,1.445685073,3.12743,1.824718055,19.2475,10.237545,22.9,27.41,2.97,-5.36E-16,653,auraL2,auraria_bronski,I,M,3,0.622,NA
6/10/19,12:08:40,14,19,1,43802,43821,1.265922927,2.87118,1.598378021,19.2445,10.43377,22.945,27.0955,2.841,-2.68E-16,654,auraL2,auraria_bronski,I,M,3,0.632,NA
6/10/19,12:18:40,15,21,1,44320,44339,1.484351342,3.999395,2.750473594,13.116,9.861295,23.02,27.159,2.79,0.05695,655,auraL2,auraria_bronski,I,M,3,0.546,bad flow
6/10/19,12:23:40,16,22,1,44646,44665,1.32901872,2.89788,1.685204376,19.1715,10.44434,23.09,27.19,2.872,8.57E-15,656,auraL2,auraria_bronski,I,M,3,0.627,NA
6/10/19,12:33:40,1,24,1,45265,45284,1.53304165,3.152435,1.977089418,18.8555,10.25088,23.18,27.131,2.8365,0.0153,641,auraL2,auraria_bronski,U,M,3,0.513,NA
6/10/19,12:38:40,2,25,1,45659,45678,1.506814885,3.054965,1.927882108,19.01,10.615465,23.246,27.3905,2.9,0.376822727,642,auraL2,auraria_bronski,U,M,3,0.642,NA
6/10/19,12:48:40,3,27,1,46206,46225,1.372605927,2.87019,1.771086851,18.856,10.400225,23.34,27.522,2.822,0,643,auraL2,auraria_bronski,U,M,3,0.463,NA
6/10/19,12:53:40,4,28,1,46552,46571,1.332536863,2.7811,1.720921726,18.841,10.611165,23.37,27.18,2.846,6.86E-14,644,auraL2,auraria_bronski,U,M,3,0.457,NA
6/10/19,13:03:40,5,30,1,47180,47199,1.252626374,2.614445,1.57814566,19.315,10.45913,23.4035,27.0705,2.861,-1.07E-15,645,auraL2,auraria_bronski,U,F,3,0.809,NA
6/10/19,13:08:40,6,31,1,47326,47345,1.400716637,2.78767,1.761285647,19.354,10.515125,23.415,27.156,2.802,1.083736364,646,auraL2,auraria_bronski,U,F,3,0.65,NA
6/10/19,13:18:40,7,33,2,48031,48050,1.648164718,3.1057,2.116448506,18.9545,10.411025,23.46,27.544,2.7875,1.706345455,647,auraL2,auraria_bronski,U,F,3,0.561,NA
6/10/19,13:23:40,8,34,2,48289,48308,1.645263907,3.07641,2.11508197,18.935,10.56269,23.49,27.678,2.8515,-8.57E-15,648,auraL2,auraria_bronski,U,F,3,0.776,NA
6/10/19,13:33:40,9,36,2,48820,48839,1.509468585,2.8023,1.858884799,19.7645,9.991615,23.43,27.996,2.9895,-5.36E-16,649,auraL2,auraria_bronski,I,F,3,0.999,NA
6/10/19,13:38:40,10,37,2,49140,49159,1.633571834,3.00003,2.07400023,19.1665,10.449045,23.39,28.0485,2.761,-1.07E-15,650,auraL2,auraria_bronski,I,F,3,0.886,NA
6/10/19,13:48:40,11,39,2,49724,49743,1.398121114,2.67212,1.761813819,19.305,9.9123,23.3,28.383,2.908,4.28E-15,651,auraL2,auraria_bronski,I,F,3,0.817,NA
6/10/19,13:53:40,12,40,2,50020,50039,1.5420108,2.88129,1.987837712,18.8695,10.37957,23.2785,28.07,2.965,1.07E-15,652,auraL2,auraria_bronski,I,F,3,0.978,NA
6/10/19,14:03:40,13,42,2,50779,50798,1.263058228,2.4574,1.597914505,19.2255,10.276565,23.249,28.51,2.7885,0.149913636,653,auraL2,auraria_bronski,I,M,3,0.622,NA
6/10/19,14:08:40,14,43,2,50973,50992,1.048949417,2.168715,1.325580417,19.2455,10.379085,23.23,28.531,2.9135,3.21E-15,654,auraL2,auraria_bronski,I,M,3,0.632,NA
6/10/19,14:18:40,15,45,2,51520,51539,1.476184264,3.561295,2.735559543,13.122,9.730895,23.18,28.27,2.779,0.778636364,655,auraL2,auraria_bronski,I,M,3,0.546,bad flow
6/10/19,14:23:40,16,46,2,51980,51999,1.217529917,2.344905,1.54609517,19.1465,10.35898,23.1375,28.4345,2.7335,0,656,auraL2,auraria_bronski,I,M,3,0.627,NA
6/10/19,14:33:40,1,48,2,52462,52481,1.451021619,2.670845,1.87368485,18.827,10.060625,23.11,28.61,2.8785,1.746927273,641,auraL2,auraria_bronski,U,M,3,0.513,NA
6/10/19,14:38:40,2,49,2,52870,52889,1.425328836,2.617655,1.82309655,19.009,10.448135,23.144,28.753,2.856,0.056218182,642,auraL2,auraria_bronski,U,M,3,0.642,NA
6/10/19,14:48:40,3,51,2,53477,53496,1.210384317,2.355215,1.560424247,18.862,10.2993,23.18,29.26,2.9905,-6.86E-14,643,auraL2,auraria_bronski,U,M,3,0.463,NA
6/10/19,14:53:40,4,52,2,53663,53682,1.144803309,2.27359,1.478567705,18.831,10.4159,23.233,29.5,2.869,1.128627273,644,auraL2,auraria_bronski,U,M,3,0.457,NA
6/10/19,15:03:40,5,54,2,54235,54254,1.440208948,2.61089,1.815977542,19.2955,10.016505,23.339,29.18,2.9095,0.260086364,645,auraL2,auraria_bronski,U,F,3,0.809,NA
6/10/19,15:08:40,6,55,2,54541,54560,1.288320847,2.419825,1.625478613,19.287,10.42438,23.39,29.1535,2.7495,1.980004545,646,auraL2,auraria_bronski,U,F,3,0.65,NA
6/10/19,15:18:40,7,57,3,55197,55216,1.298790193,2.464995,1.66855712,18.9485,10.242685,23.5,29.272,2.8345,1.177418182,647,auraL2,auraria_bronski,U,F,3,0.561,NA
6/10/19,15:23:40,8,58,3,55467,55486,1.408959585,2.61167,1.812111725,18.93,10.49337,23.5425,29.019,2.8095,0,648,auraL2,auraria_bronski,U,F,3,0.776,NA
6/10/19,15:33:40,9,60,3,56108,56127,1.537759289,2.69601,1.900899171,19.702,10.30003,23.64,28.7485,2.8745,0,649,auraL2,auraria_bronski,I,F,3,0.999,NA
6/10/19,15:38:40,10,61,3,56349,56368,1.702374498,2.951385,2.162765056,19.173,10.52089,23.68,28.5345,2.731,1.71E-14,650,auraL2,auraria_bronski,I,F,3,0.886,NA
6/11/19,11:03:29,7,9,1,39904,39923,1.524123704,3.05922,1.972741305,18.787,10.235025,23.18,36.427,2.952,0.533063636,663,auraL2,auraria_bronski,I,M,4,0.532,NA
6/11/19,11:08:29,8,10,1,40109,40128,1.283493666,2.68101,1.661024208,18.791,10.37414,23.198,36.36,2.981,0,664,auraL2,auraria_bronski,I,M,4,0.498,NA
6/11/19,11:18:29,9,12,1,40748,40767,1.109675211,2.30412,1.379161297,19.57,10.01083,23.25,35.86,2.8955,-8.57E-15,665,auraL2,auraria_bronski,U,M,4,0.393,NA
6/11/19,11:23:29,10,13,1,41157,41176,1.782208112,3.11063,2.282881764,18.9905,10.405795,23.285,35.82,2.8705,-3.43E-14,666,auraL2,auraria_bronski,U,M,4,0.601,NA
6/11/19,11:33:29,11,15,1,41656,41675,1.135532875,2.22887,1.441399339,19.167,9.99858,23.335,35.785,2.81,-4.28E-15,667,auraL2,auraria_bronski,U,M,4,0.449,NA
6/11/19,11:38:29,12,16,1,42007,42026,1.81992606,3.087585,2.370050819,18.6835,10.371595,23.36,35.921,2.9395,0.260722727,668,auraL2,auraria_bronski,U,M,4,0.61,NA
6/11/19,11:48:29,13,18,1,42509,42528,2.082382316,3.33866,2.656090489,19.079,9.77239,23.4065,35.11,2.92,0.166609091,669,auraL2,auraria_bronski,U,F,4,0.999,NA
6/11/19,11:53:29,14,19,1,42969,42988,2.63795715,3.96985,3.36087463,19.103,10.380675,23.44,34.3485,2.998,4.02E-16,670,auraL2,auraria_bronski,U,F,4,1.056,NA
6/11/19,12:03:29,15,21,1,43409,43428,2.303807374,5.058675,4.473236396,12.536,9.66981,23.47,33.682,2.903,6.43E-15,671,auraL2,auraria_bronski,U,F,4,0.95,bad flow
6/11/19,12:08:29,16,22,1,43827,43846,1.315630994,2.20445,1.690077487,18.95,10.308925,23.49,33.078,2.908,-4.28E-15,672,auraL2,auraria_bronski,U,F,4,0.811,NA
6/11/19,12:18:29,1,24,1,44326,44345,1.84371305,2.884395,2.398558925,18.708,9.815265,23.435,32.4375,2.799,-4.28E-15,657,auraL2,auraria_bronski,I,F,4,1.063,NA
6/11/19,12:23:29,2,25,1,44769,44788,2.102490152,3.13587,2.709848565,18.878,10.26825,23.3585,32.718,2.986,-6.69E-17,658,auraL2,auraria_bronski,I,F,4,1.014,NA
6/11/19,12:33:29,3,27,1,45302,45321,1.409193671,2.225965,1.829133943,18.734,9.956445,23.18,32.563,2.835,4.28E-15,659,auraL2,auraria_bronski,I,F,4,0.765,NA
6/11/19,12:38:29,4,28,1,45517,45536,1.720633573,2.608065,2.238200906,18.694,10.11825,23.18,33.133,3.038,-2.68E-16,660,auraL2,auraria_bronski,I,F,4,0.947,NA
6/11/19,12:48:29,5,30,1,46116,46135,1.080417474,1.71163,1.372189613,19.139,9.704505,23.07,33.5045,2.8035,3.21E-15,661,auraL2,auraria_bronski,I,M,4,0.67,NA
6/11/19,12:53:29,6,31,1,46477,46496,1.376239537,2.06237,1.749818499,19.116,10.17316,23.02,33.155,2.927,0.967754545,662,auraL2,auraria_bronski,I,M,4,0.571,NA
6/11/19,13:03:29,7,33,2,47030,47049,1.355280802,2.04781,1.751539587,18.8025,9.701105,22.97,32.7,2.9305,0.262986364,663,auraL2,auraria_bronski,I,M,4,0.532,NA
6/11/19,13:08:29,8,34,2,47373,47392,1.127402644,1.73288,1.456485164,18.8075,10.10187,22.94,33.1795,2.9045,0.340468182,664,auraL2,auraria_bronski,I,M,4,0.498,NA
6/11/19,13:18:29,9,36,2,48069,48088,1.046135708,1.56297,1.303564268,19.494,9.940015,22.87,32.995,2.99,5.14E-14,665,auraL2,auraria_bronski,U,M,4,0.393,NA
6/11/19,13:23:29,10,37,2,48246,48265,1.326934194,1.948325,1.695568703,19.009,10.033395,22.86,33.195,2.9105,0.24395,666,auraL2,auraria_bronski,U,M,4,0.601,NA
6/11/19,13:33:29,11,39,2,48938,48957,0.994956269,1.49571,1.259643924,19.182,9.845745,22.789,33.703,2.9075,0.556168182,667,auraL2,auraria_bronski,U,M,4,0.449,NA
6/11/19,13:38:29,12,40,2,49109,49128,1.519275369,2.203605,1.975286869,18.678,9.95038,22.78,33.89,2.9985,1.013113636,668,auraL2,auraria_bronski,U,M,4,0.61,NA
6/11/19,13:48:29,13,42,2,49857,49876,1.700405706,2.38165,2.166076244,19.06,9.84827,22.73,34.492,2.9485,0.616545455,669,auraL2,auraria_bronski,U,F,4,0.999,NA
6/11/19,13:53:29,14,43,2,50166,50185,2.200989508,3.014715,2.804780516,19.0525,10.017035,22.72,34.28,2.847,0,670,auraL2,auraria_bronski,U,F,4,1.056,NA
6/11/19,14:03:29,15,45,2,50609,50628,1.974819653,4.0268,3.823811891,12.5385,9.352615,22.7,33.907,0.036,4.28E-15,671,auraL2,auraria_bronski,U,F,4,0.95,bad flow
6/11/19,14:08:29,16,46,2,51044,51063,0.861940127,1.282255,1.101833982,18.99,9.935865,22.671,34.1975,0.0395,0,672,auraL2,auraria_bronski,U,F,4,0.811,NA
6/11/19,14:18:29,1,48,2,51576,51595,1.89202758,2.6366,2.454067685,18.713,9.68265,22.63,34.12,0.04,0.287418182,657,auraL2,auraria_bronski,I,F,4,1.063,NA
6/11/19,14:23:29,2,49,2,51893,51912,1.893401459,2.625775,2.436949304,18.8575,9.94073,22.62,33.7745,0.0405,2.853122727,658,auraL2,auraria_bronski,I,F,4,1.014,NA
6/11/19,14:33:29,3,51,2,52482,52501,1.44079117,2.081375,1.877116146,18.6335,9.77086,22.69,33.8015,0.0375,0.000386364,659,auraL2,auraria_bronski,I,F,4,0.765,NA
6/11/19,14:38:29,4,52,2,52801,52820,1.589209939,2.293955,2.068058128,18.661,10.08097,22.7775,33.91,0.042,1.07E-15,660,auraL2,auraria_bronski,I,F,4,0.947,NA
6/11/19,14:48:29,5,54,2,53309,53328,1.028199427,1.541995,1.309876244,19.0685,9.587745,22.88,33.96,0.042,-4.28E-15,661,auraL2,auraria_bronski,I,M,4,0.67,NA
6/11/19,14:53:29,6,55,2,53618,53637,1.358537824,1.96286,1.728438661,19.0975,10.077075,22.956,33.83,0.039,1.246209091,662,auraL2,auraria_bronski,I,M,4,0.571,NA
6/11/19,15:03:29,7,57,3,54238,54257,1.424382884,2.08673,1.846804295,18.751,9.79372,23.136,33.667,0.04,0.848677273,663,auraL2,auraria_bronski,I,M,4,0.532,NA
6/11/19,15:08:29,8,58,3,54611,54630,0.945676404,1.48058,1.23051537,18.6905,10.256205,23.22,33.889,0.0385,0.72075,664,auraL2,auraria_bronski,I,M,4,0.498,NA
6/12/19,11:05:16,9,11,1,39951,39970,2.04098535,3.39762,2.551662956,19.4555,9.8716,23.2525,39.94,2.794,5.36E-16,681,auraL2,auraria_bronski,I,F,5,1.096,NA
6/12/19,11:10:16,10,12,1,40216,40235,2.641637312,4.165935,3.387725352,18.9665,10.178865,23.27,39.6755,2.8805,5.36E-16,682,auraL2,auraria_bronski,I,F,5,1.031,NA
6/12/19,11:20:16,11,14,1,40871,40890,2.529567359,3.927005,3.230584746,19.0485,9.883735,23.31,39.57,2.8095,0.113118182,683,auraL2,auraria_bronski,I,F,5,1.156,NA
6/12/19,11:25:16,12,15,1,41185,41204,2.321253788,3.663435,3.032463961,18.624,10.20632,23.34,39.47,2.754,0,684,auraL2,auraria_bronski,I,F,5,0.883,NA
6/12/19,11:35:16,13,17,1,41784,41803,1.535891301,2.545085,1.966485547,19.0065,9.89528,23.4,39.59,2.7015,0.662236364,685,auraL2,auraria_bronski,I,M,5,0.513,NA
6/12/19,11:40:16,14,18,1,42156,42175,1.462693168,2.392235,1.872823419,19.008,10.208335,23.4325,39.4805,3.0015,0,686,auraL2,auraria_bronski,I,M,5,0.506,NA
6/12/19,11:50:16,15,20,1,42776,42795,1.764839167,3.461075,2.982847206,14.401,9.99277,23.46,39.2745,2.865,0.411677273,687,auraL2,auraria_bronski,I,M,5,0.515,bad flow
6/12/19,11:55:16,16,21,1,42987,43006,1.593509185,2.495935,2.044302771,18.972,10.103455,23.45,39.7885,2.844,0.502463636,688,auraL2,auraria_bronski,I,M,5,0.54,NA
6/12/19,12:05:16,1,23,1,43625,43644,1.652003896,2.57327,2.154644049,18.656,9.93072,23.37,40.19,2.833,0.660186364,673,auraL2,auraria_bronski,U,M,5,0.552,NA
6/12/19,12:10:16,2,24,1,43906,43925,1.543527667,2.39485,2.000484084,18.7725,10.1151,23.34,40.17,2.735,1.594518182,674,auraL2,auraria_bronski,U,M,5,0.514,NA
6/12/19,12:20:16,3,26,1,44416,44435,1.516049765,2.344035,1.975130216,18.672,9.551775,23.291,40.3495,2.778,1.143513636,675,auraL2,auraria_bronski,U,M,5,0.525,NA
6/12/19,12:25:16,4,27,1,44741,44760,0.402472566,0.846845,0.524613549,18.661,10.01993,23.27,40.2545,2.9185,-5.36E-16,676,auraL2,auraria_bronski,U,M,5,NA,chamber empty
6/12/19,12:35:16,5,29,1,45360,45379,2.532721689,3.5205,3.230179938,19.068,9.722085,23.2025,40.117,2.936,3.43E-14,677,auraL2,auraria_bronski,U,F,5,1.177,NA
6/12/19,12:40:16,6,30,1,45761,45780,2.335846066,3.23609,2.971562689,19.1145,10.07899,23.18,40.25,2.715,0.022068182,678,auraL2,auraria_bronski,U,F,5,1.08,NA
6/12/19,12:50:16,7,32,1,46312,46331,2.376193589,3.32409,3.082098771,18.7475,9.811505,23.18,40.42,2.912,1.71E-14,679,auraL2,auraria_bronski,U,F,5,1.078,NA
6/12/19,12:55:16,8,33,1,46628,46647,1.675715733,2.388015,2.175395959,18.7295,10.03412,23.15,40.6425,2.859,0.011877273,680,auraL2,auraria_bronski,U,F,5,1.007,NA
6/12/19,13:05:15,9,35,2,47115,47134,1.618697975,2.21788,2.016331941,19.5165,9.416845,23.1035,41.1025,2.906,0,681,auraL2,auraria_bronski,I,F,5,1.096,NA
6/12/19,13:10:16,10,36,2,47511,47530,1.98586983,2.72986,2.545822662,18.962,9.97977,23.08,41.326,2.9905,-8.57E-15,682,auraL2,auraria_bronski,I,F,5,1.031,NA
6/12/19,13:20:15,11,38,2,48081,48100,2.189799928,2.95508,2.785736516,19.103,9.63509,22.996,40.903,2.8205,0.688968182,683,auraL2,auraria_bronski,I,F,5,1.156,NA
6/12/19,13:25:15,12,39,2,48343,48362,1.971834509,2.725755,2.571688648,18.631,9.907995,22.96,41.101,2.8735,0,684,auraL2,auraria_bronski,I,F,5,0.883,NA
6/12/19,13:35:16,13,41,2,49013,49032,1.379255384,1.917495,1.763027447,19.006,9.702145,22.91,41.85,2.945,0.005327273,685,auraL2,auraria_bronski,I,M,5,0.513,NA
6/12/19,13:40:16,14,42,2,49285,49304,1.278333495,1.79946,1.634532362,19.002,9.988875,22.93,41.66,2.8035,-3.43E-14,686,auraL2,auraria_bronski,I,M,5,0.506,NA
6/12/19,13:50:16,15,44,2,49948,49967,1.614499353,2.91333,2.740164352,14.3255,9.883195,23.14,40.772,0.043,0.606377273,687,auraL2,auraria_bronski,I,M,5,0.515,bad flow
6/12/19,13:55:16,16,45,2,50127,50146,1.362392236,1.931235,1.755075868,18.877,10.04414,23.18,40.371,0.04,0.316781818,688,auraL2,auraria_bronski,I,M,5,0.54,NA
6/12/19,14:05:15,1,47,2,50732,50751,1.479731924,2.118425,1.937454478,18.5835,9.72993,23.36,39.125,0.037,0.48035,673,auraL2,auraria_bronski,U,M,5,0.552,NA
6/12/19,14:10:15,2,48,2,51087,51106,1.422187146,2.03232,1.846073042,18.75,10.20808,23.445,38.6385,0.0405,1.537718182,674,auraL2,auraria_bronski,U,M,5,0.514,NA
6/12/19,14:20:16,3,50,2,51714,51733,1.340619483,1.93462,1.755731146,18.592,9.96252,23.57,36.8875,0.0405,0.719222727,675,auraL2,auraria_bronski,U,M,5,0.525,NA
6/12/19,14:25:15,4,51,2,52070,52089,0.337609543,0.60742,0.442336323,18.5845,10.18183,23.58,35.9775,0.0405,1.07E-15,676,auraL2,auraria_bronski,U,M,5,NA,chamber empty
6/12/19,14:35:15,5,53,2,52672,52691,2.491465174,3.3433,3.182963851,19.059,10.003695,23.57,35.975,0.038,1.37E-13,677,auraL2,auraria_bronski,U,F,5,1.177,NA
6/12/19,14:40:15,6,54,2,52822,52841,2.068582455,2.796535,2.638390075,19.09,10.07774,23.565,36.0035,0.04,0.760459091,678,auraL2,auraria_bronski,U,F,5,1.08,NA
6/12/19,14:50:15,7,56,2,53554,53573,2.330999298,3.179825,3.03544741,18.6955,9.99993,23.53,35.39,0.0375,1.844704545,679,auraL2,auraria_bronski,U,F,5,1.078,NA
6/12/19,14:55:15,8,57,2,53715,53734,1.739162568,2.404775,2.267229271,18.676,10.104305,23.53,35.2,0.038,0.371468182,680,auraL2,auraria_bronski,U,F,5,1.007,NA
6/13/19,10:38:23,7,9,1,38356,38375,1.589431008,2.884675,2.071885521,18.673,9.973725,23.47,44.6,2.938,0.180559091,695,auraL2,auraria_bronski,U,M,3,0.445,NA
6/13/19,10:43:23,8,10,1,38630,38649,1.694272043,2.942595,2.21711339,18.6025,10.22365,23.5,44.7,2.8675,1.171168182,696,auraL2,auraria_bronski,U,M,3,0.523,NA
6/13/19,10:53:23,9,12,1,39335,39354,2.338384695,3.55462,2.939502851,19.369,10.01628,23.56,44.59,2.7885,-2.68E-16,697,auraL2,auraria_bronski,I,F,3,0.951,NA
6/13/19,10:58:23,10,13,1,39516,39535,2.396779162,3.66785,3.097694218,18.84,10.12407,23.577,44.5225,2.883,0,698,auraL2,auraria_bronski,I,F,3,0.964,NA
6/13/19,11:08:23,11,15,1,40103,40122,1.905048558,2.949315,2.441931675,19,9.57367,23.64,44.459,2.8365,0.056886364,699,auraL2,auraria_bronski,I,F,3,0.933,NA
6/13/19,11:13:23,12,16,1,40414,40433,1.7709729,2.78017,2.330176435,18.5125,10.11392,23.683,44.69,2.9215,0,700,auraL2,auraria_bronski,I,F,3,0.872,NA
6/13/19,11:23:23,13,18,1,41147,41166,1.987897937,2.91487,2.55844137,18.9285,9.929625,23.72,44.539,2.9295,-2.68E-16,701,auraL2,auraria_bronski,U,F,3,0.754,NA
6/13/19,11:28:23,14,19,1,41341,41360,1.642741315,2.420285,2.10947755,18.97,10.03937,23.7,44.537,2.888,-1.07E-15,702,auraL2,auraria_bronski,U,F,3,0.798,NA
6/13/19,11:38:23,15,21,1,42048,42067,1.913545794,3.515575,3.276310573,14.2225,9.85666,23.6,44.4955,3.0055,-5.36E-16,703,auraL2,auraria_bronski,U,F,3,0.906,bad flow
6/13/19,11:43:23,16,22,1,42273,42292,1.502820513,2.146255,1.940285154,18.859,9.98573,23.57,44.46,2.879,0,704,auraL2,auraria_bronski,U,F,3,0.779,NA
6/13/19,11:53:23,1,24,1,42811,42830,1.156030016,1.690395,1.51548656,18.569,9.5552,23.49,44.6275,2.935,1.197081818,689,auraL2,auraria_bronski,I,M,3,0.489,NA
6/13/19,11:58:23,2,25,1,43103,43122,1.61282835,2.23922,2.099007112,18.7015,9.955365,23.44,44.949,2.893,0.528836364,690,auraL2,auraria_bronski,I,M,3,0.542,NA
6/13/19,12:08:23,3,27,1,43863,43882,0.937074345,1.319875,1.223647009,18.6305,9.854765,23.361,44.8865,0.039,8.57E-15,691,auraL2,auraria_bronski,I,M,3,0.56,NA
6/13/19,12:13:23,4,28,1,44100,44119,1.471322866,2.006125,1.929417656,18.5535,9.97789,23.34,44.94,0.038,1.747740909,692,auraL2,auraria_bronski,I,M,3,0.501,NA
6/13/19,12:23:23,5,30,1,44725,44744,1.310351955,1.73801,1.676933274,19.0055,9.7333,23.25,44.7675,0.0315,0.111977273,693,auraL2,auraria_bronski,U,M,3,0.596,NA
6/13/19,12:28:23,6,31,1,44974,44993,1.386433117,1.82051,1.768996372,19.06,9.88534,23.212,44.5805,0.042,1.629218182,694,auraL2,auraria_bronski,U,M,3,0.487,NA
6/13/19,12:38:23,7,33,2,45575,45594,1.289328524,1.72048,1.680561288,18.6545,9.572025,23.155,43.8325,0.041,0.183568182,695,auraL2,auraria_bronski,U,M,3,0.445,NA
6/13/19,12:43:23,8,34,2,45808,45827,0.940499002,1.25522,1.224334431,18.674,9.767405,23.0935,43.674,0.041,-1.37E-13,696,auraL2,auraria_bronski,U,M,3,0.523,NA
6/13/19,12:53:23,9,36,2,46435,46454,1.620916392,2.04543,2.031657301,19.389,9.386475,23,43.461,0.0305,4.28E-15,697,auraL2,auraria_bronski,I,F,3,0.951,NA
6/13/19,12:58:23,10,37,2,46797,46816,1.490179642,1.908925,1.919215535,18.867,9.79357,22.96,43.96,2.7975,-1.07E-15,698,auraL2,auraria_bronski,I,F,3,0.964,NA
6/13/19,13:08:23,11,39,2,47463,47482,1.566325343,1.98528,2.003265867,18.995,9.620255,22.9,43.87,2.799,0,699,auraL2,auraria_bronski,I,F,3,0.933,NA
6/13/19,13:13:23,12,40,2,47739,47758,1.477631219,1.91532,1.935857669,18.541,9.78024,22.8605,43.3075,2.877,1.07E-15,700,auraL2,auraria_bronski,I,F,3,0.872,NA
6/13/19,13:23:23,13,42,2,48265,48284,1.829072905,2.3197,2.347687231,18.923,9.40094,22.83,44.3,2.828,0.180709091,701,auraL2,auraria_bronski,U,F,3,0.754,NA
6/13/19,13:28:23,14,43,2,48663,48682,1.402016781,1.756665,1.799491151,18.9225,9.760465,22.8185,44.9825,2.861,0.132909091,702,auraL2,auraria_bronski,U,F,3,0.798,NA
6/13/19,13:38:23,15,45,2,49261,49280,1.657822314,2.80457,2.841317407,14.171,9.547045,22.82,45.2285,2.878,0.038086364,703,auraL2,auraria_bronski,U,F,3,0.906,bad flow
6/13/19,13:43:23,16,46,2,49463,49482,1.282005119,1.617245,1.649472568,18.876,9.677385,22.81,44.665,2.8805,-4.28E-15,704,auraL2,auraria_bronski,U,F,3,0.779,NA
6/13/19,13:53:23,1,48,2,50151,50170,1.323565223,1.685745,1.730170425,18.5795,9.59443,22.82,43.9935,2.9525,0.239636364,689,auraL2,auraria_bronski,I,M,3,0.489,NA
6/13/19,13:58:23,2,49,2,50303,50322,1.56053778,1.971525,2.023973816,18.726,9.640785,22.82,43.8185,2.9405,1.023981818,690,auraL2,auraria_bronski,I,M,3,0.542,NA
6/13/19,14:08:23,3,51,2,51063,51082,0.928317993,1.145705,1.213336154,18.5805,9.541735,22.79,43.553,2.83,1.71E-14,691,auraL2,auraria_bronski,I,M,3,0.56,NA
6/13/19,14:13:23,4,52,2,51279,51298,1.370085859,1.7211,1.793383323,18.552,9.67069,22.78,43.457,2.9825,1.546463636,692,auraL2,auraria_bronski,I,M,3,0.501,NA
6/13/19,14:23:23,5,54,2,51837,51856,1.364348057,1.67028,1.74169215,19.0215,9.27477,22.76,43.199,2.934,0.330140909,693,auraL2,auraria_bronski,U,M,3,0.596,NA
6/13/19,14:28:23,6,55,2,52242,52261,0.922880207,1.11463,1.178895919,19.0105,9.74445,22.78,43.47,3.0485,0.093672727,694,auraL2,auraria_bronski,U,M,3,0.487,NA
6/13/19,14:38:23,7,57,3,52843,52862,1.30354868,1.6475,1.698738271,18.6445,9.655755,22.934,43.588,2.8595,0.884495455,695,auraL2,auraria_bronski,U,M,3,0.445,NA
6/13/19,14:43:23,8,58,3,53015,53034,1.372458429,1.750205,1.793472252,18.5965,9.778215,22.99,43.595,3.0175,1.486986364,696,auraL2,auraria_bronski,U,M,3,0.523,NA
6/13/19,14:53:23,9,60,3,53686,53705,1.559815164,1.93672,1.964200471,19.3125,9.634135,23.2105,43.436,3.0115,8.57E-15,697,auraL2,auraria_bronski,I,F,3,0.951,NA
6/13/19,14:58:23,10,61,3,54063,54082,1.738959936,2.238445,2.250867226,18.7975,9.967905,23.35,42.556,3.0325,0.007486364,698,auraL2,auraria_bronski,I,F,3,0.964,NA
1/1/00,1:07:03,9,11,1,4073,4092,1.84065854,3.62513,2.685178443,16.6835,10.416625,23.44,37.67,0.068,0.260118182,NA,NA,NA,NA,NA,NA,NA,NA
1/1/00,1:12:03,10,12,1,4323,4342,1.815531727,3.57312,2.704695651,16.3325,10.875035,23.3535,37.626,0.0645,0.000140909,NA,NA,NA,NA,NA,NA,NA,NA
1/1/00,1:22:03,11,14,1,5083,5102,1.295404584,2.669115,1.915616021,16.444,10.62419,23.18,37.88,0.0415,-2.14E-15,NA,NA,NA,NA,NA,NA,NA,NA
1/1/00,1:27:03,12,15,1,5343,5362,1.585367857,3.09883,2.404991747,16.027,10.87969,23.131,38.0895,0.0435,0.014736364,NA,NA,NA,NA,NA,NA,NA,NA
1/1/00,1:37:03,13,17,1,5930,5949,2.181474841,3.887915,3.246641694,16.3305,10.411175,23.03,38.03,0.046,-5.36E-16,NA,NA,NA,NA,NA,NA,NA,NA
1/1/00,1:42:03,14,18,1,6228,6247,2.113452126,3.73167,3.142318579,16.345,10.786295,23,37.93,0.0455,1.07E-15,NA,NA,NA,NA,NA,NA,NA,NA
1/1/00,1:52:03,15,20,1,6723,6742,2.049760124,4.525835,3.966186143,12.5575,9.77181,22.941,38.889,0.0425,-1.07E-15,NA,NA,NA,NA,NA,NA,NA,NA
1/1/00,1:57:03,16,21,1,7115,7134,2.205934742,3.79579,3.292033495,16.2795,10.725895,22.91,39.27,0.0525,-1.07E-15,NA,NA,NA,NA,NA,NA,NA,NA
1/1/00,2:07:03,1,23,1,7777,7796,1.675623909,3.004085,2.534721629,16.0555,10.439665,22.82,39.736,0.0425,0.506627273,NA,NA,NA,NA,NA,NA,NA,NA
1/1/00,2:12:03,2,24,1,7981,8000,1.464427327,2.654365,2.201798699,16.1525,10.595495,22.8,39.67,0.0435,1.008840909,NA,NA,NA,NA,NA,NA,NA,NA
1/1/00,2:22:03,3,26,1,8566,8585,1.012310569,1.95919,1.526609526,16.101,9.98644,22.7505,39.813,0.045,8.57E-15,NA,NA,NA,NA,NA,NA,NA,NA
1/1/00,2:27:03,4,27,1,8946,8965,0.930914629,1.816585,1.40780701,16.056,10.606865,22.744,39.94,0.129,-4.28E-15,NA,NA,NA,NA,NA,NA,NA,NA
1/1/00,2:37:03,5,29,1,9525,9544,1.19520849,2.156595,1.760327504,16.4845,10.17164,22.7125,40.01,0.0505,5.36E-16,NA,NA,NA,NA,NA,NA,NA,NA
1/1/00,2:42:03,6,30,1,9811,9830,2.328093067,3.823215,3.438804855,16.436,10.52409,22.7,39.47,0.0505,0.476177273,NA,NA,NA,NA,NA,NA,NA,NA
1/1/00,2:52:03,7,32,1,10323,10342,1.736363089,2.97848,2.60662402,16.171,9.65667,22.68,39.1015,0.0555,0.211804545,NA,NA,NA,NA,NA,NA,NA,NA
1/1/00,2:57:03,8,33,1,10783,10802,1.568602569,2.697395,2.358130584,16.1475,10.56669,22.67,38.65,0.061,-1.37E-13,NA,NA,NA,NA,NA,NA,NA,NA
1/1/00,3:07:03,9,35,2,11308,11327,1.610222058,2.666015,2.333379255,16.7515,10.05778,22.67,38.82,0.0565,0.125140909,NA,NA,NA,NA,NA,NA,NA,NA
1/1/00,3:12:03,10,36,2,11653,11672,1.42233619,2.4309,2.107843168,16.381,10.523025,22.68,39.1245,0.0445,0.389613636,NA,NA,NA,NA,NA,NA,NA,NA
1/1/00,3:22:03,11,38,2,12283,12302,1.022576955,1.82431,1.505948974,16.4835,10.24406,22.6775,38.587,0.046,0.003409091,NA,NA,NA,NA,NA,NA,NA,NA
1/1/00,3:27:03,12,39,2,12502,12521,1.304265256,2.28451,1.968871601,16.081,10.465395,22.6725,38.91,0.055,0.043940909,NA,NA,NA,NA,NA,NA,NA,NA
1/1/00,3:37:03,13,41,2,13040,13059,1.775267617,2.938785,2.618520675,16.458,9.684195,22.67,38.346,0.0445,1.07E-15,NA,NA,NA,NA,NA,NA,NA,NA
1/1/00,3:42:03,14,42,2,13483,13502,1.898395665,3.136875,2.799220188,16.463,10.529695,22.67,37.813,0.0475,0,NA,NA,NA,NA,NA,NA,NA,NA
1/1/00,3:52:03,15,44,2,13985,14004,1.533817652,3.260935,2.929571973,12.709,9.80184,22.66,37.3225,0.051,0,NA,NA,NA,NA,NA,NA,NA,NA
1/1/00,3:57:03,16,45,2,14323,14342,1.86460917,3.090385,2.770785287,16.336,10.42812,22.66,36.6965,0.044,2.14E-15,NA,NA,NA,NA,NA,NA,NA,NA
1/1/00,4:07:03,1,47,2,14879,14898,1.402077966,2.425925,2.111741554,16.1155,9.951545,22.637,35.4135,0.047,0.167186364,NA,NA,NA,NA,NA,NA,NA,NA
1/1/00,4:12:03,2,48,2,15263,15282,1.313117527,2.268525,1.960546578,16.2565,10.520795,22.63,35.6115,0.044,0.165636364,NA,NA,NA,NA,NA,NA,NA,NA
1/1/00,4:22:03,3,50,2,15806,15825,0.870989281,1.632185,1.310764656,16.137,10.14895,22.788,35.9,0.047,0,NA,NA,NA,NA,NA,NA,NA,NA
1/1/00,4:27:03,4,51,2,16146,16165,0.912984381,1.723015,1.379324881,16.081,10.66655,22.9155,35.848,0.049,0,NA,NA,NA,NA,NA,NA,NA,NA
1/1/00,4:37:03,5,53,2,16638,16657,1.599057863,2.707685,2.356006207,16.499,9.909915,23.084,35.4505,0.0515,0.407213636,NA,NA,NA,NA,NA,NA,NA,NA
1/1/00,4:42:03,6,54,2,16971,16990,2.170381817,3.555375,3.192305176,16.5325,10.680165,23.18,35.289,0.051,1.605718182,NA,NA,NA,NA,NA,NA,NA,NA
1/1/00,4:52:03,7,56,2,17612,17631,1.590033907,2.757165,2.386524023,16.209,10.35567,23.32,34.5225,0.045,0.905577273,NA,NA,NA,NA,NA,NA,NA,NA
1/1/00,4:57:03,8,57,2,17983,18002,1.53106132,2.67344,2.297000615,16.2215,10.880255,23.42,34.3195,0.047,1.37E-13,NA,NA,NA,NA,NA,NA,NA,NA
1/1/00,5:07:03,9,59,3,18438,18457,1.557967342,2.62515,2.248338891,16.8695,9.99327,23.52,34.1315,0.0495,0.406822727,NA,NA,NA,NA,NA,NA,NA,NA
1/1/00,5:12:03,10,60,3,18883,18902,1.452024516,2.51813,2.140631382,16.5145,10.807415,23.54,33.326,0.047,-4.11E-13,NA,NA,NA,NA,NA,NA,NA,NA
6/17/19,11:04:33,7,9,1,39984,40003,1.820452291,3.660495,2.570901454,17.2415,10.771945,23.57,41.197,2.638,0.153636364,727,auraL2,auraria_bronski,U,M,3,0.583,NA
6/17/19,11:09:34,8,10,1,40299,40318,1.976249824,3.73306,2.787882872,17.254,10.97308,23.461,41.84,2.5425,1.686504545,728,auraL2,auraria_bronski,U,M,3,0.576,NA
6/17/19,11:19:34,9,12,1,40934,40953,1.814325436,3.298415,2.459858092,17.9395,10.594385,23.26,42.29,2.695,0.149977273,729,auraL2,auraria_bronski,I,M,3,0.628,NA
6/17/19,11:24:34,10,13,1,41189,41208,1.762357437,3.213145,2.450935708,17.485,10.76846,23.18,42.249,2.7275,1.465754545,730,auraL2,auraria_bronski,I,M,3,0.545,NA
6/17/19,11:34:33,11,15,1,41674,41693,1.592504788,2.920365,2.200674883,17.5905,9.93068,23.077,42.41,2.577,0.148581818,731,auraL2,auraria_bronski,I,M,3,0.565,NA
6/17/19,11:39:34,12,16,1,42040,42059,1.597537539,2.910535,2.264330231,17.1455,10.626845,22.995,42.695,2.7905,0.190281818,732,auraL2,auraria_bronski,I,M,3,0.537,NA
6/17/19,11:49:33,13,18,1,42707,42726,1.749893916,3.02851,2.435501556,17.4555,10.37214,22.91,43.061,2.6935,1.07E-15,733,auraL2,auraria_bronski,I,F,3,0.989,NA
6/17/19,11:54:33,14,19,1,42974,42993,1.722083707,2.950965,2.391006202,17.4955,10.603385,22.87,43.44,2.77,-1.34E-16,734,auraL2,auraria_bronski,I,F,3,0.833,NA
6/17/19,12:04:33,15,21,1,43552,43571,1.960923718,4.1997,3.672570952,12.969,10.10964,22.849,43.3025,2.592,-1.07E-15,735,auraL2,auraria_bronski,I,F,3,0.994,bad flow
6/17/19,12:09:33,16,22,1,43834,43853,1.786770353,2.98668,2.492485739,17.412,10.507845,22.84,42.784,2.7885,2.14E-15,736,auraL2,auraria_bronski,I,F,3,0.82,NA
6/17/19,12:19:33,1,24,1,44400,44419,1.500502275,2.602575,2.125556247,17.145,10.009655,22.8125,42.22,2.7305,0.759622727,721,auraL2,auraria_bronski,U,F,3,0.532,NA
6/17/19,12:24:33,2,25,1,44715,44734,1.351993002,2.36865,1.900696385,17.2755,10.467725,22.81,42.2465,2.8035,-2.14E-15,722,auraL2,auraria_bronski,U,F,3,0.758,NA
6/17/19,12:34:33,3,27,1,45313,45332,1.032191224,1.90654,1.458435368,17.1875,9.99326,22.7935,42.85,2.577,0,723,auraL2,auraria_bronski,U,F,3,0.508,NA
6/17/19,12:39:33,4,28,1,45611,45630,1.396110486,2.39727,1.977611202,17.145,10.491105,22.8,43.0475,2.4655,0.701154545,724,auraL2,auraria_bronski,U,F,3,0.73,NA
6/17/19,12:49:33,5,30,1,46264,46283,1.294986886,2.18372,1.795699796,17.5135,10.1201,22.79,42.29,2.76,1.397227273,725,auraL2,auraria_bronski,U,M,3,0.326,NA
6/17/19,12:54:33,6,31,1,46571,46590,1.325269158,2.19623,1.834783262,17.541,10.40972,22.7875,42.0075,2.6685,0.000140909,726,auraL2,auraria_bronski,U,M,3,0.62,NA
6/17/19,13:04:33,7,33,2,47096,47115,1.488751335,2.452015,2.101928484,17.2,9.80164,22.78,41.59,2.677,0.134436364,727,auraL2,auraria_bronski,U,M,3,0.583,NA
6/17/19,13:09:33,8,34,2,47401,47420,1.635184823,2.64826,2.308516059,17.201,10.322855,22.78,41.1185,2.629,0.212245455,728,auraL2,auraria_bronski,U,M,3,0.576,NA
6/17/19,13:19:33,9,36,2,47996,48015,1.339716697,2.1522,1.820866584,17.8665,9.73674,22.77,40.9365,2.731,0.000540909,729,auraL2,auraria_bronski,I,M,3,0.628,NA
6/17/19,13:24:33,10,37,2,48276,48295,1.537609639,2.4684,2.14369891,17.417,10.246305,22.76,40.885,2.656,1.043795455,730,auraL2,auraria_bronski,I,M,3,0.545,NA
6/17/19,13:34:33,11,39,2,49002,49021,1.361254947,2.202015,1.892200751,17.467,10.04397,22.73,40.437,2.649,0.710095455,731,auraL2,auraria_bronski,I,M,3,0.565,NA
6/17/19,13:39:33,12,40,2,49188,49207,1.38263616,2.26396,1.962019614,17.11,10.210245,22.73,40.5695,2.7335,1.901731818,732,auraL2,auraria_bronski,I,M,3,0.537,NA
6/17/19,13:49:33,13,42,2,49824,49843,1.567688501,2.47877,2.184810837,17.4215,9.775085,22.728,40.939,2.703,-1.07E-15,733,auraL2,auraria_bronski,I,F,3,0.989,NA
6/17/19,13:54:33,14,43,2,50211,50230,1.465712693,2.332945,2.042075055,17.4265,10.288095,22.72,41.2085,2.639,0,734,auraL2,auraria_bronski,I,F,3,0.833,NA
6/17/19,14:04:33,15,45,2,50673,50692,1.682163941,3.448785,3.157746362,12.9335,9.432275,22.7175,41.6585,2.5865,-1.07E-15,735,auraL2,auraria_bronski,I,F,3,0.994,bad flow
6/17/19,14:09:33,16,46,2,51076,51095,1.587124453,2.515055,2.222708898,17.336,10.219355,22.713,42.077,2.683,0.000540909,736,auraL2,auraria_bronski,I,F,3,0.82,NA
6/17/19,14:19:33,1,48,2,51593,51612,1.646304805,2.633695,2.337526753,17.098,9.664645,22.69,41.116,2.5405,1.455281818,721,auraL2,auraria_bronski,U,F,3,0.532,NA
6/17/19,14:24:33,2,49,2,51917,51936,1.136398466,1.90822,1.604235883,17.1975,10.21756,22.7,41.0635,2.7,2.14E-15,722,auraL2,auraria_bronski,U,F,3,0.758,NA
6/17/19,14:34:33,3,51,2,52554,52573,0.917262157,1.62593,1.302514686,17.1065,10.025185,22.872,39.574,2.5975,0,723,auraL2,auraria_bronski,U,F,3,0.508,NA
6/17/19,14:39:33,4,52,2,52807,52826,1.493087474,2.473165,2.130034012,17.034,10.37033,22.98,39.2,2.6315,1.748454545,724,auraL2,auraria_bronski,U,F,3,0.73,NA
6/17/19,14:49:33,5,54,2,53373,53392,0.955448456,1.69234,1.334168619,17.414,9.733,23.18,37.79,2.732,0.093090909,725,auraL2,auraria_bronski,U,M,3,0.326,NA
6/17/19,14:54:33,6,55,2,53824,53843,1.356155783,2.262695,1.888917253,17.4695,10.568255,23.37,36.91,2.5905,1.678040909,726,auraL2,auraria_bronski,U,M,3,0.62,NA
6/17/19,15:04:33,7,57,3,54433,54452,1.281957431,2.187325,1.81978287,17.1515,10.354535,23.55,36.535,2.7925,0.823681818,727,auraL2,auraria_bronski,U,M,3,0.583,NA
6/17/19,15:09:33,8,58,3,54649,54668,1.513414609,2.5177,2.155287993,17.0995,10.58517,23.607,36.4,2.863,1.315459091,728,auraL2,auraria_bronski,U,M,3,0.576,NA
6/18/19,10:43:51,7,9,1,38632,38651,1.313813253,3.017605,1.877892428,17.0035,9.80509,23.02,43.63,2.641,4.28E-15,743,yakB13L5,DYak,U,M,4,0.338,NA
6/18/19,10:48:51,8,10,1,39088,39107,1.696254522,3.45328,2.433901309,16.9395,10.58978,23.05,43.879,2.6825,0.335454545,744,yakB13L5,DYak,U,M,4,0.265,dead
6/18/19,10:58:51,9,12,1,39576,39595,1.614369364,3.215645,2.234490608,17.563,9.888335,23.09,43.49,2.7645,6.69E-17,745,yakB13L5,DYak,I,M,4,0.3,NA
6/18/19,11:03:51,10,13,1,39833,39852,1.447192246,2.98522,2.055810583,17.115,10.33733,23.13,43.49,2.826,4.28E-15,746,yakB13L5,DYak,I,M,4,0.368,NA
6/18/19,11:13:52,11,15,1,40446,40465,1.462524747,2.930685,2.06073897,17.258,9.644565,23.18,43.45,2.7985,0.024759091,747,yakB13L5,DYak,I,M,4,0.33,NA
6/18/19,11:18:51,12,16,1,40736,40755,1.264366442,2.64352,1.824648383,16.852,10.30813,23.214,43.35,2.701,0.000586364,748,yakB13L5,DYak,I,M,4,0.284,bad flow
6/18/19,11:28:52,13,18,1,41335,41354,1.926884484,3.502745,2.730477158,17.168,9.54333,23.31,43.09,2.655,5.36E-16,749,yakB13L5,DYak,U,F,4,0.777,NA
6/18/19,11:33:52,14,19,1,41633,41652,1.714248234,3.15602,2.422785163,17.2165,10.306625,23.37,43.1045,2.7655,2.14E-15,750,yakB13L5,DYak,U,F,4,0.624,NA
6/18/19,11:43:52,15,21,1,42316,42335,1.934191125,4.160425,3.467949788,13.5765,9.91011,23.49,42.5785,2.7525,0,751,yakB13L5,DYak,U,F,4,0.552,bad flow
6/18/19,11:48:52,16,22,1,42532,42551,1.71201012,3.109995,2.436427579,17.106,10.30662,23.514,42.295,2.655,0,752,yakB13L5,DYak,U,F,4,0.786,NA
6/18/19,11:58:52,1,24,1,43132,43151,2.372820864,4.074875,3.424569622,16.8725,9.712135,23.604,41.5415,0.0365,8.57E-15,737,yakB13L5,DYak,I,F,4,0.752,NA
6/18/19,12:03:52,2,25,1,43440,43459,1.818740467,3.23745,2.607181697,16.995,10.440135,23.7335,40.9115,0.0385,-2.14E-15,738,yakB13L5,DYak,I,F,4,0.814,NA
6/18/19,12:13:52,3,27,1,44065,44084,1.97211139,3.432125,2.842845759,16.911,9.923245,23.92,40.124,0.0385,8.57E-15,739,yakB13L5,DYak,I,F,4,0.673,NA
6/18/19,12:18:52,4,28,1,44340,44359,1.573209857,2.807565,2.269871711,16.898,10.457455,23.96,39.9325,0.0395,1.305322727,740,yakB13L5,DYak,I,F,4,0.543,NA
6/18/19,12:28:52,5,30,1,44956,44975,1.557617484,2.671685,2.193295711,17.311,9.74723,23.899,39.996,0.039,0.846795455,741,yakB13L5,DYak,U,M,4,0.444,NA
6/18/19,12:33:52,6,31,1,45240,45259,1.555425095,2.60373,2.179012044,17.396,10.28524,23.83,40.1845,0.0395,1.3825,742,yakB13L5,DYak,U,M,4,0.361,NA
6/18/19,12:43:52,7,33,2,45832,45851,1.589142543,2.66339,2.275098226,17.012,9.48314,23.6455,40.4465,0.041,1.896004545,743,yakB13L5,DYak,U,M,4,0.338,NA
6/18/19,12:48:52,8,34,2,46189,46208,1.415851258,2.39893,2.026917801,17.007,10.304825,23.55,40.74,0.042,0.506695455,744,yakB13L5,DYak,U,M,4,0.265,dead
6/18/19,12:58:52,9,36,2,46892,46911,1.52542604,2.453155,2.108913304,17.602,10.070925,23.4,40.149,2.863,0.138954545,745,yakB13L5,DYak,I,M,4,0.3,NA
6/18/19,13:03:52,10,37,2,47187,47206,1.985536693,3.12677,2.805598816,17.219,10.332185,23.35,39.9975,2.6785,1.434909091,746,yakB13L5,DYak,I,M,4,0.368,NA
6/18/19,13:13:51,11,39,2,47703,47722,1.74315119,2.76,2.448004242,17.3205,9.780215,23.265,40.127,2.7585,0.828477273,747,yakB13L5,DYak,I,M,4,0.33,NA
6/18/19,13:18:52,12,40,2,47935,47954,1.523206108,2.49218,2.189442885,16.921,10.140015,23.24,39.97,2.673,1.308840909,748,yakB13L5,DYak,I,M,4,0.284,bad flow
6/18/19,13:28:51,13,42,2,48531,48550,1.677412502,2.6535,2.35995451,17.284,9.30886,23.18,39.845,2.6295,0,749,yakB13L5,DYak,U,F,4,0.777,NA
6/18/19,13:33:52,14,43,2,48872,48891,1.430584333,2.303145,2.016306155,17.2505,10.111455,23.14,39.201,2.614,6.43E-15,750,yakB13L5,DYak,U,F,4,0.624,NA
6/18/19,13:43:51,15,45,2,49452,49471,2.06701097,3.98477,3.698500852,13.584,9.30206,23.05,37.83,2.679,0.667477273,751,yakB13L5,DYak,U,F,4,0.552,bad flow
6/18/19,13:48:51,16,46,2,49796,49815,1.433655816,2.319685,2.028941365,17.172,10.05245,23,37.411,2.8405,0,752,yakB13L5,DYak,U,F,4,0.786,NA
6/18/19,13:58:51,1,48,2,50350,50369,2.305647014,3.611275,3.317062698,16.8905,9.518285,22.97,37.109,2.71,0.131468182,737,yakB13L5,DYak,I,F,4,0.752,NA
6/18/19,14:03:51,2,49,2,50774,50793,2.026838443,3.200195,2.899959866,16.987,10.300635,23.03,37.0025,2.6105,8.57E-15,738,yakB13L5,DYak,I,F,4,0.814,NA
6/18/19,14:13:51,3,51,2,51341,51360,2.261727537,3.558885,3.252605748,16.909,9.97129,23.18,36.115,2.7725,0.582090909,739,yakB13L5,DYak,I,F,4,0.673,NA
6/18/19,14:18:51,4,52,2,51586,51605,2.092691785,3.32992,3.017842901,16.867,10.281445,23.26,35.991,2.8395,1.597272727,740,yakB13L5,DYak,I,F,4,0.543,NA
6/18/19,14:28:51,5,54,2,52131,52150,2.226128779,3.4603,3.138772217,17.2605,9.46259,23.4115,35.507,2.6215,0.922322727,741,yakB13L5,DYak,U,M,4,0.444,NA
6/18/19,14:33:51,6,55,2,52485,52504,1.928217938,3.06072,2.72076487,17.2525,10.29461,23.51,35.877,2.7695,1.599127273,742,yakB13L5,DYak,U,M,4,0.361,NA
6/18/19,14:43:51,7,57,3,53079,53098,1.006450359,1.787025,1.445752449,16.9545,9.78848,23.6525,36.9605,2.5875,2.74E-13,743,yakB13L5,DYak,U,M,4,0.338,NA
6/18/19,14:48:51,8,58,3,53331,53350,1.075453852,1.880405,1.545771421,16.9485,10.307645,23.7115,37.08,2.703,2.74E-13,744,yakB13L5,DYak,U,M,4,0.265,dead
6/18/19,14:58:51,9,60,3,53931,53950,2.114243262,3.25842,2.93387483,17.5625,9.4738,23.84,37.171,2.664,0.539777273,745,yakB13L5,DYak,I,M,4,0.3,NA
6/18/19,15:03:51,10,61,3,54391,54410,1.399770279,2.289385,1.984620056,17.1915,10.429405,23.88,35.311,2.7405,0.231363636,746,yakB13L5,DYak,I,M,4,0.368,NA
6/19/19,11:03:53,5,7,1,39990,40009,0.977475525,0.85867,1.374628343,17.3055,11.79781,23.4225,27.254,2.8905,-1.34E-16,757,yakB13L5,DYak,I,M,5,0.318,NA
6/19/19,11:08:54,6,8,1,40204,40223,1.393345153,1.42033,1.95536332,17.3415,12.18384,23.42,26.8875,2.884,8.57E-15,758,yakB13L5,DYak,I,M,5,0.351,NA
6/19/19,11:18:53,7,10,1,40752,40771,1.400858541,1.452215,2.003657835,17.015,10.68597,23.42,26.5955,2.681,0,759,yakB13L5,DYak,I,M,5,0.348,NA
6/19/19,11:23:54,8,11,1,41034,41053,1.360315403,1.379985,1.945764724,17.014,11.94863,23.427,26.51,2.9425,0.231018182,760,yakB13L5,DYak,I,M,5,0.33,NA
6/19/19,11:33:54,9,13,1,41701,41720,1.273301878,1.176025,1.757437436,17.6335,11.10084,23.44,26.1575,2.76,-2.68E-16,761,yakB13L5,DYak,U,M,5,0.351,NA
6/19/19,11:38:54,10,14,1,42016,42035,1.459863655,1.46989,2.06254838,17.227,12.07354,23.45,26.04,2.8565,0.051331818,762,yakB13L5,DYak,U,M,5,0.37,NA
6/19/19,11:48:54,11,16,1,42534,42553,1.118155708,0.972775,1.572940771,17.3025,10.18865,23.463,25.7905,2.91,-8.57E-15,763,yakB13L5,DYak,U,M,5,0.37,NA
6/19/19,11:53:53,12,17,1,42967,42986,1.239621082,1.16679,1.781732002,16.936,12.14724,23.491,25.8,2.884,0,764,yakB13L5,DYak,U,M,5,0.454,NA
6/19/19,12:03:54,13,19,1,43434,43453,1.508408399,1.507775,2.128637401,17.2505,10.151815,23.5145,25.724,3.009,-5.36E-16,765,yakB13L5,DYak,U,F,5,0.555,NA
6/19/19,12:08:54,14,20,1,43881,43900,1.916143311,2.06778,2.704896471,17.247,12.182415,23.54,25.4325,2.927,1.29E-14,766,yakB13L5,DYak,U,F,5,0.658,NA
6/19/19,12:18:53,15,22,1,44333,44352,1.76297933,2.652065,3.28609015,13.0625,9.66454,23.5615,25.205,2.8945,2.27E-05,767,yakB13L5,DYak,U,F,5,0.631,bad flow
6/19/19,12:23:53,16,23,1,44672,44691,1.795370255,1.923855,2.547741261,17.159,11.92778,23.5785,25.14,2.909,4.28E-15,768,yakB13L5,DYak,U,F,5,0.742,NA
6/19/19,12:33:53,1,25,1,45393,45412,1.53013962,1.57165,2.201278115,16.928,11.657705,23.62,25.18,2.811,4.28E-15,753,yakB13L5,DYak,I,F,5,0.73,NA
6/19/19,12:38:53,2,26,1,45552,45571,1.769609206,1.888795,2.523720302,17.077,12.02461,23.64,25.26,3.047,0.377427273,754,yakB13L5,DYak,I,F,5,0.54,NA
6/19/19,12:48:53,3,28,1,46229,46248,1.307016802,1.241325,1.876069365,16.969,11.378685,23.67,25.06,2.977,5.36E-16,755,yakB13L5,DYak,I,F,5,0.528,NA
6/19/19,12:53:53,4,29,1,46476,46495,1.586025107,1.653215,2.28226912,16.927,12.07896,23.68,24.98,2.91,0,756,yakB13L5,DYak,I,F,5,0.809,NA
6/19/19,13:03:53,5,31,2,47086,47105,1.379142828,1.313635,1.941947407,17.3005,11.104195,23.715,24.24,2.8725,0.188581818,757,yakB13L5,DYak,I,M,5,0.318,NA
6/19/19,13:08:53,6,32,2,47465,47484,1.892431169,2.022825,2.655649111,17.3605,12.22164,23.7275,24.369,2.9445,1.707890909,758,yakB13L5,DYak,I,M,5,0.351,NA
6/19/19,13:18:53,7,34,2,48092,48111,1.809430723,1.940525,2.5870252,17.039,11.618875,23.72,23.4095,0.0275,1.117240909,759,yakB13L5,DYak,I,M,5,0.348,NA
6/19/19,13:23:53,8,35,2,48259,48278,1.512008139,1.511335,2.165493281,17.0085,12.024685,23.7,23.251,0.0275,2.021295455,760,yakB13L5,DYak,I,M,5,0.33,NA
6/19/19,13:33:53,9,37,2,48841,48860,0.954957402,0.646455,1.313928942,17.6945,10.23386,23.5195,23.548,2.6705,3.43E-14,761,yakB13L5,DYak,U,M,5,0.351,NA
6/19/19,13:38:53,10,38,2,49248,49267,1.718861844,1.73181,2.419220175,17.288,11.97951,23.36,23.267,0.0265,0.148504545,762,yakB13L5,DYak,U,M,5,0.37,NA
6/19/19,13:48:53,11,40,2,49733,49752,1.286269866,1.112495,1.803665485,17.345,10.04306,23.22,23.17,0.0295,0.688859091,763,yakB13L5,DYak,U,M,5,0.37,NA
6/19/19,13:53:53,12,41,2,50082,50101,1.763048346,1.837805,2.531914942,16.9325,11.83971,23.18,23.17,0.029,0.803627273,764,yakB13L5,DYak,U,M,5,0.454,NA
6/19/19,14:03:53,13,43,2,50772,50791,1.690897922,1.696215,2.381246005,17.26,11.24695,23.059,22.6155,0.028,-4.28E-15,765,yakB13L5,DYak,U,F,5,0.555,NA
6/19/19,14:08:53,14,44,2,50933,50952,1.90824141,2.003005,2.681983454,17.2925,11.637165,23.02,22.6,0.03,0.148663636,766,yakB13L5,DYak,U,F,5,0.658,NA
6/19/19,14:18:53,15,46,2,51642,51661,1.33684081,1.82552,2.491958275,13.034,10.641955,22.93,23.233,0.025,-3.43E-14,767,yakB13L5,DYak,U,F,5,0.631,bad flow
6/19/19,14:23:53,16,47,2,51853,51872,1.431724124,1.35794,2.018921396,17.229,11.510695,22.911,23.6735,0.0245,1.71E-14,768,yakB13L5,DYak,U,F,5,0.742,NA
6/19/19,14:33:53,1,49,2,52570,52589,2.097284223,2.366365,3.010843608,16.9255,11.26885,22.95,23.8895,0.027,0.002545455,753,yakB13L5,DYak,I,F,5,0.73,NA
6/19/19,14:38:53,2,50,2,52750,52769,1.78800524,1.91819,2.554133689,17.011,11.695385,22.9725,24.13,0.027,0.239731818,754,yakB13L5,DYak,I,F,5,0.54,NA
6/19/19,14:48:53,3,52,2,53333,53352,1.420676867,1.425585,2.03634577,16.959,10.088655,23.0865,24.0805,0.0245,0,755,yakB13L5,DYak,I,F,5,0.528,NA
6/19/19,14:53:53,4,53,2,53748,53767,1.549357786,1.67179,2.225021367,16.9325,11.86085,23.1735,24.248,0.0245,0.224977273,756,yakB13L5,DYak,I,F,5,0.809,NA
6/20/19,10:27:39,7,9,1,37659,37678,1.677783534,4.88154,2.687534899,15.155,10.304095,22.68,28.34,2.9255,0,775,yakB13L5,DYak,U,M,3,0.395,NA
6/20/19,10:32:39,8,10,1,38063,38082,1.731968944,4.87642,2.78120303,15.1165,12.211995,22.66,28.812,2.7355,-1.34E-16,776,yakB13L5,DYak,U,M,3,0.46,NA
6/20/19,10:42:39,9,12,1,38580,38599,2.477517575,5.87284,3.830674851,15.699,10.17948,22.65,30.2725,2.7565,0.145772727,777,yakB13L5,DYak,I,M,3,NA,two flies in chamber
6/20/19,10:47:39,10,13,1,38898,38917,1.314110395,4.044815,2.080904113,15.329,11.84657,22.65,30.427,2.6765,0.002168182,778,yakB13L5,DYak,I,M,3,0.219,dead
6/20/19,10:57:39,11,15,1,39461,39480,1.456356818,4.209305,2.295583033,15.4,9.71751,22.66,30.4015,2.7185,1.07E-15,779,yakB13L5,DYak,I,M,3,0.414,NA
6/20/19,11:02:39,12,16,1,39849,39868,2.0505201,5.16758,3.307190014,15.051,11.910105,22.6715,29.8885,2.8525,0.043163636,780,yakB13L5,DYak,I,M,3,0.447,NA
6/20/19,11:12:39,13,18,1,40406,40425,2.108964727,5.15482,3.33661514,15.344,10.31448,22.68,29.3045,2.684,0.253895455,781,yakB13L5,DYak,I,F,3,0.658,NA
6/20/19,11:17:39,14,19,1,40714,40733,1.76185926,4.553995,2.790335925,15.327,11.734745,22.66,29.192,2.809,0,782,yakB13L5,DYak,I,F,3,0.769,NA
6/20/19,11:27:39,15,21,1,41368,41387,1.402321492,4.693385,2.977958265,11.4295,10.41079,22.63,28.87,2.7715,0.844822727,783,yakB13L5,DYak,I,F,3,0.624,bad flow
6/20/19,11:32:39,16,22,1,41559,41578,1.476590209,4.03074,2.337700521,15.3305,11.421015,22.62,28.87,2.837,-2.14E-15,784,yakB13L5,DYak,I,F,3,0.642,NA
6/20/19,11:42:39,1,24,1,42319,42338,1.441275527,3.950525,2.32123074,15.066,11.174265,22.54,28.0045,2.7305,-8.57E-15,769,yakB13L5,DYak,U,F,3,0.562,NA
6/20/19,11:47:39,2,25,1,42494,42513,1.049346665,3.28347,1.68069957,15.149,11.61846,22.5275,27.67,2.679,0.000409091,770,yakB13L5,DYak,U,F,3,NA,dead
6/20/19,11:57:39,3,27,1,43115,43134,1.771162319,4.411815,2.844203868,15.108,10.432785,22.5,27.18,2.845,0.269436364,771,yakB13L5,DYak,U,F,3,0.555,NA
6/20/19,12:02:40,4,28,1,43483,43502,1.661161433,4.212335,2.674032615,15.071,11.77153,22.49,27.0005,2.7805,1.2156,772,yakB13L5,DYak,U,F,3,0.638,NA
6/20/19,12:12:39,5,30,1,43972,43991,1.801844222,4.37253,2.843192507,15.3735,9.81465,22.47,27.29,2.8495,0.666627273,773,yakB13L5,DYak,U,M,3,0.504,NA
6/20/19,12:17:39,6,31,1,44379,44398,2.066586694,4.774815,3.260732496,15.3745,11.72353,22.4675,27.59,2.883,0.721113636,774,yakB13L5,DYak,U,M,3,0.491,NA
6/20/19,12:27:39,7,33,2,44932,44951,1.841894737,4.450025,2.948497833,15.1525,10.491155,22.44,27.83,2.7195,1.241177273,775,yakB13L5,DYak,U,M,3,0.395,NA
6/20/19,12:32:39,8,34,2,45302,45321,1.942898801,4.60003,3.118053452,15.114,11.74248,22.432,27.95,2.8945,2.27E-05,776,yakB13L5,DYak,U,M,3,0.46,NA
6/20/19,12:42:39,9,36,2,45919,45938,2.653278889,5.602215,4.118365632,15.627,11.01133,22.44,27.79,2.8355,0.255381818,777,yakB13L5,DYak,I,M,3,NA,two flies in chamber
6/20/19,12:47:39,10,37,2,46206,46225,1.343750769,3.61486,2.127765829,15.3185,11.69669,22.44,27.68,2.881,0.056627273,778,yakB13L5,DYak,I,M,3,0.219,dead
6/20/19,12:57:39,11,39,2,46724,46743,1.516213967,3.87311,2.389810255,15.389,10.26264,22.43,27.952,2.728,0.78615,779,yakB13L5,DYak,I,M,3,0.414,NA
6/20/19,13:02:39,12,40,2,47099,47118,2.202403767,5.023495,3.548062711,15.0565,11.67979,22.439,28.27,2.7885,0.424622727,780,yakB13L5,DYak,I,M,3,0.447,NA
6/20/19,13:12:39,13,42,2,47585,47604,2.071452855,4.756435,3.283988777,15.3,9.70905,22.437,28.772,2.818,0.042431818,781,yakB13L5,DYak,I,F,3,0.658,NA
6/20/19,13:17:39,14,43,2,47986,48005,1.853385033,4.406065,2.939727404,15.2935,11.66201,22.46,28.824,2.7875,1.71E-14,782,yakB13L5,DYak,I,F,3,0.769,NA
6/20/19,13:27:39,15,45,2,48459,48478,1.458687054,4.51273,3.049653645,11.603,8.933535,22.47,29.5205,2.8865,0.146590909,783,yakB13L5,DYak,I,F,3,0.624,bad flow
6/20/19,13:32:39,16,46,2,48805,48824,1.262735177,3.465155,2.009062285,15.247,11.359035,22.47,30.6035,2.792,8.57E-15,784,yakB13L5,DYak,I,F,3,0.642,NA
6/20/19,13:42:39,1,48,2,49519,49538,1.21391538,3.39837,1.955830433,15.0565,11.01555,22.47,31.9505,2.7845,0,769,yakB13L5,DYak,U,F,3,0.562,NA
6/20/19,13:47:39,2,49,2,49748,49767,1.062220829,3.13681,1.70298124,15.1325,11.62006,22.49,31.9305,2.687,0.006122727,770,yakB13L5,DYak,U,F,3,NA,dead
6/20/19,13:57:39,3,51,2,50350,50369,1.923353942,4.52363,3.089413424,15.105,10.629645,22.52,31.92,0.026,-3.43E-14,771,yakB13L5,DYak,U,F,3,0.555,NA
6/20/19,14:02:39,4,52,2,50608,50627,1.589459164,3.997375,2.559061376,15.07,11.548775,22.5215,31.684,0.029,0.805036364,772,yakB13L5,DYak,U,F,3,0.638,NA
6/20/19,14:12:40,5,54,2,51194,51213,2.032213232,4.64764,3.20583525,15.3815,10.067965,22.54,30.58,0.026,0.429563636,773,yakB13L5,DYak,U,M,3,0.504,NA
6/20/19,14:17:39,6,55,2,51460,51479,1.963641343,4.545275,3.100928857,15.365,11.424395,22.5365,29.98,0.037,2.14455,774,yakB13L5,DYak,U,M,3,0.491,NA
6/20/19,14:27:40,7,57,3,52082,52101,1.832664752,4.38396,2.936954708,15.1405,9.800335,22.53,29.1615,0.045,1.73685,775,yakB13L5,DYak,U,M,3,0.395,NA
6/20/19,14:32:40,8,58,3,52413,52432,2.002073845,4.66085,3.211586445,15.125,11.51691,22.515,29,0.042,1.106604545,776,yakB13L5,DYak,U,M,3,0.46,NA
6/20/19,14:42:40,9,60,3,52968,52987,2.364726481,5.116985,3.67526337,15.6095,9.419555,22.49,28.809,0.031,1.523609091,777,yakB13L5,DYak,I,M,3,NA,two flies in chamber
6/20/19,14:47:40,10,61,3,53406,53425,0.902543807,2.845995,1.430829711,15.302,11.64797,22.47,28.623,0.019,-1.37E-13,778,yakB13L5,DYak,I,M,3,0.219,dead
6/20/19,14:57:40,11,63,3,53962,53981,1.631256792,3.997955,2.577257273,15.3535,10.54622,22.455,29.669,0.0275,0.611736364,779,yakB13L5,DYak,I,M,3,0.414,NA
6/20/19,15:02:40,12,64,3,54281,54300,1.731428743,4.230945,2.800660373,14.995,11.56865,22.43,30.206,0.027,0.021704545,780,yakB13L5,DYak,I,M,3,0.447,NA
6/20/19,15:12:40,13,66,3,54810,54829,2.545929728,5.469265,4.03821983,15.291,9.977265,22.41,31.232,0.0265,0.958254545,781,yakB13L5,DYak,I,F,3,0.658,NA
6/20/19,15:17:40,14,67,3,55065,55084,1.581487782,3.93246,2.502405036,15.328,11.308065,22.41,31.7,0.0485,3.43E-14,782,yakB13L5,DYak,I,F,3,0.769,NA
6/20/19,15:27:40,15,69,3,55713,55732,1.599878321,4.755695,3.32182053,11.6825,9.508615,22.441,32.45,0.0265,0.540240909,783,yakB13L5,DYak,I,F,3,0.624,bad flow
6/20/19,15:32:40,16,70,3,56107,56126,1.139461198,3.255775,1.812275519,15.2525,11.56035,22.47,32.109,0.03,8.57E-15,784,yakB13L5,DYak,I,F,3,0.642,NA
7/1/19,11:09:36,7,9,1,40176,40195,1.371598015,4.35577,2.347222741,14.2465,11.323915,23.949,43.38,3.182,0.218440909,791,yakB13L5,DYak,U,M,3,0.371,NA
7/1/19,11:14:37,8,10,1,40561,40580,1.724966737,4.834445,2.967086952,14.1725,13.3225,23.92,42.8645,3.335,0,792,yakB13L5,DYak,U,M,3,0.402,NA
7/1/19,11:24:37,9,12,1,41085,41104,1.78405787,4.774165,2.972314825,14.6315,10.801765,23.91,42.64,3.202,0,793,yakB13L5,DYak,I,F,3,0.51,NA
7/1/19,11:29:37,10,13,1,41514,41533,2.178157655,5.394515,3.698967007,14.3545,13.024125,23.91,42.721,3.064,0,794,yakB13L5,DYak,I,F,3,0.827,NA
7/1/19,11:39:37,11,15,1,41989,42008,1.450427538,4.096155,2.454903988,14.403,10.49665,23.92,42.661,3.347,0.264013636,795,yakB13L5,DYak,I,F,3,0.303,NA
7/1/19,11:44:37,12,16,1,42300,42319,1.819115724,4.687905,3.148292274,14.0875,12.58408,23.96,42.2035,3.285,1.34E-16,796,yakB13L5,DYak,I,F,3,0.628,NA
7/1/19,11:54:37,13,18,1,43031,43050,1.986208865,4.773745,3.354055986,14.4305,11.68873,23.809,41.2545,0.0735,0.970136364,797,yakB13L5,DYak,I,M,3,0.336,NA
7/1/19,11:59:37,14,19,1,43318,43337,1.339346192,3.6072,2.260446311,14.433,12.45872,23.6905,40.868,0.065,0,798,yakB13L5,DYak,I,M,3,0.42,NA
7/1/19,12:09:37,15,21,1,43777,43796,0.954701647,3.75044,2.438198285,9.5305,9.463105,23.463,39.627,0.067,0.000140909,799,yakB13L5,DYak,I,M,3,0.228,bad flow
7/1/19,12:14:37,16,22,1,44077,44096,1.385394342,3.592505,2.343435335,14.3835,11.76819,23.332,39.609,0.061,0.795031818,800,yakB13L5,DYak,I,M,3,0.288,NA
7/1/19,12:24:37,1,24,1,44837,44856,1.987634642,4.599185,3.406519062,14.1855,11.57998,23.13,39.79,0.072,-4.28E-15,785,yakB13L5,DYak,U,F,3,0.854,NA
7/1/19,12:29:37,2,25,1,44977,44996,2.121148195,4.79962,3.617004713,14.257,11.94878,23.11,39.529,0.0585,5.36E-16,786,yakB13L5,DYak,U,F,3,0.795,NA
7/1/19,12:39:37,3,27,1,45681,45700,2.113024257,4.789225,3.629461898,14.1555,11.17368,23.15,39.12,0.0685,0.289259091,787,yakB13L5,DYak,U,F,3,0.743,NA
7/1/19,12:44:37,4,28,1,46037,46056,2.953203963,6.20429,5.060815564,14.1895,12.254625,23.18,39.1,0.077,-1.07E-15,788,yakB13L5,DYak,U,F,3,0.818,NA
7/1/19,12:54:37,5,30,1,46497,46516,1.857324324,4.26316,3.132071216,14.42,10.177705,23.18,38.8855,0.0995,0.650159091,789,yakB13L5,DYak,U,M,3,0.34,NA
7/1/19,12:59:37,6,31,1,46813,46832,1.47539164,3.588845,2.482937215,14.4495,11.904155,23.18,38.902,0.045,1.615936364,790,yakB13L5,DYak,U,M,3,0.331,NA
7/1/19,13:09:37,7,33,2,47377,47396,1.1376629,3.04307,1.946600733,14.2115,9.60008,23.18,38.421,3.393,2.725131818,791,yakB13L5,DYak,U,M,3,0.371,NA
7/1/19,13:14:37,8,34,2,47718,47737,1.701429391,4.019145,2.919427864,14.172,11.76787,23.184,38.069,3.4685,2.510354545,792,yakB13L5,DYak,U,M,3,0.402,NA
7/1/19,13:24:37,9,36,2,48331,48350,1.424839007,3.477465,2.368536255,14.6345,10.29067,23.3035,37.099,3.414,0.478281818,793,yakB13L5,DYak,I,F,3,0.51,NA
7/1/19,13:29:37,10,37,2,48737,48756,1.939674862,4.419225,3.292526347,14.3365,12.02398,23.404,36.6,3.47,0.43655,794,yakB13L5,DYak,I,F,3,0.827,NA
7/1/19,13:39:37,11,39,2,49325,49344,1.301483686,3.331915,2.204126796,14.377,11.130555,23.56,36.0125,3.4195,3.43E-14,795,yakB13L5,DYak,I,F,3,0.303,NA
7/1/19,13:44:37,12,40,2,49494,49513,1.63602404,3.958985,2.830786475,14.0735,11.70834,23.6,35.62,3.3965,2.27E-05,796,yakB13L5,DYak,I,F,3,0.628,NA
7/1/19,13:54:38,13,42,2,50237,50256,1.506738546,3.66545,2.547033121,14.4095,11.05324,23.69,34.97,3.5345,0.636731818,797,yakB13L5,DYak,I,M,3,0.336,NA
7/1/19,13:59:37,14,43,2,50381,50400,1.831149511,4.20906,3.095710277,14.408,11.49869,23.68,34.893,3.4455,-3.43E-14,798,yakB13L5,DYak,I,M,3,0.42,NA
7/1/19,14:09:37,15,45,2,50977,50996,1.009712956,3.622245,2.52593594,9.7335,8.712045,23.586,34.6065,3.584,0.388172727,799,yakB13L5,DYak,I,M,3,0.228,bad flow
7/1/19,14:14:37,16,46,2,51285,51304,1.591630259,3.770895,2.701264095,14.345,11.29982,23.5345,35.03,3.4315,0.2747,800,yakB13L5,DYak,I,M,3,0.288,NA
7/1/19,14:24:37,1,48,2,52037,52056,2.088625711,4.681765,3.611974803,14.0755,11.168165,23.49,37.277,3.4895,-1.71E-14,785,yakB13L5,DYak,U,F,3,0.854,NA
7/1/19,14:29:37,2,49,2,52177,52196,2.045334163,4.592105,3.515472937,14.1635,11.60359,23.51,37.379,3.4485,5.36E-16,786,yakB13L5,DYak,U,F,3,0.795,NA
7/1/19,14:39:37,3,51,2,52824,52843,2.159339521,4.808165,3.7248431,14.119,10.267455,23.645,37.143,3.402,0.6685,787,yakB13L5,DYak,U,F,3,0.743,NA
7/1/19,14:44:37,4,52,2,53120,53139,2.675125941,5.70559,4.624940832,14.091,11.768835,23.72,37.0065,3.3895,3.43E-14,788,yakB13L5,DYak,U,F,3,0.818,NA
7/2/19,10:46:29,7,9,1,38816,38835,1.513284598,4.371015,2.609475289,14.1295,9.9725,23.76,39.545,3.444,0,807,yakB13L5,DYak,U,M,4,0.218,NA
7/2/19,10:51:29,8,10,1,39090,39109,1.496136881,4.256025,2.580094589,14.1285,11.530095,23.76,39.6855,3.2585,0.001127273,808,yakB13L5,DYak,U,M,4,0.307,NA
7/2/19,11:01:29,9,12,1,39819,39838,1.413163857,3.91727,2.360128143,14.591,10.79465,23.81,39.14,3.325,-1.29E-14,809,yakB13L5,DYak,I,F,4,0.469,NA
7/2/19,11:06:28,10,13,1,40140,40159,2.279810549,5.3656,3.890847738,14.2795,11.74919,23.825,38.9215,3.4705,0,810,yakB13L5,DYak,I,F,4,0.829,NA
7/2/19,11:16:29,11,15,1,40708,40727,2.047345256,4.888465,3.47567226,14.357,10.62536,23.8635,39.3555,3.39,-4.28E-15,811,yakB13L5,DYak,I,F,4,0.711,NA
7/2/19,11:21:28,12,16,1,40999,41018,1.94569469,4.71687,3.371621298,14.0665,11.611425,23.89,39.7935,3.428,0,812,yakB13L5,DYak,I,F,4,0.608,NA
7/2/19,11:31:28,13,18,1,41638,41657,2.316052851,5.17387,3.925488669,14.3785,10.617865,23.83,40.17,3.36,-4.28E-15,813,yakB13L5,DYak,U,F,4,0.842,NA
7/2/19,11:36:28,14,19,1,41949,41968,1.922543907,4.408655,3.25270295,14.399,11.436015,23.73,40.139,3.3275,-2.14E-15,814,yakB13L5,DYak,U,F,4,0.796,NA
7/2/19,11:46:30,15,21,1,42448,42467,1.552261529,4.642045,3.520095075,10.7365,9.196575,23.55,40.092,3.377,-3.43E-14,815,yakB13L5,DYak,U,F,4,0.776,bad flow
7/2/19,11:51:29,16,22,1,42693,42712,2.486170975,5.30804,4.226984609,14.316,10.946815,23.46,40.437,3.508,6.43E-15,816,yakB13L5,DYak,U,F,4,0.786,NA
7/2/19,12:01:29,1,24,1,43430,43449,2.016556662,4.46722,3.454920141,14.1985,10.60686,23.2895,39.9385,3.3685,0.468313636,801,yakB13L5,DYak,I,M,4,0.312,NA
7/2/19,12:06:29,2,25,1,43749,43768,1.346506997,3.26263,2.299164135,14.2445,11.42562,23.2515,40,3.42,0.573454545,802,yakB13L5,DYak,I,M,4,0.256,NA
7/2/19,12:16:29,3,27,1,44302,44321,1.540177324,3.58833,2.638496931,14.1955,10.330325,23.2,40.0995,3.502,0.145313636,803,yakB13L5,DYak,I,M,4,0.325,NA
7/2/19,12:21:29,4,28,1,44616,44635,1.163807283,2.937965,2.003850974,14.123,11.28451,23.18,40.0545,3.303,0.636177273,804,yakB13L5,DYak,I,M,4,0.261,NA
7/2/19,12:31:29,5,30,1,45099,45118,1.787958176,3.943705,3.017387645,14.409,9.09754,23.18,40.296,3.3635,0.664345455,805,yakB13L5,DYak,U,M,4,0.377,NA
7/2/19,12:36:29,6,31,1,45389,45408,1.880912486,4.07902,3.164473727,14.4535,10.93328,23.18,40.33,3.3245,0.676977273,806,yakB13L5,DYak,U,M,4,0.392,NA
7/2/19,12:46:30,7,33,2,46122,46141,0.958002821,2.53783,1.642312274,14.1835,10.358205,23.1555,40.4475,3.425,0.687613636,807,yakB13L5,DYak,U,M,4,0.218,NA
7/2/19,12:51:29,8,34,2,46368,46387,1.385938094,3.26287,2.378780741,14.1655,11.06727,23.13,40.41,3.374,0.4093,808,yakB13L5,DYak,U,M,4,0.307,NA
7/2/19,13:01:29,9,36,2,46972,46991,0.997655712,2.52957,1.653640565,14.6665,9.85373,23.1,40.84,3.5565,0.055418182,809,yakB13L5,DYak,I,F,4,0.469,NA
7/2/19,13:06:29,10,37,2,47234,47253,2.361061155,4.87273,4.001700459,14.343,10.946015,23.0925,40.81,3.4325,0.333995455,810,yakB13L5,DYak,I,F,4,0.829,NA
7/2/19,13:16:29,11,39,2,47913,47932,1.627698084,3.606375,2.74237709,14.4275,10.11451,23.07,40.88,3.431,4.28E-15,811,yakB13L5,DYak,I,F,4,0.711,NA
7/2/19,13:21:29,12,40,2,48194,48213,1.556889752,3.53704,2.678297009,14.1295,11.012775,23.06,40.7135,3.413,8.57E-15,812,yakB13L5,DYak,I,F,4,0.608,NA
7/2/19,13:31:29,13,42,2,48842,48861,1.852710317,3.98877,3.133340482,14.371,10.249195,23.03,40.1675,3.508,-1.71E-14,813,yakB13L5,DYak,U,F,4,0.842,NA
7/2/19,13:36:29,14,43,2,49007,49026,1.679194449,3.692465,2.838277202,14.379,10.7756,23.03,40.087,3.539,8.57E-15,814,yakB13L5,DYak,U,F,4,0.796,NA
7/2/19,13:46:29,15,45,2,49589,49608,1.535033321,4.272325,3.42213664,10.9015,8.13997,23.01,39.183,3.3965,0.400090909,815,yakB13L5,DYak,U,F,4,0.776,bad flow
7/2/19,13:51:29,16,46,2,49940,49959,1.942381033,4.13753,3.295091596,14.3255,10.745115,23,39.2875,3.3555,-1.71E-14,816,yakB13L5,DYak,U,F,4,0.786,NA
7/2/19,14:01:29,1,48,2,50535,50554,0.941099035,2.4614,1.620224022,14.115,9.45727,22.985,39.419,3.507,1.37E-13,801,yakB13L5,DYak,I,M,4,0.312,NA
7/2/19,14:06:29,2,49,2,50795,50814,0.837414077,2.275185,1.432003078,14.2105,10.775865,22.98,39.79,3.3985,-2.74E-13,802,yakB13L5,DYak,I,M,4,0.256,NA
7/2/19,14:16:29,3,51,2,51532,51551,1.224752214,2.950935,2.102230328,14.157,10.24584,22.97,41.45,3.239,0.632913636,803,yakB13L5,DYak,I,M,4,0.325,NA
7/2/19,14:21:29,4,52,2,51732,51751,0.880903393,2.37147,1.519653393,14.0865,10.85552,22.98,42.244,3.3635,-1.37E-13,804,yakB13L5,DYak,I,M,4,0.261,NA
7/2/19,14:31:29,5,54,2,52364,52383,1.635494358,3.620985,2.7631583,14.389,9.85276,23.09,43.479,3.468,1.470822727,805,yakB13L5,DYak,U,M,4,0.377,NA
7/2/19,14:36:29,6,55,2,52607,52626,1.159142013,2.826215,1.963597335,14.3545,10.918215,23.1755,43.976,3.4725,0.865631818,806,yakB13L5,DYak,U,M,4,0.392,NA
7/3/19,10:37:28,7,9,1,38378,38397,2.173222705,5.57918,3.746307924,14.09,10.547365,22.84,47.91,3.554,0.378218182,823,yakB13L5,DYak,U,F,5,0.659,NA
7/3/19,10:42:28,8,10,1,38548,38567,2.091697283,5.39528,3.605091414,14.0925,11.063005,22.84,47.8945,3.45,0,824,yakB13L5,DYak,U,F,5,0.628,NA
7/3/19,10:52:28,9,12,1,39308,39327,2.128337511,5.229825,3.557343622,14.532,10.45915,22.84,47.54,3.467,5.36E-16,825,yakB13L5,DYak,I,F,5,0.863,NA
7/3/19,10:57:28,10,13,1,39595,39614,1.823980985,4.70824,3.110258922,14.244,11.160105,22.84,47.851,3.3075,-5.36E-16,826,yakB13L5,DYak,I,F,5,0.605,NA
7/3/19,11:07:28,11,15,1,40190,40209,1.8210245,4.64965,3.100450118,14.265,10.210725,22.82,48.7445,3.461,2.14E-15,827,yakB13L5,DYak,I,F,5,0.625,NA
7/3/19,11:12:28,12,16,1,40475,40494,1.903980999,4.80283,3.298705866,14.018,11.011045,22.81,48.6565,3.3755,0,828,yakB13L5,DYak,I,F,5,0.728,NA
7/3/19,11:22:28,13,18,1,41043,41062,1.261597141,3.607235,2.145573265,14.28,9.758245,22.8,48.18,3.3435,0,829,yakB13L5,DYak,I,M,5,0.335,NA
7/3/19,11:27:28,14,19,1,41248,41267,1.615783323,4.17678,2.747754426,14.2815,10.62939,22.8085,48.3275,3.3335,1.0663,830,yakB13L5,DYak,I,M,5,0.29,NA
7/3/19,11:37:28,15,21,1,41848,41867,0.844255692,4.1349,2.744759108,7.47,8.019655,22.816,48.078,0.068,0.380009091,831,yakB13L5,DYak,I,M,5,NA,"dead, bad flow"
7/3/19,11:42:28,16,22,1,42308,42327,1.265000592,3.507,2.159129906,14.2305,10.88435,22.84,46.7445,0.075,0.845936364,832,yakB13L5,DYak,I,M,5,NA,dead
7/3/19,11:52:28,1,24,1,42908,42927,1.826874752,4.47129,3.152436357,14.077,10.32263,22.861,44.789,0.049,2.689977273,817,yakB13L5,DYak,U,M,5,NA,dead
7/3/19,11:57:28,2,25,1,43048,43067,1.324758491,3.58344,2.278196323,14.125,10.688715,22.87,44.438,0.043,0.263468182,818,yakB13L5,DYak,U,M,5,NA,dead
7/3/19,12:07:28,3,27,1,43648,43667,1.485367719,3.844525,2.567316217,14.056,8.673785,22.91,43.2765,0.0925,6.86E-14,819,yakB13L5,DYak,U,M,5,0.3,NA
7/3/19,12:12:28,4,28,1,44066,44085,1.260618961,3.421955,2.182050258,14.0365,10.961515,22.928,43.17,0.047,0.000836364,820,yakB13L5,DYak,U,M,5,0.306,NA
7/3/19,12:22:28,5,30,1,44548,44567,1.64800973,4.027465,2.791045869,14.3475,8.67884,22.96,43,0.102,-2.68E-16,821,yakB13L5,DYak,U,F,5,0.635,NA
7/3/19,12:27:28,6,31,1,44887,44906,1.363337773,3.55091,2.311583949,14.332,10.80186,22.98,43.17,0.125,-4.28E-15,822,yakB13L5,DYak,U,F,5,0.482,NA
7/3/19,12:37:28,7,33,2,45490,45509,1.752891348,4.252225,3.021732265,14.0985,9.304195,23.02,42.83,0.0895,-1.71E-14,823,yakB13L5,DYak,U,F,5,0.659,NA
7/3/19,12:42:28,8,34,2,45823,45842,2.078943309,4.79976,3.588591658,14.0815,10.903255,23.06,42.8,0.0465,0.616463636,824,yakB13L5,DYak,U,F,5,0.628,NA
7/3/19,12:52:28,9,36,2,46348,46367,1.664219454,3.98096,2.78458768,14.5295,8.48546,23.109,42.46,0.043,1.07E-15,825,yakB13L5,DYak,I,F,5,0.863,NA
7/3/19,12:57:28,10,37,2,46806,46825,1.529880824,3.777765,2.614326498,14.229,11.09258,23.16,42.77,0.0955,0.055418182,826,yakB13L5,DYak,I,F,5,0.605,NA
7/3/19,13:07:28,11,39,2,47269,47288,1.652199132,3.96976,2.809225699,14.3015,8.822765,23.18,43.2035,0.079,0.231840909,827,yakB13L5,DYak,I,F,5,0.625,NA
7/3/19,13:12:28,12,40,2,47592,47611,1.681767537,4.074145,2.91806887,14.0145,10.807435,23.18,43.19,0.073,0,828,yakB13L5,DYak,I,F,5,0.728,NA
7/3/19,13:22:28,13,42,2,48262,48281,1.544060159,3.793905,2.637511597,14.24,9.93815,23.27,42.95,0.104,0.6909,829,yakB13L5,DYak,I,M,5,0.335,NA
7/3/19,13:27:28,14,43,2,48600,48619,1.64032674,3.963825,2.804586744,14.2285,11.07076,23.31,42.82,0.097,0.428409091,830,yakB13L5,DYak,I,M,5,0.29,NA
7/3/19,13:37:28,15,45,2,49048,49067,0.647854328,3.177655,2.021279042,7.799,7.914465,23.37,42.6085,0.0985,1.37E-13,831,yakB13L5,DYak,I,M,5,NA,"dead, bad flow"
7/3/19,13:42:28,16,46,2,49409,49428,0.896322492,2.685315,1.537328711,14.1895,10.75667,23.422,42.68,0.091,6.86E-14,832,yakB13L5,DYak,I,M,5,NA,dead
7/3/19,13:52:28,1,48,2,49948,49967,1.057779563,2.98291,1.840061703,13.9935,8.745795,23.496,41.7395,0.1005,1.37E-13,817,yakB13L5,DYak,U,M,5,NA,dead
7/3/19,13:57:28,2,49,2,50279,50298,0.872402885,2.645205,1.509044291,14.075,10.89975,23.54,41.093,0.09,1.37E-13,818,yakB13L5,DYak,U,M,5,NA,dead
7/3/19,14:07:28,3,51,2,51008,51027,1.287075366,3.35744,2.234006567,14.0305,10.3871,23.62,39.9105,0.0685,0.183827273,819,yakB13L5,DYak,U,M,5,0.3,NA
7/3/19,14:12:28,4,52,2,51149,51168,1.656113289,4.003795,2.885197451,13.9795,10.822375,23.64,39.781,0.089,0.696659091,820,yakB13L5,DYak,U,M,5,0.306,NA
7/3/19,14:22:28,5,54,2,51839,51858,1.585331569,3.819995,2.702850211,14.289,9.965905,23.722,39.117,0.0655,-2.14E-15,821,yakB13L5,DYak,U,F,5,0.635,NA
7/3/19,14:27:28,6,55,2,52073,52092,1.710006227,4.03849,2.916754045,14.2835,10.92101,23.747,39.07,0.0555,1.74395,822,yakB13L5,DYak,U,F,5,0.482,NA
7/3/19,14:37:28,7,57,3,52683,52702,2.238659659,4.997035,3.871376327,14.089,9.26916,23.76,39.37,3.2755,1.354054545,823,yakB13L5,DYak,U,F,5,0.659,NA
7/3/19,14:42:28,8,58,3,52948,52967,2.381014776,5.255825,4.128414307,14.0515,10.82098,23.76,39.3255,3.6605,1.041063636,824,yakB13L5,DYak,U,F,5,0.628,NA
7/3/19,14:52:28,9,60,3,53708,53727,2.322531563,5.02198,3.900299998,14.5085,10.340685,23.7625,39.581,3.648,1.71E-14,825,yakB13L5,DYak,I,F,5,0.863,NA
7/3/19,14:57:28,10,61,3,53894,53913,1.867226499,4.314685,3.197402635,14.229,10.911665,23.77,39.483,3.659,0.000309091,826,yakB13L5,DYak,I,F,5,0.605,NA
7/3/19,15:07:28,11,63,3,54520,54539,2.220796598,4.906175,3.789131337,14.281,9.562205,23.79,38.3335,3.576,0.687513636,827,yakB13L5,DYak,I,F,5,0.625,NA
7/3/19,15:12:28,12,64,3,54759,54778,1.533206467,3.79009,2.669866113,13.9935,10.783535,23.8,38.3315,0.027,0,828,yakB13L5,DYak,I,F,5,0.728,NA
7/3/19,15:22:28,13,66,3,55367,55386,0.987198289,2.81314,1.690421298,14.2335,8.719415,23.86,38.3505,0.0275,1.37E-13,829,yakB13L5,DYak,I,M,5,0.335,NA
7/3/19,15:27:28,14,67,3,55651,55670,0.953526923,2.76019,1.636733559,14.2005,10.79689,23.89,38.49,0.027,-1.37E-13,830,yakB13L5,DYak,I,M,5,0.29,NA
7/5/19,10:49:28,7,9,1,39008,39027,1.459783985,4.682075,2.540354354,13.972,9.875585,23.15,41.706,3.2895,0,839,yakB13L5,DYak,I,M,4,0.252,NA
7/5/19,10:54:28,8,10,1,39397,39416,1.612521694,4.844715,2.81317392,13.9385,11.385175,23.18,41.66,3.2705,8.57E-15,840,yakB13L5,DYak,I,M,4,0.432,NA
7/5/19,11:04:29,9,12,1,39871,39890,1.915692705,5.233475,3.242920804,14.366,8.866735,23.208,41.56,3.4525,1.34E-16,841,yakB13L5,DYak,U,F,4,0.762,NA
7/5/19,11:09:28,10,13,1,40328,40347,2.134094521,5.564215,3.676236441,14.1215,11.19447,23.29,41.46,3.4045,0.019522727,842,yakB13L5,DYak,U,F,4,0.421,NA
7/5/19,11:19:28,11,15,1,40828,40847,2.321355518,5.84297,3.99533646,14.1375,9.53443,23.37,41.25,3.379,0,843,yakB13L5,DYak,U,F,4,0.69,NA
7/5/19,11:24:28,12,16,1,41113,41132,1.828551734,5.00531,3.215146753,13.84,10.85461,23.4,41.3475,3.197,0.720472727,844,yakB13L5,DYak,U,F,4,0.659,NA
7/5/19,11:34:28,13,18,1,41718,41737,1.920278291,5.0588,3.314452936,14.1035,9.29299,23.499,41.513,3.296,1.71E-14,845,yakB13L5,DYak,I,F,4,0.585,NA
7/5/19,11:39:28,14,19,1,42125,42144,2.031389302,5.213545,3.516157661,14.067,11.0956,23.57,41.44,3.214,4.28E-15,846,yakB13L5,DYak,I,F,4,0.791,NA
7/5/19,11:49:28,15,21,1,42662,42681,2.077107121,6.618845,4.953043724,10.215,9.227985,23.6885,41.17,3.3705,0.1492,847,yakB13L5,DYak,I,F,4,0.832,bad flow
7/5/19,11:54:28,16,22,1,42962,42981,1.522876897,4.27049,2.645150215,14.026,10.89095,23.737,40.961,3.334,2.14E-15,848,yakB13L5,DYak,I,F,4,0.51,NA
7/5/19,12:04:28,1,24,1,43543,43562,1.916065339,4.96241,3.373520832,13.8425,9.82625,23.85,41.13,3.4455,1.129459091,833,yakB13L5,DYak,U,M,4,0.292,NA
7/5/19,12:09:28,2,25,1,43899,43918,2.104356578,5.227055,3.684118363,13.925,11.146395,23.934,40.875,3.364,1.269045455,834,yakB13L5,DYak,U,M,4,0.41,NA
7/5/19,12:19:28,3,27,1,44404,44423,1.666697458,4.461465,2.933102592,13.858,9.3056,24.0445,40.64,3.3335,0.840022727,835,yakB13L5,DYak,U,M,4,0.518,NA
7/5/19,12:24:28,4,28,1,44766,44785,2.534264394,5.97042,4.463065937,13.852,11.086705,24.1285,40.2395,3.309,1.264790909,836,yakB13L5,DYak,U,M,4,0.37,NA
7/5/19,12:34:28,5,30,1,45303,45322,1.574390144,4.19162,2.718115129,14.133,9.27998,24.19,40.109,3.294,0.148954545,837,yakB13L5,DYak,I,M,4,0.281,NA
7/5/19,12:39:28,6,31,1,45583,45602,2.720897919,6.10655,4.6835979,14.174,10.78125,24.17,39.153,3.407,1.337722727,838,yakB13L5,DYak,I,M,4,0.469,NA
7/5/19,12:49:28,7,33,2,46238,46257,1.476715303,3.939995,2.580202976,13.9535,9.462215,23.96,38,3.387,1.014904545,839,yakB13L5,DYak,I,M,4,0.252,NA
7/5/19,12:54:28,8,34,2,46572,46591,1.96906044,4.737295,3.436544431,13.9615,10.789265,23.7885,38.448,3.3375,0.614390909,840,yakB13L5,DYak,I,M,4,0.432,NA
7/5/19,13:04:28,9,36,2,47068,47087,1.480809417,3.778385,2.504331293,14.3975,8.300195,23.57,39.405,3.373,0,841,yakB13L5,DYak,U,F,4,0.762,NA
7/5/19,13:09:28,10,37,2,47526,47545,1.970586606,4.615605,3.395645313,14.1255,10.83994,23.47,39.6705,3.316,1.726522727,842,yakB13L5,DYak,U,F,4,0.421,NA
7/5/19,13:19:28,11,39,2,48066,48085,2.388049666,5.308125,4.100004876,14.1735,9.615795,23.39,40.3185,3.527,1.639122727,843,yakB13L5,DYak,U,F,4,0.69,NA
7/5/19,13:24:28,12,40,2,48428,48447,2.01702511,4.72616,3.534905759,13.8835,10.814665,23.36,40.292,3.2915,1.272572727,844,yakB13L5,DYak,U,F,4,0.659,NA
7/5/19,13:34:27,13,42,2,48984,49003,2.003514342,4.63413,3.444286916,14.1515,9.67119,23.31,40.0025,3.2735,0.435036364,845,yakB13L5,DYak,I,F,4,0.585,NA
7/5/19,13:39:28,14,43,2,49266,49285,1.840480054,4.353105,3.164369946,14.149,10.64348,23.3,39.5945,3.3915,-1.71E-14,846,yakB13L5,DYak,I,F,4,0.791,NA
7/5/19,13:49:28,15,45,2,49768,49787,2.372642978,6.71899,5.539031599,10.419,7.80244,23.2605,39.884,3.35,1.004095455,847,yakB13L5,DYak,I,F,4,0.832,bad flow
7/5/19,13:54:29,16,46,2,50166,50185,1.248564565,3.31631,2.162408425,14.043,10.454635,23.234,40.613,3.2645,2.27E-05,848,yakB13L5,DYak,I,F,4,0.51,NA
7/5/19,14:04:27,1,48,2,50704,50723,1.528488043,3.82394,2.670602815,13.9175,8.90388,23.18,39.6825,3.3475,0.264377273,833,yakB13L5,DYak,U,M,4,0.292,NA
7/5/19,14:09:27,2,49,2,50967,50986,2.049984654,4.714515,3.554656579,14.0225,10.29933,23.147,39.39,3.3635,1.056704545,834,yakB13L5,DYak,U,M,4,0.41,NA
7/5/19,14:19:27,3,51,2,51711,51730,1.700966091,4.13339,2.96787118,13.932,9.77948,23.08,39.192,3.492,6.86E-14,835,yakB13L5,DYak,U,M,4,0.518,NA
7/5/19,14:24:27,4,52,2,51867,51886,1.884829956,4.462435,3.296084818,13.902,10.30369,23.104,39.19,3.283,0.93695,836,yakB13L5,DYak,U,M,4,0.37,NA
7/5/19,14:34:27,5,54,2,52613,52632,1.278906789,3.359945,2.192523366,14.187,9.83439,23.24,39.24,3.502,0.303636364,837,yakB13L5,DYak,I,M,4,0.281,NA
7/5/19,14:39:27,6,55,2,52868,52887,2.022168089,4.63173,3.464152732,14.2,10.5796,23.29,39.34,3.4345,0.693718182,838,yakB13L5,DYak,I,M,4,0.469,NA
7/8/19,11:08:40,9,11,1,40149,40168,1.425501423,4.633425,2.4386414,14.205,9.24901,22.98,38.346,3.392,-1.07E-15,857,yakB13L5,DYak,I,M,3,0.504,NA
7/8/19,11:13:40,10,12,1,40580,40599,1.839063678,5.277655,3.207342213,13.935,11.09763,23.01,38.29,3.5075,4.28E-15,858,yakB13L5,DYak,I,M,3,0.472,NA
7/8/19,11:23:40,11,14,1,41040,41059,2.446558212,6.296015,4.25140113,13.988,8.805445,23.06,38.49,3.3695,1.393781818,859,yakB13L5,DYak,I,M,3,NA,dead
7/8/19,11:28:40,12,15,1,41408,41427,1.912791404,5.394965,3.406872267,13.6495,10.766485,23.11,38.53,3.358,3.21E-15,860,yakB13L5,DYak,I,M,3,0.484,NA
7/8/19,11:38:40,13,17,1,41934,41953,2.07340235,5.57962,3.622325399,13.92,8.51627,23.2025,38.4215,3.356,-4.28E-15,861,yakB13L5,DYak,I,F,3,0.626,NA
7/8/19,11:43:40,14,18,1,42351,42370,1.819203373,5.087315,3.183142256,13.9035,10.829495,23.31,38.2645,3.5235,0,862,yakB13L5,DYak,I,F,3,NA,dead
7/8/19,11:53:40,15,20,1,42899,42918,2.581968139,7.660755,5.785441747,10.8615,8.902945,23.43,38.49,0.062,6.36E-05,863,yakB13L5,DYak,I,F,3,0.841,bad flow
7/8/19,11:58:40,16,21,1,43192,43211,2.3411319,5.954965,4.113315066,13.855,10.573115,23.4975,38.3745,0.0625,1.083190909,864,yakB13L5,DYak,I,F,3,0.806,NA
7/8/19,12:08:40,1,23,1,43771,43790,1.590646803,4.635555,2.826572914,13.703,9.29296,23.587,38.32,0.078,2.27E-05,849,yakB13L5,DYak,U,M,3,0.508,NA
7/8/19,12:13:40,2,24,1,44024,44043,2.105125008,5.491415,3.712520839,13.809,10.54046,23.62,38.288,0.0795,0.650190909,850,yakB13L5,DYak,U,M,3,0.43,NA
7/8/19,12:23:40,3,26,1,44717,44736,1.409700619,4.24299,2.506159017,13.704,9.67374,23.74,37.48,0.073,0.002940909,851,yakB13L5,DYak,U,M,3,0.359,NA
7/8/19,12:28:41,4,27,1,45080,45099,1.792411254,4.88686,3.185898155,13.7095,10.877945,23.8,37.041,0.0895,0.890681818,852,yakB13L5,DYak,U,M,3,0.305,NA
7/8/19,12:38:41,5,29,1,45624,45643,1.404867802,4.136015,2.454469242,13.9505,9.721375,23.8705,36.0585,0.0595,0.000745455,853,yakB13L5,DYak,U,F,3,0.423,NA
7/8/19,12:43:41,6,30,1,45851,45870,3.003892367,6.907865,5.244359507,13.9625,10.625245,23.91,36.2105,0.0665,0.815563636,854,yakB13L5,DYak,U,F,3,0.76,NA
7/8/19,12:53:41,7,32,1,46452,46471,2.261601127,5.613325,3.991331646,13.8125,8.826625,23.9055,36.4675,2.9405,0.196140909,855,yakB13L5,DYak,U,F,3,0.818,NA
7/8/19,12:58:41,8,33,1,46880,46899,1.837589392,4.78106,3.240201902,13.819,10.690675,23.79,36.28,3.487,-5.14E-14,856,yakB13L5,DYak,U,F,3,0.525,NA
7/8/19,13:08:41,9,35,2,47321,47340,1.734975329,4.486325,2.963505313,14.2575,8.063965,23.62,36.72,3.5165,0.223877273,857,yakB13L5,DYak,I,M,3,0.504,NA
7/8/19,13:13:41,10,36,2,47704,47723,2.287257995,5.4665,3.991142568,13.951,10.473925,23.5075,36.81,3.2825,1.097631818,858,yakB13L5,DYak,I,M,3,0.472,NA
7/8/19,13:23:41,11,38,2,48381,48400,1.853820176,4.66276,3.215271373,14.028,9.770005,23.35,36.958,3.436,2.399422727,859,yakB13L5,DYak,I,M,3,NA,dead
7/8/19,13:28:41,12,39,2,48681,48700,2.482768081,5.82421,4.3944929,13.743,10.550165,23.2835,37.047,3.323,0.151668182,860,yakB13L5,DYak,I,M,3,0.484,NA
7/8/19,13:38:41,13,41,2,49149,49168,2.060090547,5.02695,3.592921124,13.944,8.36907,23.21,37.832,3.343,0.159831818,861,yakB13L5,DYak,I,F,3,0.626,NA
7/8/19,13:43:41,14,42,2,49532,49551,2.058273016,5.03832,3.59243748,13.9335,10.45117,23.207,38.2055,3.4425,4.28E-15,862,yakB13L5,DYak,I,F,3,NA,dead
7/8/19,13:53:41,15,44,2,50021,50040,2.052157503,6.037035,4.591019999,10.873,7.615325,23.28,37.3165,3.4605,8.57E-15,863,yakB13L5,DYak,I,F,3,0.841,bad flow
7/8/19,13:58:41,16,45,2,50397,50416,2.672139732,6.125745,4.684602212,13.879,10.307945,23.36,37.277,3.3565,0.234668182,864,yakB13L5,DYak,I,F,3,0.806,NA
7/8/19,14:08:41,1,47,2,50924,50943,2.477071843,5.848625,4.408031842,13.679,8.2347,23.49,37.04,3.223,0.525481818,849,yakB13L5,DYak,U,M,3,0.508,NA
7/8/19,14:13:41,2,48,2,51259,51278,2.397806665,5.68985,4.247583249,13.7455,10.36635,23.57,36.86,3.485,1.378354545,850,yakB13L5,DYak,U,M,3,0.43,NA
7/8/19,14:23:41,3,50,2,51842,51861,2.007910208,5.0247,3.574109917,13.686,8.468365,23.722,36.62,3.64,1.661713636,851,yakB13L5,DYak,U,M,3,0.359,NA
7/8/19,14:28:41,4,51,2,52245,52264,1.835040082,4.747365,3.276246328,13.649,10.564625,23.811,36.74,3.415,1.931163636,852,yakB13L5,DYak,U,M,3,0.305,NA
7/8/19,14:38:41,5,53,2,52753,52772,1.583287337,4.21922,2.764215346,13.964,8.669145,23.94,36.055,0.081,0,853,yakB13L5,DYak,U,F,3,0.423,NA
7/8/19,14:43:41,6,54,2,53057,53076,3.161586499,6.905075,5.484765427,14.052,10.32402,23.92,36.0945,0.09,2.825290909,854,yakB13L5,DYak,U,F,3,0.76,NA
7/9/19,10:44:56,5,7,1,38778,38797,1.829492961,3.788175,3.200471665,13.896,8.383335,23.09,43.19,3.3355,0.153695455,869,yakB13L5,DYak,U,F,4,0.777,NA
7/9/19,10:49:55,6,8,1,39155,39174,1.943501015,3.99001,3.397713602,13.9055,9.60674,23.1,43.291,3.338,0.235345455,870,yakB13L5,DYak,U,F,4,0.579,NA
7/9/19,10:59:55,7,10,1,39595,39614,1.907217566,3.97564,3.383170376,13.706,7.093775,23.13,43.39,0.0545,4.28E-15,871,yakB13L5,DYak,U,F,4,0.735,NA
7/9/19,11:04:55,8,11,1,39957,39976,1.327417779,2.95263,2.359999685,13.6765,9.404025,23.16,43.392,0.0615,2.14E-15,872,yakB13L5,DYak,U,F,4,0.373,NA
7/9/19,11:14:55,9,13,1,40655,40674,1.294056712,2.828165,2.23401889,14.0855,8.72906,23.18,43.25,0.05,4.28E-15,873,yakB13L5,DYak,U,M,4,0.5,NA
7/9/19,11:19:55,10,14,1,40861,40880,1.109343185,2.550055,1.954864249,13.7995,9.3504,23.184,43.0705,0.0505,-2.68E-16,874,yakB13L5,DYak,U,M,4,0.414,NA
7/9/19,11:29:55,11,16,1,41395,41414,1.272953422,2.83438,2.236454594,13.844,6.90636,23.25,42.89,0.058,2.14E-15,875,yakB13L5,DYak,U,M,4,0.449,NA
7/9/19,11:34:56,12,17,1,41855,41874,1.614785267,3.49727,2.891495115,13.585,9.524235,23.29,42.92,0.0555,1.363913636,876,yakB13L5,DYak,U,M,4,NA,dead
7/9/19,11:44:55,13,19,1,42345,42364,1.738858448,3.67565,3.057380273,13.836,7.671765,23.31,42.62,0.0605,0.026772727,877,yakB13L5,DYak,I,F,4,0.815,NA
7/9/19,11:49:55,14,20,1,42749,42768,1.033316845,2.464375,1.818348036,13.826,9.52243,23.34,42.3945,0.0595,2.14E-15,878,yakB13L5,DYak,I,F,4,0.288,NA
7/9/19,11:59:55,15,22,1,43195,43214,1.715025076,4.916125,4.264451287,9.7855,6.562385,23.37,42.0305,0.0625,1.71E-14,879,yakB13L5,DYak,I,F,4,0.918,bad flow
7/9/19,12:04:55,16,23,1,43499,43518,1.761792785,3.772435,3.110005541,13.7855,9.05424,23.4,41.9045,0.0805,1.71E-14,880,yakB13L5,DYak,I,F,4,0.584,NA
7/9/19,12:14:55,1,25,1,44119,44138,1.68082414,3.68366,3.003447513,13.622,7.572905,23.47,41.7715,0.084,0.599609091,865,yakB13L5,DYak,I,M,4,0.43,NA
7/9/19,12:19:55,2,26,1,44443,44462,2.660018807,5.436495,4.731184222,13.6875,9.394555,23.52,41.654,0.0585,0.604340909,866,yakB13L5,DYak,I,M,4,0.449,NA
7/9/19,12:29:56,3,28,1,45155,45174,1.574848925,3.55327,2.819421471,13.602,8.8255,23.6,41.6875,0.08,0.041531818,867,yakB13L5,DYak,I,M,4,0.37,NA
7/9/19,12:34:55,4,29,1,45332,45351,2.043442299,4.400855,3.655378243,13.614,9.37097,23.62,41.363,0.082,0.275681818,868,yakB13L5,DYak,I,M,4,0.467,NA
7/9/19,12:44:55,5,31,2,45896,45915,1.991952917,4.262825,3.50600231,13.84,7.157055,23.704,40.78,0.0825,0.293040909,869,yakB13L5,DYak,U,F,4,0.777,NA
7/9/19,12:49:56,6,32,2,46335,46354,2.222287879,4.677505,3.91172879,13.843,9.59528,23.791,40.1125,0.088,1.25545,870,yakB13L5,DYak,U,F,4,0.579,NA
7/9/19,12:59:55,7,34,2,46854,46873,1.814949559,4.02568,3.249217091,13.6145,7.988535,23.8655,38.6325,0.0815,1.337681818,871,yakB13L5,DYak,U,F,4,0.735,NA
7/9/19,13:04:56,8,35,2,47251,47270,1.402640594,3.309625,2.511851887,13.6135,9.623455,23.94,37.8,0.0845,0.391986364,872,yakB13L5,DYak,U,F,4,0.373,NA
7/9/19,13:14:56,9,37,2,47696,47715,1.535273969,3.469355,2.667317463,14.035,6.910335,24.005,37.2635,0.0835,0.126654545,873,yakB13L5,DYak,U,M,4,0.5,NA
7/9/19,13:19:56,10,38,2,48156,48175,1.788630677,3.97819,3.163769436,13.7875,9.63779,24.0515,36.76,0.1075,2.114222727,874,yakB13L5,DYak,U,M,4,0.414,NA
7/9/19,13:29:56,11,40,2,48740,48759,1.649373256,3.74358,2.906834993,13.8405,8.688155,24.1,35.553,0.0895,2.311718182,875,yakB13L5,DYak,U,M,4,0.449,NA
7/9/19,13:34:57,12,41,2,49056,49075,1.062126599,2.77257,1.910407653,13.5615,9.63279,24.1,35.5875,0.0885,-1.37E-13,876,yakB13L5,DYak,U,M,4,NA,dead
7/9/19,13:44:56,13,43,2,49555,49574,2.846693614,5.865875,5.022347081,13.8255,7.94354,24.09,35.1195,0.107,0.3394,877,yakB13L5,DYak,I,F,4,0.815,NA
7/9/19,13:49:56,14,44,2,49887,49906,1.313362245,3.11939,2.310032511,13.8635,9.38031,23.995,35.04,0.099,0.170377273,878,yakB13L5,DYak,I,F,4,0.288,NA
7/9/19,13:59:56,15,46,2,50396,50415,2.044500708,5.800735,5.002204124,9.957,6.458985,23.7355,35.166,0.1055,0.354613636,879,yakB13L5,DYak,I,F,4,0.918,bad flow
7/9/19,14:04:56,16,47,2,50842,50861,2.004236352,4.33225,3.543180383,13.77,9.299645,23.4985,35.85,0.1075,0.110672727,880,yakB13L5,DYak,I,F,4,0.584,NA
7/9/19,14:14:56,1,49,2,51423,51442,0.980973245,2.53592,1.749806799,13.6335,8.49903,23.1995,35.491,0.107,0.428295455,865,yakB13L5,DYak,I,M,4,0.43,NA
7/9/19,14:19:56,2,50,2,51596,51615,1.084451629,2.70504,1.920584562,13.73,9.10891,23.18,35.1855,0.0905,-8.23E-13,866,yakB13L5,DYak,I,M,4,0.449,NA
7/9/19,14:29:56,3,52,2,52196,52215,0.921972196,2.437375,1.645234712,13.627,7.077875,23.18,34.67,0.092,-1.37E-13,867,yakB13L5,DYak,I,M,4,0.37,NA
7/9/19,14:34:56,4,53,2,52530,52549,1.609972838,3.69544,2.879290209,13.6025,9.2399,23.3,34.37,0.1125,1.205090909,868,yakB13L5,DYak,I,M,4,0.467,NA
7/9/19,14:44:56,5,55,3,53234,53253,2.489551214,5.24216,4.377018751,13.8465,8.54004,23.51,34.82,3.501,0.49165,869,yakB13L5,DYak,U,F,4,0.777,NA
7/9/19,14:49:56,6,56,3,53556,53575,2.383269814,5.095335,4.182945726,13.873,9.42362,23.57,35.2355,3.3985,0.271472727,870,yakB13L5,DYak,U,F,4,0.579,NA
7/11/19,10:36:46,7,9,1,38216,38235,1.955210349,3.569705,3.059439445,15.54,7.35157,23.176,45.34,3.278,-1.07E-15,887,yakB13L5,DYak,U,F,3,0.614,NA
7/11/19,10:41:46,8,10,1,38665,38684,2.224378863,3.889245,3.498377127,15.4595,8.94927,23.1435,45.032,3.232,-6.69E-17,888,yakB13L5,DYak,U,F,3,0.95,NA
7/11/19,10:51:46,9,12,1,39229,39248,1.879035327,3.16955,2.853388544,16.009,7.97501,23.1,45.35,3.5735,4.28E-15,889,yakB13L5,DYak,I,M,3,0.377,NA
7/11/19,10:56:46,10,13,1,39469,39488,1.630630657,2.782565,2.534757699,15.639,8.566745,23.1,45.41,3.2785,5.36E-16,890,yakB13L5,DYak,I,M,3,0.401,NA
7/11/19,11:06:46,11,15,1,40046,40065,1.778097017,2.937475,2.748701847,15.726,7.155565,23.1,45.2145,3.4425,6.43E-15,891,yakB13L5,DYak,I,M,3,0.437,NA
7/11/19,11:11:46,12,16,1,40375,40394,1.470212507,2.460055,2.326992497,15.36,8.48562,23.11,44.3115,3.3885,0,892,yakB13L5,DYak,I,M,3,0.512,NA
7/11/19,11:21:46,13,18,1,41066,41085,1.612156595,2.579045,2.50117129,15.6695,7.9176,23.1,44.03,3.388,0,893,yakB13L5,DYak,I,F,3,NA,dead
7/11/19,11:26:46,14,19,1,41337,41356,1.65198171,2.60198,2.559837849,15.6885,8.52,23.1,44.02,3.383,-4.28E-15,894,yakB13L5,DYak,I,F,3,NA,dead
7/11/19,11:36:46,15,21,1,41806,41825,1.463530615,4.02722,4.011494042,8.868,6.047465,23.09,43.834,3.498,-4.28E-15,895,yakB13L5,DYak,I,F,3,0.717,bad flow
7/11/19,11:41:46,16,22,1,42106,42125,1.589842675,2.435505,2.469215193,15.652,8.08058,23.09,43.611,3.574,-4.28E-15,896,yakB13L5,DYak,I,F,3,0.619,NA
7/11/19,11:51:46,1,24,1,42808,42827,2.306474568,3.554055,3.636942379,15.415,7.69986,23.06,41.9635,3.46,1.331813636,881,yakB13L5,DYak,U,M,3,0.503,NA
7/11/19,11:56:46,2,25,1,43040,43059,1.593938313,2.40025,2.504429027,15.47,8.32184,23.059,41.5805,3.3805,0.396572727,882,yakB13L5,DYak,U,M,3,0.515,NA
7/11/19,12:06:46,3,27,1,43699,43718,2.088755706,3.174995,3.301624682,15.377,7.535825,23.05,41.184,3.497,0.457886364,883,yakB13L5,DYak,U,M,3,0.491,NA
7/11/19,12:11:46,4,28,1,44020,44039,1.952324398,2.936115,3.077148611,15.4215,8.37668,23.05,41.24,3.282,1.090940909,884,yakB13L5,DYak,U,M,3,0.473,NA
7/11/19,12:21:46,5,30,1,44666,44685,2.348944986,3.488565,3.63861078,15.692,7.79472,23.05,41.712,3.5155,-1.07E-15,885,yakB13L5,DYak,U,F,3,0.998,NA
7/11/19,12:26:46,6,31,1,44828,44847,2.040787844,3.009255,3.162945913,15.683,8.1488,23.05,41.8245,3.357,1.07E-15,886,yakB13L5,DYak,U,F,3,1.003,NA
7/11/19,12:36:46,7,33,2,45455,45474,1.636584684,2.411505,2.574209341,15.4535,7.042945,23.06,42.1,3.222,2.14E-15,887,yakB13L5,DYak,U,F,3,0.614,NA
7/11/19,12:41:46,8,34,2,45847,45866,1.722516548,2.54441,2.719669447,15.3955,8.32124,23.07,42.242,3.338,-2.14E-15,888,yakB13L5,DYak,U,F,3,0.95,NA
7/11/19,12:51:46,9,36,2,46321,46340,1.910303534,2.732995,2.917366608,15.9175,6.478565,23.08,42.4595,3.2685,0.378290909,889,yakB13L5,DYak,I,M,3,0.377,NA
7/11/19,12:56:46,10,37,2,46749,46768,1.840179931,2.66737,2.876027584,15.5545,8.27441,23.1,42.463,3.2825,0.458327273,890,yakB13L5,DYak,I,M,3,0.401,NA
7/11/19,13:06:46,11,39,2,47276,47295,1.356522853,1.89452,2.103975118,15.6745,7.076725,23.11,41.94,0.0725,0,891,yakB13L5,DYak,I,M,3,0.437,NA
7/11/19,13:11:46,12,40,2,47530,47549,1.267120867,1.79778,2.006336055,15.354,8.038335,23.11,42.225,0.0675,0,892,yakB13L5,DYak,I,M,3,0.512,NA
7/11/19,13:21:46,13,42,2,48175,48194,1.337988973,1.86386,2.083933979,15.6085,7.00265,23.1,42.798,0.0545,0.083763636,893,yakB13L5,DYak,I,F,3,NA,dead
7/11/19,13:26:46,14,43,2,48566,48585,1.548332271,2.168215,2.411991139,15.605,8.246745,23.09,43.3035,3.3585,-1.71E-14,894,yakB13L5,DYak,I,F,3,NA,dead
7/11/19,13:36:46,15,45,2,49006,49025,1.526636643,3.741865,3.993703572,9.2915,5.744675,23.06,43.587,3.4145,1.71E-14,895,yakB13L5,DYak,I,F,3,0.717,bad flow
7/11/19,13:41:46,16,46,2,49460,49479,1.35167692,1.83383,2.111914851,15.5555,8.153035,23.03,43.725,0.0615,1.71E-14,896,yakB13L5,DYak,I,F,3,0.619,NA
7/11/19,13:51:46,1,48,2,50066,50085,2.458468976,3.614605,3.894172038,15.343,7.68701,23.014,44.4005,0.072,0.649986364,881,yakB13L5,DYak,U,M,3,0.503,NA
7/11/19,13:56:46,2,49,2,50356,50375,1.708235042,2.40624,2.686394163,15.4535,8.238655,23.006,44.483,0.051,1.314622727,882,yakB13L5,DYak,U,M,3,0.515,NA
7/11/19,14:06:46,3,51,2,50878,50897,2.082304494,3.009215,3.28679138,15.395,7.16175,22.98,44.76,0.062,0.573063636,883,yakB13L5,DYak,U,M,3,0.491,NA
7/11/19,14:11:46,4,52,2,51225,51244,1.585824523,2.235,2.508069234,15.3645,8.157115,22.97,44.8365,0.0535,1.969045455,884,yakB13L5,DYak,U,M,3,0.473,NA
7/11/19,14:21:46,5,54,2,51779,51798,1.874862908,2.635245,2.910445853,15.655,7.19692,23,45.118,0.055,8.57E-15,885,yakB13L5,DYak,U,F,3,0.998,NA
7/11/19,14:26:46,6,55,2,52143,52162,2.065338457,2.93418,3.214391574,15.6235,8.265115,23.165,45.48,0.048,4.28E-15,886,yakB13L5,DYak,U,F,3,1.003,NA
7/11/19,14:36:46,7,57,3,52756,52775,1.65059411,2.35298,2.624051856,15.3075,7.6761,23.404,45.63,0.104,0.914572727,887,yakB13L5,DYak,U,F,3,0.614,NA
7/11/19,14:41:46,8,58,3,53062,53081,1.6212788,2.315305,2.575880779,15.323,8.35812,23.5345,45.3435,0.117,-4.28E-15,888,yakB13L5,DYak,U,F,3,0.95,NA
7/11/19,14:51:46,9,60,3,53524,53543,2.459724166,3.532875,3.787158999,15.822,6.49989,23.7135,45.0015,0.113,0.791145455,889,yakB13L5,DYak,I,M,3,0.377,NA
7/11/19,14:56:46,10,61,3,53887,53906,2.009484274,2.927195,3.167134427,15.463,8.28629,23.842,44.5645,0.0935,0.869659091,890,yakB13L5,DYak,I,M,3,0.401,NA
7/11/19,15:06:46,11,63,3,54445,54464,1.718090264,2.443135,2.686171049,15.592,6.74081,23.92,44.14,0.1075,0.721813636,891,yakB13L5,DYak,I,M,3,0.437,NA
7/11/19,15:11:46,12,64,3,54796,54815,1.885319719,2.751835,3.008606613,15.275,8.202105,23.9,44.186,0.1085,1.071231818,892,yakB13L5,DYak,I,M,3,0.512,NA
7/12/19,11:54:18,7,9,1,43006,43025,2.088136545,3.85366,3.336187778,15.219,7.93066,23.16,42.839,3.5575,6.69E-17,903,yakB13L5,DYak,I,F,4,0.774,NA
7/12/19,11:59:18,8,10,1,43175,43194,2.210690756,4.009025,3.537681182,15.194,8.295445,23.15,43.2985,3.642,-4.28E-15,904,yakB13L5,DYak,I,F,4,0.845,NA
7/12/19,12:09:18,9,12,1,43845,43864,1.421051891,2.57756,2.201247754,15.6935,7.31259,23.09,43.5015,3.6185,-2.68E-16,905,yakB13L5,DYak,U,M,4,0.445,NA
7/12/19,12:14:18,10,13,1,44216,44235,1.547173527,2.730195,2.445402078,15.3795,8.332965,23.0745,43.42,3.413,2.27E-05,906,yakB13L5,DYak,U,M,4,0.412,NA
7/12/19,12:24:18,11,15,1,44663,44682,0.56465487,1.146955,0.889721014,15.4255,6.2265,23.05,42.8825,3.491,0,907,yakB13L5,DYak,U,M,4,NA,empty
7/12/19,12:29:18,12,16,1,44971,44990,0.6222702,1.20122,1.000598665,15.115,7.94489,23.03,43.225,3.4055,0,908,yakB13L5,DYak,U,M,4,NA,empty
7/12/19,12:39:18,13,18,1,45566,45585,1.501180258,2.530235,2.372064757,15.3805,6.15638,23.015,42.1625,3.3655,0.906245455,909,yakB13L5,DYak,I,M,4,0.364,NA
7/12/19,12:44:18,14,19,1,45858,45877,1.220574292,2.05227,1.923162249,15.424,7.84109,23.005,42.3415,3.611,0.000204545,910,yakB13L5,DYak,I,M,4,NA,dead
7/12/19,12:54:18,15,21,1,46588,46607,1.516518855,3.632565,3.558648797,10.356,6.793265,22.99,42.2075,3.544,0,911,yakB13L5,DYak,I,M,4,0.496,bad flow
7/12/19,12:59:18,16,22,1,46805,46824,1.227698985,1.982905,1.941034026,15.3705,7.76596,22.99,41.962,3.478,8.57E-15,912,yakB13L5,DYak,I,M,4,0.313,NA
7/12/19,13:09:18,1,24,1,47518,47537,1.417170289,2.287535,2.274512232,15.1405,7.55778,22.97,41.19,3.591,-6.86E-14,897,yakB13L5,DYak,U,F,4,0.717,NA
7/12/19,13:14:18,2,25,1,47717,47736,1.912042187,3.062035,3.056407304,15.2015,7.941795,22.97,41.5035,3.6275,-5.36E-16,898,yakB13L5,DYak,U,F,4,1.088,NA
7/12/19,13:24:18,3,27,1,48418,48437,1.674274104,2.65707,2.680802303,15.1765,7.442035,22.97,42.475,3.5065,3.43E-14,899,yakB13L5,DYak,U,F,4,0.767,NA
7/12/19,13:29:18,4,28,1,48714,48733,2.164406491,3.42286,3.472413003,15.1465,8.046225,22.98,42.77,3.5205,1.692522727,900,yakB13L5,DYak,U,F,4,0.612,NA
7/12/19,13:39:18,5,30,1,49204,49223,1.888887108,2.921775,2.971102679,15.449,6.70348,22.98,42.7405,3.6015,0.659759091,901,yakB13L5,DYak,I,F,4,0.623,NA
7/12/19,13:44:18,6,31,1,49472,49491,1.582124972,2.446445,2.493630272,15.418,7.757195,22.9825,42.6705,3.3505,2.14E-15,902,yakB13L5,DYak,I,F,4,0.834,NA
7/12/19,13:54:18,7,33,2,50058,50077,1.635014273,2.559605,2.614176573,15.199,6.016565,22.99,43.636,3.4605,0,903,yakB13L5,DYak,I,F,4,0.774,NA
7/12/19,13:59:18,8,34,2,50358,50377,1.789605566,2.78089,2.855452405,15.231,7.692805,23,44.0725,3.4075,0.4956,904,yakB13L5,DYak,I,F,4,0.845,NA
7/12/19,14:09:18,9,36,2,51074,51093,1.546829564,2.301305,2.394187713,15.7015,7.100845,23.01,43.98,3.485,0.291327273,905,yakB13L5,DYak,U,M,4,0.445,NA
7/12/19,14:14:18,10,37,2,51324,51343,1.867183083,2.85761,2.957646978,15.3425,7.80365,23.005,43.96,3.504,1.567668182,906,yakB13L5,DYak,U,M,4,0.412,NA
7/12/19,14:24:18,11,39,2,51858,51877,0.409738953,0.539455,0.647924668,15.375,5.84791,23.128,44.5315,3.5475,5.36E-16,907,yakB13L5,DYak,U,M,4,NA,empty
7/12/19,14:29:18,12,40,2,52158,52177,0.440084869,0.589685,0.710828392,15.058,7.72908,23.24,44.5915,3.439,1.07E-15,908,yakB13L5,DYak,U,M,4,NA,empty
7/12/19,14:39:18,13,42,2,52758,52777,1.667675538,2.525405,2.655523823,15.2895,5.84826,23.54,43.585,3.6485,0.372595455,909,yakB13L5,DYak,I,M,4,0.364,NA
7/12/19,14:44:18,14,43,2,53166,53185,1.644380148,2.48892,2.624756422,15.262,8.04669,23.721,42.834,3.5475,0,910,yakB13L5,DYak,I,M,4,NA,dead
7/12/19,14:54:18,15,45,2,53658,53677,1.987043201,4.52234,4.655237881,10.405,5.48999,23.9065,42.45,3.5895,0.576586364,911,yakB13L5,DYak,I,M,4,0.496,bad flow
7/12/19,14:59:18,16,46,2,54025,54044,1.696898971,2.598285,2.72041268,15.213,7.93316,24.06,42.027,3.492,0.567209091,912,yakB13L5,DYak,I,M,4,0.313,NA
7/12/19,15:09:19,1,48,2,54558,54577,1.305591944,1.96051,2.104558406,15.134,6.22404,24.141,41.77,3.6085,-6.86E-14,897,yakB13L5,DYak,U,F,4,0.717,NA
7/12/19,15:14:19,2,49,2,54881,54900,2.624867824,4.001845,4.207878414,15.216,7.88814,24.1,41.6115,3.5215,0.735195455,898,yakB13L5,DYak,U,F,4,1.088,NA
7/12/19,15:24:19,3,51,2,55460,55479,1.588519871,2.309955,2.553141146,15.165,6.14066,23.8785,42.233,3.4665,6.86E-14,899,yakB13L5,DYak,U,F,4,0.767,NA
7/12/19,15:29:19,4,52,2,55854,55873,3.086568822,4.704115,4.973745878,15.1175,8.01529,23.7135,42.3665,3.5625,1.371322727,900,yakB13L5,DYak,U,F,4,0.612,NA
7/15/19,10:58:17,7,9,1,39657,39676,1.757316143,3.59441,2.901876138,14.766,8.34504,23.992,40.09,3.3315,0.314509091,919,yakB13L5,DYak,U,M,3,0.422,NA
7/15/19,11:03:17,8,10,1,39810,39829,1.853004525,3.708005,3.065087045,14.7425,8.654655,24.02,40.06,3.5545,0.761727273,920,yakB13L5,DYak,U,M,3,0.364,NA
7/15/19,11:13:16,9,12,1,40444,40463,2.0562545,3.792215,3.277689929,15.3025,7.10781,24.1,40.17,3.369,1.07E-15,921,yakB13L5,DYak,I,F,3,0.466,NA
7/15/19,11:18:16,10,13,1,40856,40875,1.977363091,3.536845,3.203289499,15.056,8.504275,24.0885,39.97,3.329,-1.07E-15,922,yakB13L5,DYak,I,F,3,0.538,NA
7/15/19,11:28:16,11,15,1,41390,41409,2.536439791,4.36415,4.088159787,15.1245,7.212415,23.91,40.29,3.329,1.37215,923,yakB13L5,DYak,I,F,3,0.656,NA
7/15/19,11:33:17,12,16,1,41597,41616,1.855499521,3.27925,3.052710508,14.813,7.95403,23.83,40.1065,3.387,0,924,yakB13L5,DYak,I,F,3,0.505,NA
7/15/19,11:43:16,13,18,1,42221,42240,1.919225897,3.26204,3.105128061,15.05,6.367795,23.577,40.422,3.561,0.110840909,925,yakB13L5,DYak,U,F,3,0.509,NA
7/15/19,11:48:16,14,19,1,42569,42588,1.980445596,3.30271,3.211771157,15.01,8.06711,23.49,40.9465,3.434,-2.14E-15,926,yakB13L5,DYak,U,F,3,0.726,NA
7/15/19,11:58:17,15,21,1,43097,43116,1.480657339,3.496555,3.437989285,10.4805,5.683485,23.4,39.6945,3.585,-1.34E-16,927,yakB13L5,DYak,U,F,3,0.644,bad flow
7/15/19,12:03:16,16,22,1,43396,43415,1.785424931,2.925365,2.898851839,14.9865,7.69923,23.37,39.36,3.4505,-4.28E-15,928,yakB13L5,DYak,U,F,3,0.675,NA
7/15/19,12:13:17,1,24,1,44146,44165,1.406931364,2.292225,2.314599051,14.788,7.50689,23.32,37.1595,3.5595,8.57E-15,913,yakB13L5,DYak,I,M,3,0.382,NA
7/15/19,12:18:17,2,25,1,44313,44332,1.839067628,2.9651,3.005929512,14.884,7.88068,23.31,37.04,3.5135,0.388927273,914,yakB13L5,DYak,I,M,3,0.414,NA
7/15/19,12:28:17,3,27,1,45057,45076,1.892553406,3.042765,3.113849524,14.7845,7.429985,23.28,35.9015,3.453,0.361086364,915,yakB13L5,DYak,I,M,3,0.387,NA
7/15/19,12:33:17,4,28,1,45336,45355,1.045752575,1.635815,1.71970891,14.792,8.0024,23.28,35.535,3.49,-4.28E-15,916,yakB13L5,DYak,I,M,3,0.322,NA
7/15/19,12:43:17,5,30,1,45797,45816,1.268373865,1.952615,2.044034623,15.0935,6.009295,23.259,34.588,3.566,0,917,yakB13L5,DYak,U,M,3,0.38,NA
7/15/19,12:48:17,6,31,1,46175,46194,1.834317887,2.84734,2.95663918,15.089,7.82768,23.23,34.54,3.516,0.685231818,918,yakB13L5,DYak,U,M,3,0.439,NA
7/15/19,12:58:17,7,33,2,46819,46838,1.722013432,2.69456,2.818231684,14.8585,7.101255,23.18,34.2105,0.07,0.384568182,919,yakB13L5,DYak,U,M,3,0.422,NA
7/15/19,13:03:17,8,34,2,46997,47016,1.750808623,2.736905,2.867685725,14.847,7.618655,23.18,34.284,0.078,0.381745455,920,yakB13L5,DYak,U,M,3,0.364,NA
7/15/19,13:13:17,9,36,2,47757,47776,1.318916619,1.93739,2.091188853,15.335,7.177465,23.1485,34.261,0.14,0,921,yakB13L5,DYak,I,F,3,0.466,NA
7/15/19,13:18:17,10,37,2,47950,47969,1.445152125,2.181035,2.345666228,14.979,7.645025,23.13,34.7,0.09,8.57E-15,922,yakB13L5,DYak,I,F,3,0.538,NA
7/15/19,13:28:17,11,39,2,48588,48607,2.844241816,4.42037,4.59504234,15.046,6.710245,23.07,35.3195,0.056,1.656309091,923,yakB13L5,DYak,I,F,3,0.656,NA
7/15/19,13:33:17,12,40,2,48891,48910,1.89087822,2.92811,3.107595159,14.789,7.656245,23.033,34.9815,0.081,0.530736364,924,yakB13L5,DYak,I,F,3,0.505,NA
7/15/19,13:43:17,13,42,2,49532,49551,2.217998525,3.399935,3.590398749,15.0125,6.910025,22.99,35.06,0.0765,0.000313636,925,yakB13L5,DYak,U,F,3,0.509,NA
7/15/19,13:48:17,14,43,2,49846,49865,2.294622034,3.51209,3.714163268,15.0125,7.692135,22.97,35.545,0.076,0.432377273,926,yakB13L5,DYak,U,F,3,0.726,NA
7/15/19,13:58:17,15,45,2,50432,50451,1.538438362,3.35485,3.554935317,10.5145,6.39393,22.93,35.453,0.057,0,927,yakB13L5,DYak,U,F,3,0.644,bad flow
7/15/19,14:03:17,16,46,2,50757,50776,1.618069878,2.4293,2.626011341,14.9705,7.657455,22.92,35.5915,0.0745,0.964063636,928,yakB13L5,DYak,U,F,3,0.675,NA
7/15/19,14:13:17,1,48,2,51215,51234,1.627245685,2.470885,2.673652956,14.786,6.08776,22.9,35.56,0.0615,0.678827273,913,yakB13L5,DYak,I,M,3,0.382,NA
7/15/19,14:18:17,2,49,2,51498,51517,1.899720001,2.893965,3.10854267,14.8465,7.43502,22.9,35.383,0.0675,0.22505,914,yakB13L5,DYak,I,M,3,0.414,NA
7/15/19,14:28:17,3,51,2,52176,52195,0.978760485,1.406215,1.615477062,14.7285,6.684185,23.0935,35.182,0.0685,1.37E-13,915,yakB13L5,DYak,I,M,3,0.387,NA
7/15/19,14:33:17,4,52,2,52557,52576,1.263192234,1.90376,2.090459576,14.697,7.767725,23.2465,34.762,0.066,0.906063636,916,yakB13L5,DYak,I,M,3,0.322,NA
7/15/19,14:43:17,5,54,2,52997,53016,1.480386263,2.21732,2.401571611,15.002,5.785195,23.4305,34.3815,0.0605,0.430827273,917,yakB13L5,DYak,U,M,3,0.38,NA
7/15/19,14:48:17,6,55,2,53348,53367,1.839389314,2.80121,2.98035142,15.0275,7.626815,23.57,34.28,0.068,0.958404545,918,yakB13L5,DYak,U,M,3,0.439,NA
7/16/19,10:53:31,7,9,1,39333,39352,2.161582965,4.57335,3.57450578,14.7385,7.45654,23.8575,43.61,3.3985,0.447336364,935,teiB13L11,teis-cascade_4_2,I,M,4,0.474,NA
7/16/19,10:58:31,8,10,1,39565,39584,1.907167368,4.06809,3.158424971,14.7165,8.078635,23.8485,43.637,3.277,6.69E-17,936,teiB13L11,teis-cascade_4_2,I,M,4,0.501,NA
7/16/19,11:08:31,9,12,1,40205,40224,2.312429971,4.515665,3.701327211,15.2225,7.028125,23.79,43.6105,3.4155,1.07E-15,937,teiB13L11,teis-cascade_4_2,I,F,4,0.593,NA
7/16/19,11:13:31,10,13,1,40411,40430,2.722940953,5.21238,4.444984257,14.9255,7.780405,23.76,43.937,3.391,6.43E-15,938,teiB13L11,teis-cascade_4_2,I,F,4,0.655,NA
7/16/19,11:23:31,11,15,1,41037,41056,1.93916747,3.853735,3.154169277,14.975,6.16871,23.6805,44.1155,3.4345,0.093845455,939,teiB13L11,teis-cascade_4_2,I,F,4,0.436,NA
7/16/19,11:28:31,12,16,1,41360,41379,2.828458062,5.32786,4.688958818,14.6915,8.02363,23.649,43.7,3.425,0,940,teiB13L11,teis-cascade_4_2,I,F,4,0.734,NA
7/16/19,11:38:31,13,18,1,41911,41930,1.801346168,3.53523,2.940421543,14.9165,5.664805,23.57,43.49,3.37,-1.07E-15,941,teiB13L11,teis-cascade_4_2,U,M,4,0.492,NA
7/16/19,11:43:31,14,19,1,42350,42369,1.551604275,3.04904,2.526983189,14.948,7.83265,23.519,43.8105,3.4785,4.28E-15,942,teiB13L11,teis-cascade_4_2,U,M,4,0.36,NA
7/16/19,11:53:31,15,21,1,42910,42929,2.544586476,6.412085,5.92228342,10.457,6.22693,23.43,43.93,3.489,0.787136364,943,teiB13L11,teis-cascade_4_2,U,M,4,NA,"dead, bad flow"
7/16/19,11:58:31,16,22,1,43111,43130,2.478934765,4.5137,4.047825542,14.9035,7.359065,23.41,43.9575,3.462,0.014913636,944,teiB13L11,teis-cascade_4_2,U,M,4,NA,dead
7/16/19,12:08:31,1,24,1,43744,43763,2.71277725,4.903135,4.47653529,14.7425,6.3666,23.31,44.01,3.6345,0.070595455,929,teiB13L11,teis-cascade_4_2,U,F,4,0.771,NA
7/16/19,12:13:31,2,25,1,44121,44140,2.314854477,4.197905,3.815611258,14.7575,7.72661,23.28,43.91,3.4435,0.211959091,930,teiB13L11,teis-cascade_4_2,U,F,4,0.788,NA
7/16/19,12:23:31,3,27,1,44713,44732,2.28533852,4.13805,3.775532535,14.7215,6.81085,23.23,44.35,3.367,0,931,teiB13L11,teis-cascade_4_2,U,F,4,0.86,NA
7/16/19,12:28:31,4,28,1,45071,45090,2.598258492,4.645015,4.3022667,14.6855,7.728715,23.18,44.18,3.57,1.188631818,932,teiB13L11,teis-cascade_4_2,U,F,4,0.66,NA
7/16/19,12:38:31,5,30,1,45664,45683,1.423360074,2.62351,2.306695407,15.0055,7.027415,23.18,43.65,3.523,0,933,teiB13L11,teis-cascade_4_2,I,M,4,NA,dead
7/16/19,12:43:31,6,31,1,45891,45910,1.897094464,3.36493,3.068532636,15.0325,7.525985,23.1535,43.2475,3.3975,1.19855,934,teiB13L11,teis-cascade_4_2,I,M,4,NA,dead
7/16/19,12:53:31,7,33,2,46411,46430,2.326315832,4.11211,3.829952778,14.765,5.61022,23.09,42.301,3.511,1.3565,935,teiB13L11,teis-cascade_4_2,I,M,4,0.474,NA
7/16/19,12:58:31,8,34,2,46711,46730,1.591939685,2.88457,2.616752956,14.788,7.307275,23.07,42.7935,3.693,0.039254545,936,teiB13L11,teis-cascade_4_2,I,M,4,0.501,NA
7/16/19,13:08:31,9,36,2,47393,47412,2.102681812,3.613655,3.351584703,15.248,6.437235,23.03,43.03,3.412,0,937,teiB13L11,teis-cascade_4_2,I,F,4,0.593,NA
7/16/19,13:13:31,10,37,2,47736,47755,2.516366033,4.366495,4.100682269,14.914,7.521185,23.02,42.7055,3.4845,0.649168182,938,teiB13L11,teis-cascade_4_2,I,F,4,0.655,NA
7/16/19,13:23:31,11,39,2,48211,48230,1.902522857,3.340455,3.083751733,14.993,5.38195,23.006,42.6,3.6035,0.335777273,939,teiB13L11,teis-cascade_4_2,I,F,4,0.436,NA
7/16/19,13:28:31,12,40,2,48671,48690,2.497659871,4.368475,4.145854357,14.6415,7.54965,23.02,42.36,3.5255,0.000290909,940,teiB13L11,teis-cascade_4_2,I,F,4,0.734,NA
7/16/19,13:38:31,13,42,2,49222,49241,2.38388726,4.11607,3.892294025,14.893,6.618965,23.178,41.917,3.476,0.0841,941,teiB13L11,teis-cascade_4_2,U,M,4,0.492,NA
7/16/19,13:43:31,14,43,2,49519,49538,1.762556499,3.10732,2.881248034,14.8795,7.50373,23.26,41.577,3.56,-5.14E-14,942,teiB13L11,teis-cascade_4_2,U,M,4,0.36,NA
7/16/19,13:53:31,15,45,2,50011,50030,1.587383813,3.91563,3.689530734,10.4715,5.05411,23.4465,41.3885,3.613,1.37E-13,943,teiB13L11,teis-cascade_4_2,U,M,4,NA,"dead, bad flow"
7/16/19,13:58:31,16,46,2,50471,50490,1.709059737,3.03228,2.807772559,14.8245,7.57359,23.64,40.1305,3.4985,0.072122727,944,teiB13L11,teis-cascade_4_2,U,M,4,NA,dead
7/16/19,14:08:31,1,48,2,50913,50932,2.52231744,4.4296,4.204910723,14.615,5.759185,23.76,40.07,3.6665,-1.37E-13,929,teiB13L11,teis-cascade_4_2,U,F,4,0.771,NA
7/16/19,14:13:31,2,49,2,51309,51328,2.77756605,4.826745,4.601409143,14.7105,7.636905,23.82,40.04,3.594,0.115259091,930,teiB13L11,teis-cascade_4_2,U,F,4,0.788,NA
7/16/19,14:23:31,3,51,2,51909,51928,2.807348644,4.889325,4.668240095,14.6615,6.7563,23.95,39.0345,3.4855,-8.57E-15,931,teiB13L11,teis-cascade_4_2,U,F,4,0.86,NA
7/16/19,14:28:31,4,52,2,52230,52249,2.009159874,3.56229,3.347367866,14.638,7.718265,24.03,38.493,3.4925,0.918127273,932,teiB13L11,teis-cascade_4_2,U,F,4,0.66,NA
7/16/19,14:38:31,5,54,2,52724,52743,0.703783038,1.351505,1.149257333,14.938,5.972305,24.11,37.9225,3.5355,0,933,teiB13L11,teis-cascade_4_2,I,M,4,NA,dead
7/16/19,14:43:31,6,55,2,53060,53079,1.354900319,2.377805,2.203156335,15.0015,7.54712,24.11,37.761,3.3705,0,934,teiB13L11,teis-cascade_4_2,I,M,4,NA,dead
7/16/19,14:53:30,7,57,3,53660,53679,1.344010058,2.36574,2.217597712,14.776,6.240665,23.9535,37.1575,3.601,-1.37E-13,935,teiB13L11,teis-cascade_4_2,I,M,4,0.474,NA
7/16/19,14:58:30,8,58,3,54007,54026,1.970434856,3.36537,3.249493221,14.7765,7.536645,23.8075,36.95,3.5095,0.000140909,936,teiB13L11,teis-cascade_4_2,I,M,4,0.501,NA
7/16/19,15:08:30,9,60,3,54510,54529,2.181502487,3.576335,3.472720072,15.299,5.458815,23.62,37.42,3.293,0.452354545,937,teiB13L11,teis-cascade_4_2,I,F,4,0.593,NA
7/16/19,15:13:30,10,61,3,54821,54840,2.353280103,3.92887,3.838289486,14.927,7.36953,23.54,37.1395,3.569,0.055372727,938,teiB13L11,teis-cascade_4_2,I,F,4,0.655,NA
7/17/19,10:55:53,7,9,1,39414,39433,2.008926306,4.12484,3.329510871,14.6755,6.586365,23.25,42.4065,3.458,0,951,teiB13L11,teis-cascade_4_2,I,F,4,0.735,NA
7/17/19,11:00:53,8,10,1,39783,39802,1.962098726,3.936505,3.262181322,14.631,7.760585,23.2865,42.193,3.4135,-1.34E-16,952,teiB13L11,teis-cascade_4_2,I,F,4,0.757,NA
7/17/19,11:10:53,9,12,1,40257,40276,1.898172332,3.680855,3.051356515,15.135,5.59067,23.34,42.417,3.5125,0.758936364,953,teiB13L11,teis-cascade_4_2,I,M,4,NA,dead
7/17/19,11:15:53,10,13,1,40606,40625,1.51032975,3.02527,2.479092415,14.825,7.475935,23.39,42.38,3.5575,0,954,teiB13L11,teis-cascade_4_2,I,M,4,0.415,NA
7/17/19,11:25:53,11,15,1,41180,41199,2.98669952,5.384365,4.891444793,14.861,5.807325,23.44,42.3,3.546,0.924259091,955,teiB13L11,teis-cascade_4_2,I,M,4,NA,dead
7/17/19,11:30:53,12,16,1,41528,41547,2.703674364,4.940245,4.503903044,14.613,7.47692,23.49,42.085,3.561,0.167413636,956,teiB13L11,teis-cascade_4_2,I,M,4,NA,dead
7/17/19,11:40:53,13,18,1,42058,42077,2.148883279,3.92826,3.524597833,14.8445,5.37049,23.554,42.53,3.6385,0.469740909,957,teiB13L11,teis-cascade_4_2,U,M,4,NA,dead
7/17/19,11:45:53,14,19,1,42354,42373,1.310183906,2.512905,2.147221873,14.858,7.221685,23.5875,42.3,3.572,0.201322727,958,teiB13L11,teis-cascade_4_2,U,M,4,0.34,NA
7/17/19,11:55:53,15,21,1,43017,43036,2.134285679,5.118295,4.812674752,10.802,5.589145,23.68,42.104,3.623,0.009268182,959,teiB13L11,teis-cascade_4_2,U,M,4,NA,"dead, bad flow"
7/17/19,12:00:54,16,22,1,43333,43352,1.780530271,3.172585,2.92941521,14.8075,7.289245,23.729,41.9975,3.642,0.285890909,960,teiB13L11,teis-cascade_4_2,U,M,4,0.338,NA
7/17/19,12:10:54,1,24,1,43861,43880,2.422822711,4.2197,4.023359794,14.6705,5.681475,23.73,41.842,3.5265,-3.43E-14,945,teiB13L11,teis-cascade_4_2,U,F,4,0.735,NA
7/17/19,12:15:54,2,25,1,44284,44303,1.829225438,3.121785,3.015752581,14.7735,7.401495,23.661,41.3755,3.608,0,946,teiB13L11,teis-cascade_4_2,U,F,4,0.626,NA
7/17/19,12:25:54,3,27,1,44867,44886,1.607667956,2.726835,2.660972804,14.7055,6.581345,23.4645,41.351,3.587,8.57E-15,947,teiB13L11,teis-cascade_4_2,U,F,4,0.699,NA
7/17/19,12:30:54,4,28,1,45214,45233,1.709117022,2.85894,2.838491484,14.653,7.446245,23.41,42.082,3.625,0,948,teiB13L11,teis-cascade_4_2,U,F,4,0.675,NA
7/17/19,12:40:54,5,30,1,45702,45721,1.85263799,3.035015,3.021594516,14.92,6.13515,23.39,42.471,3.688,1.770113636,949,teiB13L11,teis-cascade_4_2,I,F,4,NA,dead
7/17/19,12:45:54,6,31,1,46069,46088,1.919302511,3.120455,3.118995032,14.974,7.363355,23.39,42.6175,3.5035,1.133845455,950,teiB13L11,teis-cascade_4_2,I,F,4,NA,dead
7/17/19,12:55:54,7,33,2,46602,46621,1.947042537,3.20528,3.219491533,14.715,6.006635,23.36,42.54,3.5905,0.0052,951,teiB13L11,teis-cascade_4_2,I,F,4,0.735,NA
7/17/19,13:00:54,8,34,2,46854,46873,1.5831951,2.5891,2.623039013,14.6865,7.093415,23.37,42.6535,3.459,5.36E-16,952,teiB13L11,teis-cascade_4_2,I,F,4,0.757,NA
7/17/19,13:10:54,9,36,2,47478,47497,1.494964244,2.361545,2.411104763,15.093,5.615485,23.49,42.1525,3.5155,1.37E-13,953,teiB13L11,teis-cascade_4_2,I,M,4,NA,dead
7/17/19,13:15:54,10,37,2,47829,47848,1.520557427,2.439745,2.4946822,14.841,7.27785,23.57,41.876,3.672,0.268513636,954,teiB13L11,teis-cascade_4_2,I,M,4,0.415,NA
7/17/19,13:25:54,11,39,2,48486,48505,2.143601868,3.456985,3.512381274,14.87,6.619515,23.77,41.7065,0.0975,0.158754545,955,teiB13L11,teis-cascade_4_2,I,M,4,NA,dead
7/17/19,13:30:54,12,40,2,48814,48833,1.89960335,3.120675,3.174831149,14.583,7.447195,23.86,41.5365,0.138,-2.74E-13,956,teiB13L11,teis-cascade_4_2,I,M,4,NA,dead
7/17/19,13:40:54,13,42,2,49414,49433,1.459920207,2.349325,2.397970469,14.8445,6.75241,23.98,40.459,0.0635,6.86E-14,957,teiB13L11,teis-cascade_4_2,U,M,4,NA,dead
7/17/19,13:45:54,14,43,2,49625,49644,1.545485027,2.48547,2.530125228,14.8935,7.252975,23.9775,39.964,0.0615,0.057822727,958,teiB13L11,teis-cascade_4_2,U,M,4,0.34,NA
7/17/19,13:55:54,15,45,2,50154,50173,1.1714696,2.58381,2.638315308,10.8235,4.81896,23.901,39.43,0.0655,0,959,teiB13L11,teis-cascade_4_2,U,M,4,NA,"dead, bad flow"
7/17/19,14:00:54,16,46,2,50534,50553,1.381288263,2.176375,2.26524998,14.86,7.073895,23.8185,39.223,0.0565,-8.57E-15,960,teiB13L11,teis-cascade_4_2,U,M,4,0.338,NA
7/17/19,14:10:54,1,48,2,51054,51073,1.592517607,2.533595,2.635688357,14.7165,5.493815,23.661,38.9515,0.0475,-1.37E-13,945,teiB13L11,teis-cascade_4_2,U,F,4,0.735,NA
7/17/19,14:15:54,2,49,2,51380,51399,2.033889942,3.240765,3.355755911,14.758,7.175435,23.578,38.9825,0.056,0,946,teiB13L11,teis-cascade_4_2,U,F,4,0.626,NA
7/17/19,14:25:54,3,51,2,52003,52022,1.534874636,2.42665,2.547424832,14.6705,6.083955,23.58,39.4505,0.046,0.286140909,947,teiB13L11,teis-cascade_4_2,U,F,4,0.699,NA
7/17/19,14:30:54,4,52,2,52414,52433,1.52879695,2.427905,2.548925337,14.6105,7.40603,23.7015,39.18,0.054,1.71E-14,948,teiB13L11,teis-cascade_4_2,U,F,4,0.675,NA
7/17/19,14:40:54,5,54,2,53014,53033,1.507369835,2.343275,2.465420716,14.9015,6.866485,23.86,38.97,0.0405,-6.86E-14,949,teiB13L11,teis-cascade_4_2,I,F,4,NA,dead
7/17/19,14:45:54,6,55,2,53277,53296,1.55147171,2.410855,2.534017926,14.9235,7.35597,23.88,38.853,0.0425,-1.37E-13,950,teiB13L11,teis-cascade_4_2,I,F,4,NA,dead
7/18/19,10:47:51,7,9,1,38924,38943,2.012146296,3.681985,3.34945167,14.647,6.341515,23.97,43.313,3.18,6.69E-17,967,teiB13L11,teis-cascade_4_2,U,M,3,0.408,NA
7/18/19,10:52:51,8,10,1,39292,39311,1.665647114,3.012225,2.778288909,14.6185,7.60167,23.992,43.11,3.541,-1.07E-15,968,teiB13L11,teis-cascade_4_2,U,M,3,0.489,NA
7/18/19,11:02:51,9,12,1,39792,39811,2.253810259,3.82421,3.63810078,15.109,5.66912,24.0595,43.426,3.287,0.075690909,969,teiB13L11,teis-cascade_4_2,I,F,3,0.572,NA
7/18/19,11:07:51,10,13,1,40208,40227,2.471574144,4.15887,4.069041695,14.816,7.4923,24.0975,43.683,3.4015,0,970,teiB13L11,teis-cascade_4_2,I,F,3,0.589,NA
7/18/19,11:17:51,11,15,1,40671,40690,2.586484767,4.286275,4.236693488,14.8915,5.188855,24.1,43.891,3.2325,0.000422727,971,teiB13L11,teis-cascade_4_2,I,F,3,0.628,NA
7/18/19,11:22:51,12,16,1,40974,40993,2.240966473,3.719305,3.746292047,14.5915,7.107255,24.11,44.044,3.4665,-8.57E-15,972,teiB13L11,teis-cascade_4_2,I,F,3,0.629,NA
7/18/19,11:32:51,13,18,1,41571,41590,1.802594359,2.85406,2.95222564,14.8935,5.08488,24.0925,43.3955,3.599,3.43E-14,973,teiB13L11,teis-cascade_4_2,I,M,3,NA,dead
7/18/19,11:37:51,14,19,1,41942,41961,2.910928952,4.58461,4.766154065,14.895,7.17659,24.0455,42.6945,3.4295,1.619436364,974,teiB13L11,teis-cascade_4_2,I,M,3,NA,dead
7/18/19,11:47:51,15,21,1,42471,42490,2.102435979,4.454785,4.683235969,10.9445,4.797315,23.96,41.84,3.508,0.110245455,975,teiB13L11,teis-cascade_4_2,I,M,3,0.493,bad flow
7/18/19,11:52:51,16,22,1,42794,42813,1.809701709,2.67355,2.963782625,14.882,6.8398,23.8595,41.89,3.5785,-6.43E-15,976,teiB13L11,teis-cascade_4_2,I,M,3,0.421,NA
7/18/19,12:02:51,1,24,1,43473,43492,1.486387624,2.10679,2.462310369,14.6965,6.42613,23.535,41.97,3.54,0.000140909,961,teiB13L11,teis-cascade_4_2,U,F,3,0.478,NA
7/18/19,12:07:51,2,25,1,43671,43690,1.323561364,1.794625,2.182018693,14.763,6.987465,23.431,41.88,3.5465,6.69E-17,962,teiB13L11,teis-cascade_4_2,U,F,3,0.539,NA
7/18/19,12:17:51,3,27,1,44304,44323,1.226306858,1.614215,2.037005156,14.642,5.780815,23.242,41.5945,3.3405,0.188172727,963,teiB13L11,teis-cascade_4_2,U,F,3,NA,dead
7/18/19,12:22:51,4,28,1,44709,44728,1.465075788,1.993825,2.436830177,14.6195,7.1893,23.18,41.488,3.4655,0.694018182,964,teiB13L11,teis-cascade_4_2,U,F,3,0.463,NA
7/18/19,12:32:51,5,30,1,45324,45343,2.000960736,2.79054,3.252198529,14.961,6.51771,23.18,40.964,3.278,0.26525,965,teiB13L11,teis-cascade_4_2,U,M,3,0.341,NA
7/18/19,12:37:51,6,31,1,45570,45589,1.613392957,2.14577,2.622302666,14.961,7.031675,23.18,40.9,3.314,1.851759091,966,teiB13L11,teis-cascade_4_2,U,M,3,0.334,NA
7/18/19,12:47:51,7,33,2,46229,46248,2.105696348,3.00188,3.483635586,14.698,6.42745,23.18,40.63,3.3145,1.10295,967,teiB13L11,teis-cascade_4_2,U,M,3,0.408,NA
7/18/19,12:52:51,8,34,2,46374,46393,1.274897822,1.62802,2.110259867,14.691,6.751505,23.18,40.533,3.4475,-1.71E-14,968,teiB13L11,teis-cascade_4_2,U,M,3,0.489,NA
7/18/19,13:02:51,9,36,2,47069,47088,2.354446433,3.28442,3.772674531,15.174,6.03731,23.15,40.5865,3.358,0.866227273,969,teiB13L11,teis-cascade_4_2,I,F,3,0.572,NA
7/18/19,13:07:51,10,37,2,47358,47377,3.282163476,4.88062,5.375808724,14.844,6.899185,23.13,40.55,3.399,3.16855,970,teiB13L11,teis-cascade_4_2,I,F,3,0.589,NA
7/18/19,13:17:51,11,39,2,47959,47978,2.390277694,3.40061,3.899863019,14.8995,5.915665,23.09,40.11,3.436,0.998181818,971,teiB13L11,teis-cascade_4_2,I,F,3,0.628,NA
7/18/19,13:22:51,12,40,2,48331,48350,2.789967803,4.138975,4.641793766,14.613,6.98913,23.0825,40.31,3.344,0.01905,972,teiB13L11,teis-cascade_4_2,I,F,3,0.629,NA
7/18/19,13:32:51,13,42,2,48812,48831,1.360255369,1.740475,2.232742377,14.8135,5.413725,23.15,40.61,3.443,0.393859091,973,teiB13L11,teis-cascade_4_2,I,M,3,NA,dead
7/18/19,13:37:51,14,43,2,49131,49150,1.593748822,2.14197,2.614325696,14.8245,6.864055,23.192,40.31,3.3315,0.800472727,974,teiB13L11,teis-cascade_4_2,I,M,3,NA,dead
7/18/19,13:47:51,15,45,2,49823,49842,2.341234255,4.77833,5.239491956,10.8745,5.90276,23.415,38.818,3.447,-3.43E-14,975,teiB13L11,teis-cascade_4_2,I,M,3,0.493,bad flow
7/18/19,13:52:51,16,46,2,50059,50078,1.763781996,2.45637,2.913877642,14.7335,6.830075,23.47,38.428,3.4575,0.123059091,976,teiB13L11,teis-cascade_4_2,I,M,3,0.421,NA
7/19/19,11:06:17,7,9,1,40076,40095,1.882177313,4.59786,2.551567106,17.912,7.44281,22.75,26.992,3.56,0,983,teiB13L11,teis-cascade_4_2,I,M,4,0.405,NA
7/19/19,11:11:17,8,10,1,40284,40303,1.986744253,4.6797,2.695967481,17.895,7.69998,22.76,26.96,3.436,1.037181818,984,teiB13L11,teis-cascade_4_2,I,M,4,NA,dead
7/19/19,11:21:17,9,12,1,40955,40974,1.404834124,3.713815,1.8351564,18.591,6.950705,22.8,26.963,3.226,0,985,teiB13L11,teis-cascade_4_2,U,M,4,0.484,NA
7/19/19,11:26:17,10,13,1,41249,41268,1.816226132,4.23297,2.433937405,18.1235,7.58725,22.82,26.803,3.4535,0.251086364,986,teiB13L11,teis-cascade_4_2,U,M,4,0.321,NA
7/19/19,11:36:17,11,15,1,41788,41807,1.387079228,3.60196,1.851217263,18.2,6.2589,22.853,26.81,3.6685,8.03E-16,987,teiB13L11,teis-cascade_4_2,U,M,4,0.461,NA
7/19/19,11:41:16,12,16,1,42102,42121,1.775910359,4.126365,2.424528656,17.7935,7.424995,22.88,26.736,3.45,4.28E-15,988,teiB13L11,teis-cascade_4_2,U,M,4,0.401,NA
7/19/19,11:51:17,13,18,1,42691,42710,1.959152026,4.273125,2.621938817,18.1545,6.214565,22.929,26.57,3.5765,1.07E-15,989,teiB13L11,teis-cascade_4_2,U,F,4,0.745,NA
7/19/19,11:56:17,14,19,1,43127,43146,1.255335382,3.244305,1.678629126,18.1715,7.522965,22.96,26.4605,3.574,0.5203,990,teiB13L11,teis-cascade_4_2,U,F,4,0.26,NA
7/19/19,12:06:17,15,21,1,43707,43726,1.98537591,5.31771,3.763973079,12.8195,6.693975,23.02,26.12,3.6205,0,991,teiB13L11,teis-cascade_4_2,U,F,4,0.533,bad flow
7/19/19,12:11:17,16,22,1,44037,44056,1.751390765,3.898055,2.354637127,18.0795,7.46664,23.06,25.8115,3.4545,0.000836364,992,teiB13L11,teis-cascade_4_2,U,F,4,0.491,NA
7/19/19,12:21:17,1,24,1,44599,44618,1.789475404,3.95011,2.441352559,17.821,7.010395,23.14,24.902,3.327,1.07E-15,977,teiB13L11,teis-cascade_4_2,I,F,4,0.671,NA
7/19/19,12:26:16,2,25,1,44860,44879,2.319166072,4.61556,3.142463948,17.9455,7.45697,23.1725,24.628,3.4025,1.228972727,978,teiB13L11,teis-cascade_4_2,I,F,4,NA,dead
7/19/19,12:36:16,3,27,1,45532,45551,2.620061697,5.00199,3.574615048,17.826,7.088705,23.22,24.561,3.4675,0,979,teiB13L11,teis-cascade_4_2,I,F,4,0.657,NA
7/19/19,12:41:16,4,28,1,45693,45712,2.639832482,5.01449,3.606310376,17.803,7.33686,23.23,24.361,3.639,2.165786364,980,teiB13L11,teis-cascade_4_2,I,F,4,0.558,NA
7/19/19,12:51:16,5,30,1,46276,46295,1.765237735,3.737265,2.35390816,18.243,6.15809,23.3015,24.083,3.5055,5.14E-14,981,teiB13L11,teis-cascade_4_2,I,M,4,0.371,NA
7/19/19,12:56:16,6,31,1,46576,46595,2.532262465,4.74255,3.374301226,18.258,7.278775,23.35,24.2,3.433,1.436727273,982,teiB13L11,teis-cascade_4_2,I,M,4,0.424,NA
7/19/19,13:06:16,7,33,2,47182,47201,2.089419432,4.19238,2.834696115,17.9375,6.17047,23.41,23.5175,3.4965,0.000204545,983,teiB13L11,teis-cascade_4_2,I,M,4,0.405,NA
7/19/19,13:11:16,8,34,2,47533,47552,2.122433363,4.236235,2.883806615,17.9125,7.36659,23.45,23.43,3.6145,0.7619,984,teiB13L11,teis-cascade_4_2,I,M,4,NA,dead
7/19/19,13:21:16,9,36,2,48133,48152,1.382893868,3.150965,1.811615842,18.5825,6.5551,23.5025,23.27,3.414,8.57E-15,985,teiB13L11,teis-cascade_4_2,U,M,4,0.484,NA
7/19/19,13:26:16,10,37,2,48415,48434,1.846492927,3.805545,2.483425471,18.1015,7.334485,23.53,23.16,3.547,0.836122727,986,teiB13L11,teis-cascade_4_2,U,M,4,0.321,NA
7/19/19,13:36:16,11,39,2,48996,49015,1.635778018,3.4901,2.181834242,18.255,6.22855,23.57,23.084,3.581,0.011877273,987,teiB13L11,teis-cascade_4_2,U,M,4,0.461,NA
7/19/19,13:41:16,12,40,2,49379,49398,2.018021436,4.04781,2.754609295,17.84,7.4094,23.6045,23.05,3.492,1.181354545,988,teiB13L11,teis-cascade_4_2,U,M,4,0.401,NA
7/19/19,13:51:16,13,42,2,49923,49942,1.855854501,3.771655,2.488456912,18.1635,6.434375,23.645,23.1035,3.5195,-1.07E-15,989,teiB13L11,teis-cascade_4_2,U,F,4,0.745,NA
7/19/19,13:56:16,14,43,2,50237,50256,1.290564948,3.001425,1.731368448,18.156,7.36456,23.67,23.1525,3.544,1.03E-13,990,teiB13L11,teis-cascade_4_2,U,F,4,0.26,NA
7/19/19,14:06:16,15,45,2,50827,50846,1.286273133,3.707565,2.448024546,12.8005,6.026475,23.725,22.82,3.59,2.06E-13,991,teiB13L11,teis-cascade_4_2,U,F,4,0.533,bad flow
7/19/19,14:11:16,16,46,2,51084,51103,1.976784231,3.91163,2.660597105,18.1015,7.21115,23.7455,22.9,3.4455,0.660604545,992,teiB13L11,teis-cascade_4_2,U,F,4,0.491,NA
7/22/19,11:01:57,7,9,1,39758,39777,1.978178502,4.534565,2.722578232,17.679,6.98796,23.3555,42.073,3.5465,0,999,teiB13L11,teis-cascade_4_2,U,F,3,0.55,NA
7/22/19,11:06:57,8,10,1,40028,40047,1.970340799,4.41095,2.710770126,17.681,7.616745,23.29,42.158,3.4835,-6.43E-15,1000,teiB13L11,teis-cascade_4_2,U,F,3,0.775,NA
7/22/19,11:16:57,9,12,1,40693,40712,1.989584308,4.22408,2.639217855,18.3315,6.957095,23.18,42.8885,3.422,0,1001,teiB13L11,teis-cascade_4_2,I,F,3,0.771,NA
7/22/19,11:21:57,10,13,1,40917,40936,1.304256505,3.304995,1.774288471,17.872,7.408165,23.13,43.02,3.5715,1.71E-14,1002,teiB13L11,teis-cascade_4_2,I,F,3,NA,dead
7/22/19,11:31:57,11,15,1,41677,41696,1.811555566,3.897075,2.454503364,17.938,7.091865,23.03,42.6165,3.4325,0,1003,teiB13L11,teis-cascade_4_2,I,F,3,0.731,NA
7/22/19,11:36:57,12,16,1,41889,41908,2.24504892,4.51583,3.107790222,17.5565,7.428675,23.014,42.5,3.457,6.43E-15,1004,teiB13L11,teis-cascade_4_2,I,F,3,0.853,NA
7/22/19,11:46:57,13,18,1,42505,42524,1.399365995,3.26216,1.899935547,17.898,6.700795,22.98,42.41,3.469,0,1005,teiB13L11,teis-cascade_4_2,U,M,3,0.464,NA
7/22/19,11:51:57,14,19,1,42815,42834,1.466630084,3.30991,1.990349998,17.9055,7.367295,22.968,42.8955,3.4785,0,1006,teiB13L11,teis-cascade_4_2,U,M,3,0.298,NA
7/22/19,12:01:57,15,21,1,43330,43349,1.590207081,4.15813,2.862032603,13.5005,5.727375,22.95,42.9565,3.474,0.393559091,1007,teiB13L11,teis-cascade_4_2,U,M,3,0.484,bad flow
7/22/19,12:06:57,16,22,1,43688,43707,1.6248898,3.476195,2.214320533,17.8295,7.2144,22.94,42.896,3.306,-1.07E-15,1008,teiB13L11,teis-cascade_4_2,U,M,3,0.502,NA
7/22/19,12:16:57,1,24,1,44233,44252,1.322952606,3.06911,1.828803129,17.5765,6.2983,22.94,43.34,3.3665,1.07E-15,993,teiB13L11,teis-cascade_4_2,I,M,3,0.454,NA
7/22/19,12:21:57,2,25,1,44676,44695,1.447682825,3.19289,1.98958051,17.6805,7.427185,22.955,43.308,3.4105,0.402736364,994,teiB13L11,teis-cascade_4_2,I,M,3,NA,NA
7/22/19,12:31:57,3,27,1,45160,45179,1.536697973,3.321575,2.127449419,17.558,6.491405,23.07,43.4115,3.3515,-1.07E-15,995,teiB13L11,teis-cascade_4_2,I,M,3,0.481,NA
7/22/19,12:36:57,4,28,1,45479,45498,1.614355027,3.418445,2.239835784,17.526,7.28333,23.18,43.35,3.431,1.143736364,996,teiB13L11,teis-cascade_4_2,I,M,3,0.453,NA
7/22/19,12:46:57,5,30,1,46108,46127,1.87173453,3.71626,2.544288923,17.9015,6.69572,23.39,43.24,3.4765,-2.14E-15,997,teiB13L11,teis-cascade_4_2,U,F,3,0.713,NA
7/22/19,12:51:56,6,31,1,46454,46473,1.677466414,3.451245,2.281485294,17.899,7.313475,23.51,43.143,3.4245,-4.28E-15,998,teiB13L11,teis-cascade_4_2,U,F,3,0.666,NA
7/22/19,13:01:56,7,33,2,46924,46943,1.866989541,3.74274,2.577139729,17.6415,5.98474,23.6,42.787,3.398,0.465768182,999,teiB13L11,teis-cascade_4_2,U,F,3,0.55,NA
7/22/19,13:06:57,8,34,2,47217,47236,2.061215694,4.00059,2.843424102,17.653,7.06179,23.61,42.5595,3.3785,0.998472727,1000,teiB13L11,teis-cascade_4_2,U,F,3,0.775,NA
7/22/19,13:16:56,9,36,2,47856,47875,1.705919275,3.39473,2.268621169,18.31,6.15437,23.58,42.67,3.4585,-1.34E-16,1001,teiB13L11,teis-cascade_4_2,I,F,3,0.771,NA
7/22/19,13:21:56,10,37,2,48188,48207,1.317891142,2.87087,1.796035675,17.8655,7.14806,23.55,43.0405,3.4255,1.71E-14,1002,teiB13L11,teis-cascade_4_2,I,F,3,NA,dead
7/22/19,13:31:56,11,39,2,48716,48735,1.598843257,3.227255,2.168347348,17.949,5.69422,23.49,43.4825,3.498,-1.07E-15,1003,teiB13L11,teis-cascade_4_2,I,F,3,0.731,NA
7/22/19,13:36:56,12,40,2,49070,49089,2.279807583,4.218575,3.162041878,17.548,7.12429,23.45,43.1795,3.5,0.541781818,1004,teiB13L11,teis-cascade_4_2,I,F,3,0.853,NA
7/22/19,13:46:56,13,42,2,49616,49635,1.503868479,3.09972,2.045960722,17.8885,5.6423,23.42,43.204,3.3585,0.160363636,1005,teiB13L11,teis-cascade_4_2,U,M,3,0.464,NA
7/22/19,13:51:56,14,43,2,50004,50023,1.34518157,2.87689,1.829120316,17.8975,7.142575,23.418,43.6315,3.4825,1.71E-14,1006,teiB13L11,teis-cascade_4_2,U,M,3,0.298,NA
7/22/19,14:01:56,15,45,2,50569,50588,2.104619734,4.80605,3.765184427,13.602,5.829155,23.39,44.7235,3.41,0.74015,1007,teiB13L11,teis-cascade_4_2,U,M,3,0.484,bad flow
7/22/19,14:06:56,16,46,2,50851,50870,2.047667969,3.822875,2.790733638,17.8535,6.94777,23.37,45.03,3.364,0,1008,teiB13L11,teis-cascade_4_2,U,M,3,0.502,NA
7/23/19,10:49:53,7,9,1,39116,39135,1.984899639,3.972,2.748517176,17.593,7.152875,23.72,51.9555,3.3295,4.28E-15,1015,teiB13L11,teis-cascade_4_2,U,F,4,0.649,NA
7/23/19,10:54:53,8,10,1,39299,39318,2.136179991,4.132545,2.966729517,17.537,7.45501,23.65,52.1635,3.4555,-2.14E-15,1016,teiB13L11,teis-cascade_4_2,U,F,4,0.731,NA
7/23/19,11:04:52,9,12,1,39972,39991,1.940327036,3.66124,2.592936809,18.2145,6.757425,23.47,52.84,3.327,1.29E-14,1017,teiB13L11,teis-cascade_4_2,I,F,4,0.475,NA
7/23/19,11:09:52,10,13,1,40196,40215,2.471801729,4.40858,3.389449708,17.7495,7.320965,23.45,53.04,3.407,0,1018,teiB13L11,teis-cascade_4_2,I,F,4,0.819,NA
7/23/19,11:19:52,11,15,1,40853,40872,2.434024549,4.273135,3.321418144,17.835,6.46809,23.43,53.4315,3.5125,0.628354545,1019,teiB13L11,teis-cascade_4_2,I,F,4,0.652,NA
7/23/19,11:24:52,12,16,1,41092,41111,2.341345374,4.168265,3.255544119,17.502,7.143845,23.42,53.63,3.3635,0.739618182,1020,teiB13L11,teis-cascade_4_2,I,F,4,0.61,NA
7/23/19,11:34:52,13,18,1,41835,41854,1.835463646,3.380395,2.513383415,17.772,6.717895,23.41,54.1735,3.4355,0.000290909,1021,teiB13L11,teis-cascade_4_2,U,M,4,0.425,NA
7/23/19,11:39:53,14,19,1,41997,42016,1.62239845,3.07614,2.219860932,17.786,7.014025,23.4085,54.3085,3.385,-1.71E-14,1022,teiB13L11,teis-cascade_4_2,U,M,4,0.428,NA
7/23/19,11:49:52,15,21,1,42672,42691,2.048049572,4.722425,3.899467875,12.781,6.00821,23.4,54.77,3.4125,0.547077273,1023,teiB13L11,teis-cascade_4_2,U,M,4,0.41,bad flow
7/23/19,11:54:52,16,22,1,42933,42952,1.968153166,3.50063,2.70560897,17.702,6.95202,23.4,54.94,3.3045,0.213177273,1024,teiB13L11,teis-cascade_4_2,U,M,4,0.437,NA
7/23/19,12:04:52,1,24,1,43499,43518,2.038942804,3.61198,2.842115632,17.4585,5.96392,23.41,55,3.504,0.814463636,1009,teiB13L11,teis-cascade_4_2,I,M,4,0.426,NA
7/23/19,12:09:52,2,25,1,43792,43811,1.722718716,3.13084,2.385451722,17.5755,6.95243,23.425,55.025,3.5275,-1.71E-14,1010,teiB13L11,teis-cascade_4_2,I,M,4,0.413,NA
7/23/19,12:19:52,3,27,1,44546,44565,2.452598961,4.139165,3.420278814,17.453,6.673275,23.45,55.031,3.369,0.84475,1011,teiB13L11,teis-cascade_4_2,I,M,4,0.497,NA
7/23/19,12:24:52,4,28,1,44735,44754,2.032790982,3.545635,2.834977291,17.4525,6.9695,23.457,55,3.4765,0.041322727,1012,teiB13L11,teis-cascade_4_2,I,M,4,0.499,NA
7/23/19,12:34:52,5,30,1,45393,45412,2.448218423,4.039105,3.340753579,17.837,6.49056,23.46,54.85,0.103,0.907986364,1013,teiB13L11,teis-cascade_4_2,U,F,4,0.623,NA
7/23/19,12:39:52,6,31,1,45713,45732,2.873937977,4.60422,3.915307355,17.866,7.0681,23.46,55.03,0.1005,0.297263636,1014,teiB13L11,teis-cascade_4_2,U,F,4,0.859,NA
7/23/19,12:49:52,7,33,2,46291,46310,2.184299369,3.70131,3.026067786,17.5665,6.40987,23.42,55.268,3.46,0.59205,1015,teiB13L11,teis-cascade_4_2,U,F,4,0.649,NA
7/23/19,12:54:52,8,34,2,46494,46513,2.081853365,3.55384,2.889471715,17.5335,6.853755,23.405,55.29,3.4925,0.3365,1016,teiB13L11,teis-cascade_4_2,U,F,4,0.731,NA
7/23/19,13:04:52,9,36,2,47155,47174,3.298894145,5.05281,4.407111401,18.214,6.18151,23.36,55.4345,3.5805,1.649427273,1017,teiB13L11,teis-cascade_4_2,I,F,4,0.475,NA
7/23/19,13:09:52,10,37,2,47452,47471,2.506861534,4.0643,3.433563033,17.764,6.946105,23.34,55.53,3.5915,1.663831818,1018,teiB13L11,teis-cascade_4_2,I,F,4,0.819,NA
7/23/19,13:19:52,11,39,2,48152,48171,2.31095018,3.768015,3.155353709,17.8155,6.588585,23.29,55.681,3.63,0.747904545,1019,teiB13L11,teis-cascade_4_2,I,F,4,0.652,NA
7/23/19,13:24:52,12,40,2,48301,48320,2.337270926,3.863385,3.257187847,17.4555,6.831785,23.29,55.68,3.5785,0.001604545,1020,teiB13L11,teis-cascade_4_2,I,F,4,0.61,NA
7/23/19,13:34:52,13,42,2,48899,48918,1.392582357,2.505555,1.908657125,17.747,5.487245,23.265,55.9,3.624,6.86E-14,1021,teiB13L11,teis-cascade_4_2,U,M,4,0.425,NA
7/23/19,13:39:52,14,43,2,49331,49350,1.951736772,3.257095,2.667590905,17.7955,6.93839,23.245,56.08,3.5935,6.86E-14,1022,teiB13L11,teis-cascade_4_2,U,M,4,0.428,NA
7/23/19,13:49:52,15,45,2,49810,49829,1.439840055,3.332945,2.743155439,12.766,5.224435,23.24,56.2855,3.634,1.37E-13,1023,teiB13L11,teis-cascade_4_2,U,M,4,0.41,bad flow
7/23/19,13:54:52,16,46,2,50126,50145,2.200081502,3.61018,3.018660515,17.7265,6.70049,23.24,56.38,3.54,1.196554545,1024,teiB13L11,teis-cascade_4_2,U,M,4,0.437,NA
7/24/19,10:37:05,7,9,1,38324,38343,2.158017358,3.916235,3.00183736,17.4685,7.254435,22.96,39.277,3.282,0.837036364,1031,teiB13L11,teis-cascade_4_2,I,M,5,NA,dead
7/24/19,10:42:05,8,10,1,38601,38620,2.21930463,3.93075,3.093324931,17.432,7.81768,22.94,38.992,3.2905,1.404909091,1032,teiB13L11,teis-cascade_4_2,I,M,5,NA,dead
7/24/19,10:52:05,9,12,1,39125,39144,2.278008659,3.85362,3.064038575,18.062,5.91966,22.91,38.823,3.4985,-1.34E-16,1033,teiB13L11,teis-cascade_4_2,U,F,5,0.696,NA
7/24/19,10:57:05,10,13,1,39543,39562,2.312416315,3.909385,3.190369487,17.61,7.7124,22.9205,38.5555,3.4635,-8.57E-15,1034,teiB13L11,teis-cascade_4_2,U,F,5,0.717,NA
7/24/19,11:07:05,11,15,1,40129,40148,2.127534183,3.608635,2.928187742,17.6605,6.929665,23.056,37.96,3.396,0,1035,teiB13L11,teis-cascade_4_2,U,F,5,0.809,NA
7/24/19,11:12:05,12,16,1,40460,40479,2.006881317,3.46437,2.826271078,17.2665,7.55462,23.1715,37.364,3.3,0.280186364,1036,teiB13L11,teis-cascade_4_2,U,F,5,0.743,NA
7/24/19,11:22:05,13,18,1,40925,40944,2.447529271,3.99886,3.378138275,17.6205,5.57783,23.2715,36.5045,3.3605,1.090236364,1037,teiB13L11,teis-cascade_4_2,U,M,5,NA,dead
7/24/19,11:27:05,14,19,1,41258,41277,1.803938985,3.07864,2.491252338,17.6205,7.268215,23.39,36.08,3.423,4.28E-15,1038,teiB13L11,teis-cascade_4_2,U,M,5,0.43,NA
7/24/19,11:37:05,15,21,1,41825,41844,2.759265255,5.607835,5.061642126,13.271,5.060105,23.529,35.4485,3.4375,0.940559091,1039,teiB13L11,teis-cascade_4_2,U,M,5,NA,"dead, bad flow"
7/24/19,11:42:05,16,22,1,42281,42300,2.632522199,4.083895,3.634644644,17.6355,7.24538,23.57,34.97,3.433,0.612540909,1040,teiB13L11,teis-cascade_4_2,U,M,5,NA,dead
7/24/19,11:52:05,1,24,1,42763,42782,2.821850649,4.38081,3.960209042,17.3465,6.37073,23.517,34.833,3.391,0.017068182,1025,teiB13L11,teis-cascade_4_2,I,F,5,0.876,NA
7/24/19,11:57:05,2,25,1,43185,43204,3.057819578,4.61027,4.254617712,17.4915,7.409935,23.441,34.8915,3.3395,0.593272727,1026,teiB13L11,teis-cascade_4_2,I,F,5,0.701,NA
7/24/19,12:07:05,3,27,1,43770,43789,1.908825004,2.995055,2.665789873,17.4215,6.921625,23.346,33.9985,3.343,0.751763636,1027,teiB13L11,teis-cascade_4_2,I,F,5,0.496,NA
7/24/19,12:12:05,4,28,1,44085,44104,2.522123852,3.83792,3.537257385,17.348,7.40473,23.3,33.625,0.096,0.049290909,1028,teiB13L11,teis-cascade_4_2,I,F,5,0.62,NA
7/24/19,12:22:05,5,30,1,44525,44544,1.274943609,2.04202,1.751360243,17.7075,5.83524,23.27,33.4215,0.079,6.86E-14,1029,teiB13L11,teis-cascade_4_2,I,M,5,0.432,NA
7/24/19,12:27:05,6,31,1,44909,44928,1.642481314,2.512785,2.249228357,17.762,7.24505,23.26,33.524,0.0835,-1.37E-13,1030,teiB13L11,teis-cascade_4_2,I,M,5,0.493,NA
7/24/19,12:37:05,7,33,2,45496,45515,2.563141591,3.834805,3.582042702,17.404,6.476765,23.24,33.77,0.086,0.024959091,1031,teiB13L11,teis-cascade_4_2,I,M,5,NA,dead
7/24/19,12:42:05,8,34,2,45725,45744,1.418339548,2.227285,1.97995893,17.423,7.095875,23.24,33.87,0.079,0,1032,teiB13L11,teis-cascade_4_2,I,M,5,NA,dead
7/24/19,12:52:05,9,36,2,46336,46355,1.97393103,2.9037,2.656887459,18.0695,5.701715,23.21,34.66,0.07,0.996954545,1033,teiB13L11,teis-cascade_4_2,U,F,5,0.696,NA
7/24/19,12:57:05,10,37,2,46628,46647,3.491859941,5.073125,4.819017179,17.62,7.087455,23.18,34.171,0.0885,3.479927273,1034,teiB13L11,teis-cascade_4_2,U,F,5,0.717,NA
7/24/19,13:07:05,11,39,2,47385,47404,2.088346701,3.099035,2.865017852,17.725,6.751785,23.18,32.8405,0.09,-1.71E-14,1035,teiB13L11,teis-cascade_4_2,U,F,5,0.809,NA
7/24/19,13:12:05,12,40,2,47685,47704,2.453580659,3.655905,3.447017886,17.3065,7.180985,23.14,33.04,0.0975,0,1036,teiB13L11,teis-cascade_4_2,U,F,5,0.743,NA
7/24/19,13:22:05,13,42,2,48251,48270,1.426699048,2.17214,1.968337043,17.6185,6.64874,23.064,31.773,0.108,0,1037,teiB13L11,teis-cascade_4_2,U,M,5,NA,dead
7/24/19,13:27:05,14,43,2,48554,48573,1.850324802,2.745475,2.546757666,17.659,7.177885,23.042,31.786,0.093,3.43E-14,1038,teiB13L11,teis-cascade_4_2,U,M,5,0.43,NA
7/24/19,13:37:05,15,45,2,49128,49147,1.492090549,2.939155,2.747340567,13.1985,6.0334,22.9995,31.27,0.107,-6.86E-14,1039,teiB13L11,teis-cascade_4_2,U,M,5,NA,"dead, bad flow"
7/24/19,13:42:05,16,46,2,49351,49370,1.423791091,2.15008,1.964234427,17.615,6.913945,22.99,31.16,0.119,1.37E-13,1040,teiB13L11,teis-cascade_4_2,U,M,5,NA,dead
7/24/19,13:52:05,1,48,2,49992,50011,4.012149554,5.80237,5.621900938,17.3405,6.401165,22.95,31.24,0.1,1.386536364,1025,teiB13L11,teis-cascade_4_2,I,F,5,0.876,NA
7/24/19,13:57:05,2,49,2,50226,50245,1.705243379,2.5509,2.372259546,17.4655,6.995215,22.94,31.28,0.1145,0.002545455,1026,teiB13L11,teis-cascade_4_2,I,F,5,0.701,NA
8/5/19,10:59:10,5,7,1,39571,39590,1.805508038,4.392905,2.513251335,17.4155,7.209985,22.27,46.6935,3.3155,0.455709091,1045,teiB13L11,teis-cascade_4_2,U,F,3,0.658,NA
8/5/19,11:04:10,6,8,1,39907,39926,1.928626681,4.45871,2.683199572,17.4305,7.805375,22.37,46.085,3.13,0.375968182,1046,teiB13L11,teis-cascade_4_2,U,F,3,0.509,NA
8/5/19,11:14:10,7,10,1,40468,40487,1.611152937,3.98083,2.278773218,17.1555,5.934575,22.5405,45.4055,3.3155,-2.68E-16,1047,teiB13L11,teis-cascade_4_2,U,F,3,0.629,NA
8/5/19,11:19:10,8,11,1,40808,40827,1.583457096,3.85865,2.245533205,17.116,6.851805,22.64,45.2115,3.3845,-5.36E-16,1048,teiB13L11,teis-cascade_4_2,U,F,3,0.575,NA
8/5/19,11:29:11,9,13,1,41417,41436,1.65101477,3.80892,2.264356378,17.708,5.540205,22.81,44.916,3.3415,0,1049,teiB13L11,teis-cascade_4_2,I,F,3,0.666,NA
8/5/19,11:34:10,10,14,1,41689,41708,1.945503003,4.223345,2.733300543,17.2905,6.16137,22.88,44.86,3.336,0.522640909,1050,teiB13L11,teis-cascade_4_2,I,F,3,0.517,NA
8/5/19,11:44:11,11,16,1,42278,42297,1.588468928,3.64463,2.218355347,17.4005,4.687845,22.977,44.9095,0.062,0,1051,teiB13L11,teis-cascade_4_2,I,F,3,0.64,NA
8/5/19,11:49:11,12,17,1,42622,42641,1.771651487,3.873985,2.529861107,17.0175,5.7433,22.98,44.062,0.059,2.14E-15,1052,teiB13L11,teis-cascade_4_2,I,F,3,0.751,NA
8/5/19,11:59:11,13,19,1,43216,43235,1.227889235,2.99917,1.7174957,17.3725,4.589355,22.97,44.23,0.0645,2.14E-15,1053,teiB13L11,teis-cascade_4_2,I,M,3,0.372,NA
8/5/19,12:04:11,14,20,1,43611,43630,1.517950423,3.326975,2.124840063,17.357,4.967695,22.94,44.1,0.0745,0.457781818,1054,teiB13L11,teis-cascade_4_2,I,M,3,NA,dead
8/5/19,12:14:11,15,22,1,44188,44207,1.307516954,3.561465,2.374669232,13.375,3.931935,22.87,44.989,0.0645,0,1055,teiB13L11,teis-cascade_4_2,I,M,3,0.365,bad flow
8/5/19,12:19:11,16,23,1,44354,44373,1.84032127,3.761955,2.583522267,17.303,4.342495,22.86,45.577,0.0735,0.217818182,1056,teiB13L11,teis-cascade_4_2,I,M,3,NA,dead
8/5/19,12:29:11,1,25,1,45091,45110,1.187613209,2.820205,1.691562434,17.05,4.224575,22.79,45.15,0.0815,4.28E-15,1041,teiB13L11,teis-cascade_4_2,U,M,3,0.497,NA
8/5/19,12:34:11,2,26,1,45259,45278,1.731756594,3.55203,2.449196438,17.171,4.37779,22.78,44.961,0.071,0.696804545,1042,teiB13L11,teis-cascade_4_2,U,M,3,0.345,NA
8/5/19,12:44:11,3,28,1,45861,45880,1.174178864,2.7356,1.667725283,17.0935,3.43562,22.71,44.834,0.0665,-8.57E-15,1043,teiB13L11,teis-cascade_4_2,U,M,3,0.404,NA
8/5/19,12:49:11,4,29,1,46275,46294,1.51824179,3.202425,2.164668126,17.0255,4.40837,22.6685,44.7,0.0785,0.137090909,1044,teiB13L11,teis-cascade_4_2,U,M,3,0.403,NA
8/5/19,12:59:11,5,31,2,46766,46785,2.335635026,4.294995,3.259674712,17.3955,3.432865,22.7,44.21,0.0685,0,1045,teiB13L11,teis-cascade_4_2,U,F,3,0.658,NA
8/5/19,13:04:11,6,32,2,47113,47132,2.290684522,4.23851,3.201092181,17.377,4.244575,22.7775,44.342,0.083,1.618122727,1046,teiB13L11,teis-cascade_4_2,U,F,3,0.509,NA
8/5/19,13:14:11,7,34,2,47778,47797,1.76751389,3.554295,2.515167727,17.075,3.784475,22.945,43.315,0.084,0.037863636,1047,teiB13L11,teis-cascade_4_2,U,F,3,0.629,NA
8/5/19,13:19:11,8,35,2,48049,48068,1.368067209,2.98663,1.946383182,17.0815,4.07509,23,42.09,0.093,8.57E-15,1048,teiB13L11,teis-cascade_4_2,U,F,3,0.575,NA
8/5/19,13:29:11,9,37,2,48678,48697,1.795511458,3.487775,2.461700844,17.7295,3.66453,23.07,41.139,0.1035,1.446895455,1049,teiB13L11,teis-cascade_4_2,I,F,3,0.666,NA
8/5/19,13:34:10,10,38,2,49011,49030,1.321573488,2.864105,1.856813914,17.3015,4.115865,23.08,41.619,0.0925,-1.37E-13,1050,teiB13L11,teis-cascade_4_2,I,F,3,0.517,NA
8/5/19,13:44:10,11,40,2,49525,49544,1.610040153,3.23687,2.246743273,17.4185,3.475355,23.06,40.962,0.0885,1.461618182,1051,teiB13L11,teis-cascade_4_2,I,F,3,0.64,NA
8/5/19,13:49:11,12,41,2,49875,49894,1.703613239,3.398215,2.436547817,16.994,4.1657,23.038,40.6265,0.096,6.36E-05,1052,teiB13L11,teis-cascade_4_2,I,F,3,0.751,NA
8/5/19,13:59:10,13,43,2,50511,50530,1.112109037,2.49874,1.558083753,17.3455,3.87428,22.9895,39.52,0.114,-3.43E-14,1053,teiB13L11,teis-cascade_4_2,I,M,3,0.372,NA
8/5/19,14:04:11,14,44,2,50769,50788,1.900382275,3.58546,2.660178239,17.359,4.191815,22.96,38.9,0.105,3.43E-14,1054,teiB13L11,teis-cascade_4_2,I,M,3,NA,dead
8/6/19,11:00:06,7,10,1,39683,39702,1.435813836,3.573315,2.03582057,17.1275,4.19958,22.79,36.79,3.2405,0,1063,teiB13L11,teis-cascade_4_2,I,F,4,0.483,NA
8/6/19,11:05:06,8,11,1,39945,39964,1.361229706,3.389405,1.931828572,17.112,4.517955,22.79,36.761,3.3545,0,1064,teiB13L11,teis-cascade_4_2,I,F,4,0.531,NA
8/6/19,11:15:06,9,13,1,40507,40526,1.808154715,3.876725,2.486198021,17.668,2.993395,22.894,36.869,3.249,4.02E-16,1065,teiB13L11,teis-cascade_4_2,U,F,4,0.702,NA
8/6/19,11:20:06,10,14,1,40854,40873,1.691260364,3.69985,2.381762163,17.2555,4.09377,22.98,36.88,3.478,0.215931818,1066,teiB13L11,teis-cascade_4_2,U,F,4,0.411,NA
8/6/19,11:30:06,11,16,1,41564,41583,1.340135538,3.136345,1.879454276,17.339,3.68244,23.18,36.5425,3.3055,0,1067,teiB13L11,teis-cascade_4_2,U,F,4,0.567,NA
8/6/19,11:35:06,12,17,1,41821,41840,1.874071818,3.91361,2.68875084,16.9505,3.978385,23.207,36.145,3.145,4.28E-15,1068,teiB13L11,teis-cascade_4_2,U,F,4,0.475,NA
8/6/19,11:45:06,13,19,1,42337,42356,1.465628887,3.241565,2.056216662,17.3375,2.898745,23.2695,35.534,3.332,-3.43E-14,1069,teiB13L11,teis-cascade_4_2,U,M,4,NA,dead
8/6/19,11:50:06,14,20,1,42651,42670,2.039241867,3.98475,2.863410974,17.3235,3.837775,23.279,35.295,3.1875,0,1070,teiB13L11,teis-cascade_4_2,U,M,4,0.442,NA
8/6/19,12:00:06,15,22,1,43206,43225,1.711517818,4.418345,3.341830395,12.4575,2.609415,23.2675,34.644,3.469,0.157740909,1071,teiB13L11,teis-cascade_4_2,U,M,4,0.281,bad flow
8/6/19,12:05:06,16,23,1,43592,43611,1.671008773,3.37368,2.355124807,17.2575,3.90519,23.257,34.8,3.4245,0.426127273,1072,teiB13L11,teis-cascade_4_2,U,M,4,NA,dead
8/6/19,12:15:06,1,25,1,44242,44261,1.720359086,3.452265,2.457251509,17.028,3.770885,23.24,35.56,3.378,0.5674,1057,teiB13L11,teis-cascade_4_2,I,M,4,0.365,NA
8/6/19,12:20:06,2,26,1,44521,44540,2.049176641,3.890255,2.906804876,17.1455,4.027805,23.2315,35.8035,3.3375,0.391627273,1058,teiB13L11,teis-cascade_4_2,I,M,4,0.385,NA
8/6/19,12:30:06,3,28,1,45083,45102,1.216997906,2.69316,1.733272494,17.075,3.501195,23.2005,35.86,3.485,0.244331818,1059,teiB13L11,teis-cascade_4_2,I,M,4,NA,dead
8/6/19,12:35:06,4,29,1,45451,45470,1.361410059,2.867225,1.94530266,17.0165,4.0027,23.18,36.0165,3.364,1.189781818,1060,teiB13L11,teis-cascade_4_2,I,M,4,NA,dead
8/6/19,12:45:05,5,31,1,46052,46071,1.300875577,2.71095,1.819079488,17.3895,3.72173,23.18,35.63,3.389,6.86E-14,1061,teiB13L11,teis-cascade_4_2,I,F,4,0.455,NA
8/6/19,12:50:06,6,32,1,46366,46385,2.882878031,4.8845,4.02388669,17.421,4.03105,23.1715,35.9475,3.348,2.381181818,1062,teiB13L11,teis-cascade_4_2,I,F,4,0.596,NA
8/6/19,13:00:06,7,34,2,46965,46984,1.401564603,2.8643,1.999874195,17.0445,3.684845,23.226,36.747,3.25,3.43E-14,1063,teiB13L11,teis-cascade_4_2,I,F,4,0.483,NA
8/6/19,13:05:06,8,35,2,47115,47134,1.212312831,2.59613,1.729230275,17.0525,3.81706,23.2585,36.777,3.446,0.225077273,1064,teiB13L11,teis-cascade_4_2,I,F,4,0.531,NA
8/6/19,13:15:06,9,37,2,47799,47818,1.668702555,3.16689,2.300745941,17.6505,3.2385,23.41,36.54,3.511,0.196940909,1065,teiB13L11,teis-cascade_4_2,U,F,4,0.702,NA
8/6/19,13:20:06,10,38,2,48155,48174,1.261675976,2.64007,1.77937036,17.2595,3.745105,23.47,36.026,3.2495,1.37E-13,1066,teiB13L11,teis-cascade_4_2,U,F,4,0.411,NA
8/6/19,13:30:06,11,40,2,48606,48625,1.162981794,2.48031,1.628613108,17.384,2.585735,23.5135,33.979,3.4205,4.28E-15,1067,teiB13L11,teis-cascade_4_2,U,F,4,0.567,NA
8/6/19,13:35:06,12,41,2,49066,49085,2.022412724,3.71889,2.898058346,16.9895,3.832965,23.5205,32.9765,3.5095,0.240513636,1068,teiB13L11,teis-cascade_4_2,U,F,4,0.475,NA
8/6/19,13:45:06,13,43,2,49641,49660,1.096214518,2.35968,1.541320875,17.314,3.485515,23.51,32.52,3.307,0,1069,teiB13L11,teis-cascade_4_2,U,M,4,NA,dead
8/6/19,13:50:05,14,44,2,49923,49942,2.059724196,3.71527,2.898867384,17.299,3.875005,23.5,31.8805,3.424,3.43E-14,1070,teiB13L11,teis-cascade_4_2,U,M,4,0.442,NA
8/6/19,14:00:05,15,46,2,50565,50584,0.992117072,2.7369,1.939109946,12.4535,3.30184,23.47,31.4095,3.508,0,1071,teiB13L11,teis-cascade_4_2,U,M,4,0.281,bad flow
8/6/19,14:05:05,16,47,2,50719,50738,1.406265872,2.76649,1.978407169,17.3015,3.76298,23.47,31.404,3.451,1.37E-13,1072,teiB13L11,teis-cascade_4_2,U,M,4,NA,dead
8/7/19,11:40:18,7,9,1,42130,42149,1.49659102,4.043565,2.122620496,17.122,4.568575,22.7825,39.939,3.378,-1.34E-16,1079,teiB13L11,teis-cascade_4_2,U,M,5,0.398,NA
8/7/19,11:45:18,8,10,1,42333,42352,1.76189415,4.347295,2.502943832,17.0935,4.658485,22.77,39.933,3.6095,0.589486364,1080,teiB13L11,teis-cascade_4_2,U,M,5,0.384,NA
8/7/19,11:55:18,9,12,1,42948,42967,1.914939072,4.37769,2.625955896,17.704,3.30208,22.7,40.37,3.546,-1.34E-16,1081,teiB13L11,teis-cascade_4_2,U,F,5,0.735,NA
8/7/19,12:00:18,10,13,1,43286,43305,2.155789617,4.71405,3.035050788,17.2425,4.229615,22.67,40.273,3.635,8.57E-15,1082,teiB13L11,teis-cascade_4_2,U,F,5,0.476,NA
8/7/19,12:10:18,11,15,1,43818,43837,1.526135654,3.76448,2.134790491,17.351,2.91848,22.63,41.251,3.4425,-2.68E-16,1083,teiB13L11,teis-cascade_4_2,U,F,5,0.493,NA
8/7/19,12:15:18,12,16,1,44278,44297,2.06297437,4.4786,2.946479213,16.9925,4.17337,22.61,41.2975,3.5645,0.309254545,1084,teiB13L11,teis-cascade_4_2,U,F,5,0.508,NA
8/7/19,12:25:18,13,18,1,44821,44840,1.997048015,4.293695,2.796598983,17.3285,3.56973,22.56,41.738,3.634,0,1085,teiB13L11,teis-cascade_4_2,I,F,5,0.576,NA
8/7/19,12:30:18,14,19,1,45077,45096,1.704190655,3.84866,2.387910217,17.317,4.02219,22.5435,41.77,3.6005,2.68E-16,1086,teiB13L11,teis-cascade_4_2,I,F,5,0.623,NA
8/7/19,12:40:18,15,21,1,45734,45753,1.709615679,4.700135,3.290042204,12.607,3.26467,22.5,41.6235,3.5865,-2.14E-15,1087,teiB13L11,teis-cascade_4_2,I,F,5,0.612,bad flow
8/7/19,12:45:18,16,22,1,46031,46050,1.277847754,3.16332,1.795531225,17.265,3.949745,22.48,42.0405,3.4125,0.232859091,1088,teiB13L11,teis-cascade_4_2,I,F,5,0.641,NA
8/7/19,12:55:18,1,24,1,46657,46676,2.234146036,4.5323,3.198856035,16.95,3.737415,22.597,42.362,3.5235,0.388636364,1073,teiB13L11,teis-cascade_4_2,I,M,5,NA,dead
8/7/19,13:00:18,2,25,1,46929,46948,1.723233641,3.75694,2.450135903,17.0725,3.8748,22.66,42.467,3.528,0.492736364,1074,teiB13L11,teis-cascade_4_2,I,M,5,0.422,NA
8/7/19,13:10:18,3,27,1,47518,47537,1.499671151,3.44602,2.148644382,16.9535,3.34811,22.85,41.7715,3.426,0.026640909,1075,teiB13L11,teis-cascade_4_2,I,M,5,0.467,NA
8/7/19,13:15:18,4,28,1,47842,47861,1.825873167,3.906905,2.614751426,16.966,3.688,22.93,41.1045,3.526,0.013227273,1076,teiB13L11,teis-cascade_4_2,I,M,5,0.398,NA
8/7/19,13:25:18,5,30,1,48455,48474,1.835764139,3.839015,2.570822319,17.353,3.446955,22.99,41.09,3.462,0.255904545,1077,teiB13L11,teis-cascade_4_2,U,M,5,NA,dead
8/7/19,13:30:18,6,31,1,48721,48740,2.399591037,4.599495,3.35448629,17.3845,3.759135,23,41.2205,3.648,0.8218,1078,teiB13L11,teis-cascade_4_2,U,M,5,NA,dead
8/7/19,13:40:18,7,33,2,49342,49361,1.725491579,3.6896,2.459756267,17.048,3.497725,23.0035,40.855,3.603,0.73515,1079,teiB13L11,teis-cascade_4_2,U,M,5,0.398,NA
8/7/19,13:45:18,8,34,2,49678,49697,1.818356548,3.80601,2.588584328,17.071,3.87577,23,40.516,3.537,0.894318182,1080,teiB13L11,teis-cascade_4_2,U,M,5,0.384,NA
8/7/19,13:55:18,9,36,2,50168,50187,1.459373895,3.212975,2.007515873,17.666,3.07255,22.99,39.8675,3.689,-1.07E-15,1081,teiB13L11,teis-cascade_4_2,U,F,5,0.735,NA
8/7/19,14:00:18,10,37,2,50497,50516,2.458071432,4.6477,3.463530453,17.246,3.83311,22.98,39.549,3.6105,1.37E-13,1082,teiB13L11,teis-cascade_4_2,U,F,5,0.476,NA
8/7/19,14:10:18,11,39,2,51088,51107,2.015852512,3.98512,2.826178383,17.3325,3.195565,22.97,38.0895,3.7725,0.542836364,1083,teiB13L11,teis-cascade_4_2,U,F,5,0.493,NA
8/7/19,14:15:18,12,40,2,51401,51420,2.137159829,4.192455,3.06390604,16.952,3.837305,23.0075,37.5765,3.5695,0,1084,teiB13L11,teis-cascade_4_2,U,F,5,0.508,NA
8/7/19,14:25:18,13,42,2,51953,51972,1.82741993,3.712725,2.580188936,17.2225,4.45634,23.18,37.8885,3.7455,-6.86E-14,1085,teiB13L11,teis-cascade_4_2,I,F,5,0.576,NA
8/7/19,14:30:18,14,43,2,52218,52237,1.68133261,3.524375,2.371885237,17.2425,5.4914,23.2665,36.956,3.618,2.14E-15,1086,teiB13L11,teis-cascade_4_2,I,F,5,0.623,NA
8/7/19,14:40:18,15,45,2,52978,52997,1.654216858,4.37086,3.216447969,12.5205,3.91381,23.52,35.736,3.5015,-8.57E-15,1087,teiB13L11,teis-cascade_4_2,I,F,5,0.612,bad flow
8/7/19,14:45:18,16,46,2,53137,53156,1.791188234,3.68418,2.535721858,17.1995,4.1961,23.57,35.548,3.762,0.297386364,1088,teiB13L11,teis-cascade_4_2,I,F,5,0.641,NA
8/8/19,11:49:48,7,9,1,42588,42607,1.802207303,4.174725,2.404040331,18.191,10.384615,22.551,45.64,0.0695,-1.34E-16,1095,teiB13L11,teis-cascade_4_2,I,M,3,0.542,NA
8/8/19,11:54:48,8,10,1,42970,42989,1.664874591,3.87053,2.221142966,18.185,10.978665,22.5,45.34,0.065,0,1096,teiB13L11,teis-cascade_4_2,I,M,3,0.494,NA
8/8/19,12:04:48,9,12,1,43557,43576,1.467589439,3.465045,1.884276292,18.891,10.62138,22.42,45.27,0.0675,-1.34E-16,1097,teiB13L11,teis-cascade_4_2,U,M,3,0.553,NA
8/8/19,12:09:48,10,13,1,43788,43807,1.346420671,3.308295,1.775046171,18.3965,10.887445,22.4,45.284,0.073,2.68E-16,1098,teiB13L11,teis-cascade_4_2,U,M,3,0.498,NA
8/8/19,12:19:48,11,15,1,44454,44473,1.554531014,3.497965,2.033001726,18.5425,10.627675,22.36,44.744,0.079,-2.14E-15,1099,teiB13L11,teis-cascade_4_2,U,M,3,0.457,NA
8/8/19,12:24:49,12,16,1,44740,44759,2.254627654,4.436585,3.020508084,18.0995,10.96882,22.34,44.79,0.066,2.68E-16,1100,teiB13L11,teis-cascade_4_2,U,M,3,0.569,NA
8/8/19,12:34:48,13,18,1,45316,45335,2.50515699,4.676335,3.296139175,18.431,10.60379,22.37,44.291,0.0855,2.68E-16,1101,teiB13L11,teis-cascade_4_2,U,F,3,0.964,NA
8/8/19,12:39:48,14,19,1,45622,45641,1.776891166,3.6908,2.341294829,18.408,11.132825,22.43,43.803,0.136,-1.34E-16,1102,teiB13L11,teis-cascade_4_2,U,F,3,0.817,NA
8/8/19,12:49:48,15,21,1,46343,46362,2.106375481,4.988595,3.673709091,13.9175,11.08294,22.65,42.1945,0.0755,5.36E-16,1103,teiB13L11,teis-cascade_4_2,U,F,3,0.855,bad flow
8/8/19,12:54:48,16,22,1,46546,46565,2.345770708,4.40932,3.109439052,18.315,11.23377,22.7,41.75,0.078,1.07E-15,1104,teiB13L11,teis-cascade_4_2,U,F,3,0.884,NA
8/8/19,13:04:48,1,24,1,47168,47187,2.189214889,4.203265,2.940380734,18.0815,10.99795,22.7985,40.966,0.0615,-2.68E-16,1089,teiB13L11,teis-cascade_4_2,I,F,3,0.975,NA
8/8/19,13:09:48,2,25,1,47514,47533,1.216157011,2.83705,1.621883931,18.212,11.30226,22.82,42.4625,0.086,0.003145455,1090,teiB13L11,teis-cascade_4_2,I,F,3,0.7,NA
8/8/19,13:19:49,3,27,1,48149,48168,1.637711536,3.37144,2.195831814,18.114,11.128485,22.82,42.048,0.058,0.088054545,1091,teiB13L11,teis-cascade_4_2,I,F,3,0.618,NA
8/8/19,13:24:48,4,28,1,48418,48437,1.289489648,2.87413,1.729691393,18.1065,11.318585,22.82,41.441,0.067,1.71E-14,1092,teiB13L11,teis-cascade_4_2,I,F,3,0.677,NA
8/8/19,13:34:49,5,30,1,48920,48939,1.600593742,3.226225,2.099123257,18.5185,10.827885,22.81,40.01,0.0675,0.166859091,1093,teiB13L11,teis-cascade_4_2,I,M,3,0.536,NA
8/8/19,13:39:49,6,31,1,49296,49315,1.560935345,3.14688,2.049710364,18.495,11.320145,22.8075,40.216,0.0565,0.08705,1094,teiB13L11,teis-cascade_4_2,I,M,3,0.496,NA
8/8/19,13:49:49,7,33,2,49869,49888,1.76752519,3.442845,2.361490591,18.1755,10.9871,22.77,37.91,0.0565,2.461768182,1095,teiB13L11,teis-cascade_4_2,I,M,3,0.542,NA
8/8/19,13:54:49,8,34,2,50171,50190,2.609261433,4.55584,3.490111477,18.152,11.30044,22.73,37.312,0.079,1.220013636,1096,teiB13L11,teis-cascade_4_2,I,M,3,0.494,NA
8/8/19,14:04:49,9,36,2,50737,50756,1.215222046,2.620205,1.567605384,18.8195,10.82823,22.69,36.38,0.083,-8.57E-15,1097,teiB13L11,teis-cascade_4_2,U,M,3,0.553,NA
8/8/19,14:09:49,10,37,2,51136,51155,1.445762016,2.945845,1.912580676,18.35,11.31728,22.67,36.295,0.0885,0.045009091,1098,teiB13L11,teis-cascade_4_2,U,M,3,0.498,NA
8/8/19,14:19:49,11,39,2,51641,51660,1.943392194,3.58312,2.554774384,18.468,10.953,22.71,36.402,0.1125,0.991413636,1099,teiB13L11,teis-cascade_4_2,U,M,3,0.457,NA
8/8/19,14:24:49,12,40,2,52049,52068,2.251179108,4.0451,3.025360311,18.0705,11.45318,22.7915,36.821,0.1395,-2.68E-16,1100,teiB13L11,teis-cascade_4_2,U,M,3,0.569,NA
8/8/19,14:34:49,13,42,2,52531,52550,2.165257968,3.88128,2.859779384,18.3935,10.96468,22.8925,36.15,0.1155,-2.14E-15,1101,teiB13L11,teis-cascade_4_2,U,F,3,0.964,NA
8/8/19,14:39:49,14,43,2,52891,52910,2.538041649,4.385515,3.359897349,18.357,11.532515,22.99,35.9815,0.134,0,1102,teiB13L11,teis-cascade_4_2,U,F,3,0.817,NA
8/8/19,14:49:49,15,45,2,53549,53568,1.962272646,4.454455,3.425661728,13.929,11.381065,23.18,35.56,0.1215,6.43E-15,1103,teiB13L11,teis-cascade_4_2,U,F,3,0.855,bad flow
8/8/19,14:54:49,16,46,2,53689,53708,1.915235933,3.57274,2.542784328,18.3195,11.48275,23.2465,35.5975,0.114,0,1104,teiB13L11,teis-cascade_4_2,U,F,3,0.884,NA
8/9/19,10:53:33,7,9,1,39213,39232,2.484804443,4.897175,3.319344868,18.162,10.699365,22.51,57.22,0.1235,-1.34E-16,1111,teiB13L11,teis-cascade_4_2,U,F,3,0.823,NA
8/9/19,10:58:33,8,10,1,39603,39622,2.227437211,4.451065,2.976373529,18.1545,11.142485,22.47,57.2265,0.142,1.07E-15,1112,teiB13L11,teis-cascade_4_2,U,F,3,0.774,NA
8/9/19,11:08:33,9,12,1,40179,40198,2.593068985,4.74169,3.335850805,18.854,10.797495,22.423,57.4425,0.1475,-5.36E-16,1113,teiB13L11,teis-cascade_4_2,I,F,3,0.869,NA
8/9/19,11:13:33,10,13,1,40518,40537,1.691971742,3.558265,2.235360043,18.3575,11.074795,22.4,57.569,0.144,-4.28E-15,1114,teiB13L11,teis-cascade_4_2,I,F,3,0.78,NA
8/9/19,11:23:33,11,15,1,41170,41189,2.334179768,4.32648,3.065209717,18.4675,11.07301,22.38,58.55,0.141,2.14E-15,1115,teiB13L11,teis-cascade_4_2,I,F,3,0.815,NA
8/9/19,11:28:33,12,16,1,41332,41351,2.13860015,4.10534,2.869998284,18.072,11.052775,22.38,59.5685,0.1845,0,1116,teiB13L11,teis-cascade_4_2,I,F,3,0.903,NA
8/9/19,11:38:33,13,18,1,42029,42048,1.797837624,3.54893,2.374646349,18.3645,10.932805,22.444,63.0865,0.1585,4.28E-15,1117,teiB13L11,teis-cascade_4_2,U,M,3,0.547,NA
8/9/19,11:43:33,14,19,1,42224,42243,1.490686462,3.11254,1.967621606,18.3785,11.06915,22.47,63.6115,0.1735,-4.28E-15,1118,teiB13L11,teis-cascade_4_2,U,M,3,0.557,NA
8/9/19,11:53:33,15,21,1,42893,42912,1.793721844,4.473645,3.373335439,12.904,10.889805,22.583,65.526,0.2085,8.57E-15,1119,teiB13L11,teis-cascade_4_2,U,M,3,0.484,bad flow
8/9/19,11:58:33,16,22,1,43116,43135,1.529425849,3.106905,2.028672067,18.298,11.10127,22.62,65.833,0.187,0,1120,teiB13L11,teis-cascade_4_2,U,M,3,0.516,NA
8/9/19,12:08:33,1,24,1,43742,43761,1.705930623,3.34685,2.29608319,18.038,10.828065,22.706,66.459,0.2175,1.07E-15,1105,teiB13L11,teis-cascade_4_2,I,M,3,0.614,NA
8/9/19,12:13:33,2,25,1,44115,44134,1.717884494,3.314195,2.289274387,18.221,11.207295,22.75,66.46,0.178,0.080413636,1106,teiB13L11,teis-cascade_4_2,I,M,3,0.635,NA
8/9/19,12:23:33,3,27,1,44757,44776,1.804184785,3.431895,2.420737347,18.099,11.041325,22.78,66.22,0.192,-4.28E-15,1107,teiB13L11,teis-cascade_4_2,I,M,3,0.611,NA
8/9/19,12:28:33,4,28,1,45073,45092,1.367228005,2.83686,1.8361999,18.0825,11.21401,22.79,66.14,0.194,1.234081818,1108,teiB13L11,teis-cascade_4_2,I,M,3,0.559,NA
8/9/19,12:38:33,5,30,1,45643,45662,1.81201583,3.367075,2.385138421,18.451,11.010905,22.814,66.3355,0.181,-1.07E-15,1109,teiB13L11,teis-cascade_4_2,U,F,3,0.769,NA
8/9/19,12:43:33,6,31,1,45861,45880,1.67635639,3.16714,2.200667501,18.501,11.1644,22.8255,66.5595,0.2215,-4.28E-15,1110,teiB13L11,teis-cascade_4_2,U,F,3,0.964,NA
8/9/19,12:53:33,7,33,2,46478,46497,1.748689897,3.287625,2.341003694,18.144,10.894675,22.85,66.852,0.2185,0,1111,teiB13L11,teis-cascade_4_2,U,F,3,0.823,NA
8/9/19,12:58:33,8,34,2,46815,46834,1.53983759,2.990055,2.062895577,18.1315,11.234765,22.86,66.67,0.2035,4.28E-15,1112,teiB13L11,teis-cascade_4_2,U,F,3,0.774,NA
8/9/19,13:08:33,9,36,2,47400,47419,3.027868106,4.82922,3.909937237,18.8135,10.99578,22.9,66.5,0.27,0.000140909,1113,teiB13L11,teis-cascade_4_2,I,F,3,0.869,NA
8/9/19,13:13:33,10,37,2,47723,47742,1.686434888,3.150695,2.237347842,18.3125,11.271725,22.911,66.5145,0.285,1.760036364,1114,teiB13L11,teis-cascade_4_2,I,F,3,0.78,NA
8/9/19,13:23:33,11,39,2,48266,48285,3.111212386,5.01705,4.107565434,18.4035,10.9383,22.94,66.1785,0.2755,1.085195455,1115,teiB13L11,teis-cascade_4_2,I,F,3,0.815,NA
8/9/19,13:28:33,12,40,2,48555,48574,2.47456185,4.237765,3.33266562,18.043,11.29398,22.97,65.889,0.29,0.03445,1116,teiB13L11,teis-cascade_4_2,I,F,3,0.903,NA
8/9/19,13:38:33,13,42,2,49113,49132,2.072097777,3.635535,2.739254841,18.381,10.743155,22.99,61.016,0.2165,0.66355,1117,teiB13L11,teis-cascade_4_2,U,M,3,0.547,NA
8/9/19,13:43:33,14,43,2,49442,49461,1.867186846,3.34839,2.469600397,18.3735,11.212275,22.99,59.07,0.2565,2.27E-05,1118,teiB13L11,teis-cascade_4_2,U,M,3,0.557,NA
8/9/19,13:53:33,15,45,2,50134,50153,1.917564974,4.472065,3.616297908,12.8845,11.048585,22.9575,57.01,0.231,0.125659091,1119,teiB13L11,teis-cascade_4_2,U,M,3,0.484,bad flow
8/9/19,13:58:33,16,46,2,50359,50378,1.79287004,3.218175,2.376377794,18.3305,11.207925,22.94,56.655,0.221,0.304054545,1120,teiB13L11,teis-cascade_4_2,U,M,3,0.516,NA
8/12/19,11:39:35,5,7,1,41975,41994,1.422939126,6.384535,3.708896824,9.2995,9.635045,22.17,52.37,3.3865,-2.14E-15,1125,teiB13L11,teis-cascade_4_2,U,F,3,0.722,NA
8/12/19,11:44:35,6,8,1,42275,42294,2.621538677,9.434875,6.872521296,9.2445,10.71551,22.1825,52.614,3.431,0.381759091,1126,teiB13L11,teis-cascade_4_2,U,F,3,0.914,NA
8/12/19,11:54:35,7,10,1,42875,42894,1.481162927,6.384295,3.926728645,9.142,9.69171,22.2,52.783,3.556,-8.57E-15,1127,teiB13L11,teis-cascade_4_2,U,F,3,0.805,NA
8/12/19,11:59:35,8,11,1,43175,43194,2.768632234,9.69051,7.327418444,9.158,10.640845,22.215,52.925,3.358,-1.07E-15,1128,teiB13L11,teis-cascade_4_2,U,F,3,1.054,NA
8/12/19,12:09:35,9,13,1,43775,43794,1.384107487,5.870605,3.587845507,9.349,9.664425,22.24,52.713,0.214,-4.28E-15,1129,teiB13L11,teis-cascade_4_2,U,M,3,0.562,NA
8/12/19,12:14:35,10,14,1,44108,44127,1.947679361,7.337855,5.124405283,9.213,10.64604,22.24,52.472,0.247,-4.28E-15,1130,teiB13L11,teis-cascade_4_2,U,M,3,0.531,NA
8/12/19,12:24:34,11,16,1,44674,44693,1.224867787,5.37966,3.222474823,9.2165,9.63187,22.26,52.65,0.3385,0.200354545,1131,teiB13L11,teis-cascade_4_2,U,M,3,0.541,NA
8/12/19,12:29:35,12,17,1,45131,45150,1.850472895,6.99489,4.935999619,9.089,10.8388,22.295,52.735,0.2175,1.07E-15,1132,teiB13L11,teis-cascade_4_2,U,M,3,0.64,NA
8/12/19,12:39:35,13,19,1,45575,45594,1.150602177,5.0735,3.02990444,9.209,9.66456,22.331,51.9815,0.244,0.233372727,1133,teiB13L11,teis-cascade_4_2,I,M,3,0.47,NA
8/12/19,12:44:35,14,20,1,46035,46054,1.732167896,6.58789,4.588309321,9.1555,10.87668,22.3865,52.13,0.19,5.36E-16,1134,teiB13L11,teis-cascade_4_2,I,M,3,0.505,NA
8/12/19,12:54:35,15,22,1,46475,46494,0.709048246,4.26545,2.282012353,7.538,9.717295,22.43,51.0755,0.201,0.252368182,1135,teiB13L11,teis-cascade_4_2,I,M,3,0.468,bad flow
8/12/19,12:59:35,16,23,1,46775,46794,2.388097502,8.263655,6.315508542,9.173,10.70026,22.47,50.202,0.1895,0.307240909,1136,teiB13L11,teis-cascade_4_2,I,M,3,0.426,NA
8/12/19,13:09:35,1,25,1,47375,47394,1.45354073,5.79187,3.876424488,9.0995,9.841895,22.52,48.695,3.3875,1.71E-14,1121,teiB13L11,teis-cascade_4_2,I,F,3,0.939,NA
8/12/19,13:14:34,2,26,1,47798,47817,2.0843501,7.44774,5.573978522,9.0735,10.93942,22.54,48.1285,3.337,0.021777273,1122,teiB13L11,teis-cascade_4_2,I,F,3,0.698,NA
8/12/19,13:24:35,3,28,1,48275,48294,1.486751837,5.813885,3.951154314,9.128,9.786915,22.54,48.1615,3.364,0.014,1123,teiB13L11,teis-cascade_4_2,I,F,3,NA,dead
8/12/19,13:29:34,4,29,1,48605,48624,1.696671749,6.387975,4.541676797,9.0645,10.756885,22.54,46.913,3.4225,0.05905,1124,teiB13L11,teis-cascade_4_2,I,F,3,0.778,NA
8/12/19,13:39:34,5,31,2,49174,49193,1.187140488,4.94664,3.113176741,9.255,9.800825,22.545,46.3285,3.291,0.146590909,1125,teiB13L11,teis-cascade_4_2,U,F,3,0.722,NA
8/12/19,13:44:34,6,32,2,49474,49493,2.191621553,7.58105,5.76122802,9.231,10.69091,22.5565,46.4315,3.4265,0,1126,teiB13L11,teis-cascade_4_2,U,F,3,0.914,NA
8/12/19,13:54:34,7,34,2,50074,50093,1.288203157,5.22031,3.41760646,9.146,9.78913,22.58,46.017,3.1785,0.622027273,1127,teiB13L11,teis-cascade_4_2,U,F,3,0.805,NA
8/12/19,13:59:35,8,35,2,50375,50394,2.48384684,8.405125,6.624190258,9.1005,10.69717,22.61,45.9,3.393,4.28E-15,1128,teiB13L11,teis-cascade_4_2,U,F,3,1.054,NA
8/12/19,14:09:34,9,37,2,50974,50993,1.653585488,6.08018,4.313155121,9.307,9.808965,22.63,45.6125,3.3255,0.429545455,1129,teiB13L11,teis-cascade_4_2,U,M,3,0.562,NA
8/12/19,14:14:35,10,38,2,51275,51294,2.458163023,8.249775,6.486756502,9.1985,10.696945,22.65,45.7975,3.4525,1.224236364,1130,teiB13L11,teis-cascade_4_2,U,M,3,0.531,NA
8/12/19,14:24:34,11,40,2,51874,51893,1.313928027,5.213,3.460299048,9.2155,9.77408,22.7,47.367,3.3985,1.560618182,1131,teiB13L11,teis-cascade_4_2,U,M,3,0.541,NA
8/12/19,14:29:34,12,41,2,52202,52221,1.992695635,7.096765,5.364515977,9.019,10.770175,22.73,47.804,3.276,3.43E-14,1132,teiB13L11,teis-cascade_4_2,U,M,3,0.64,NA
8/12/19,14:39:34,13,43,2,52774,52793,1.358937391,5.32503,3.603855402,9.1575,9.728745,22.8,47.884,3.5105,0.852259091,1133,teiB13L11,teis-cascade_4_2,I,M,3,0.47,NA
8/12/19,14:44:34,14,44,2,53164,53183,1.773193054,6.4373,4.72290572,9.12,10.91172,22.8665,48.21,3.3685,1.71E-14,1134,teiB13L11,teis-cascade_4_2,I,M,3,0.505,NA
8/13/19,11:26:35,7,9,1,41195,41214,1.514569489,6.513085,4.113893161,8.9335,9.513825,22.512,43.89,3.52,4.02E-16,1143,teiB13L11,teis-cascade_4_2,I,M,4,0.597,NA
8/13/19,11:31:35,8,10,1,41604,41623,2.027362504,7.788105,5.522069545,8.9085,10.705605,22.5435,43.9635,3.4315,4.02E-16,1144,teiB13L11,teis-cascade_4_2,I,M,4,0.454,NA
8/13/19,11:41:35,9,12,1,42095,42114,1.134228656,5.23576,3.01684175,9.122,9.5045,22.58,44.28,3.3425,0,1145,teiB13L11,teis-cascade_4_2,U,M,4,0.438,NA
8/13/19,11:46:35,10,13,1,42398,42417,2.306750102,8.380485,6.225724318,8.993,10.453045,22.62,44.32,3.5195,3.43E-14,1146,teiB13L11,teis-cascade_4_2,U,M,4,0.429,NA
8/13/19,11:56:35,11,15,1,42995,43014,1.137841425,5.14596,3.056396908,9.0345,9.40162,22.68,44.34,3.4145,0.274295455,1147,teiB13L11,teis-cascade_4_2,U,M,4,0.444,NA
8/13/19,12:01:35,12,16,1,43446,43465,2.16629795,7.88697,5.901686078,8.913,10.706245,22.75,44.21,3.443,-3.43E-14,1148,teiB13L11,teis-cascade_4_2,U,M,4,0.444,NA
8/13/19,12:11:35,13,18,1,43894,43913,1.025828805,4.71995,2.772414372,8.987,9.46957,22.8,43.9845,3.436,-5.36E-16,1149,teiB13L11,teis-cascade_4_2,I,F,4,0.623,NA
8/13/19,12:16:35,14,19,1,44195,44214,2.316237022,8.139975,6.270236292,8.972,10.431975,22.834,43.77,3.5125,-1.07E-15,1150,teiB13L11,teis-cascade_4_2,I,F,4,0.94,NA
8/13/19,12:26:35,15,21,1,44795,44814,0.822530531,4.533685,2.719315746,7.351,9.633455,22.92,43.67,3.4535,-8.57E-15,1151,teiB13L11,teis-cascade_4_2,I,F,4,0.909,bad flow
8/13/19,12:31:35,16,22,1,45255,45274,2.289497409,7.979085,6.205689826,8.9655,10.84779,22.99,43.6105,3.431,0,1152,teiB13L11,teis-cascade_4_2,I,F,4,0.63,NA
8/13/19,12:41:35,1,24,1,45695,45714,1.421008779,5.647315,3.88689165,8.884,9.724515,23.07,43.59,3.386,4.28E-15,1137,teiB13L11,teis-cascade_4_2,U,F,4,0.88,NA
8/13/19,12:46:34,2,25,1,46011,46030,2.674276107,9.00399,7.273056918,8.94,10.808145,23.14,43.59,3.3595,4.28E-15,1138,teiB13L11,teis-cascade_4_2,U,F,4,0.834,NA
8/13/19,12:56:34,3,27,1,46594,46613,1.147372499,4.835585,3.130514452,8.91,9.64159,23.23,43.6655,3.4475,0,1139,teiB13L11,teis-cascade_4_2,U,F,4,0.951,NA
8/13/19,13:01:34,4,28,1,46953,46972,2.893168365,9.614245,7.941032251,8.863,10.779915,23.301,43.744,3.5045,0.266045455,1140,teiB13L11,teis-cascade_4_2,U,F,4,0.871,NA
8/13/19,13:11:34,5,30,1,47494,47513,0.939767002,4.197045,2.549721247,8.968,9.673185,23.41,43.4805,3.4785,0.694404545,1141,teiB13L11,teis-cascade_4_2,I,M,4,NA,dead
8/13/19,13:16:35,6,31,1,47943,47962,1.98804159,6.96764,5.376079563,9.001,10.99365,23.47,43.24,3.484,1.71E-14,1142,teiB13L11,teis-cascade_4_2,I,M,4,0.584,NA
8/13/19,13:26:35,7,33,2,48394,48413,1.001947766,4.313555,2.72382661,8.9545,9.711465,23.5115,42.7765,3.4835,0,1143,teiB13L11,teis-cascade_4_2,I,M,4,0.597,NA
8/13/19,13:31:34,8,34,2,48694,48713,2.075610164,7.27331,5.681927698,8.895,10.765155,23.57,41.5705,3.3985,0.810713636,1144,teiB13L11,teis-cascade_4_2,I,M,4,0.454,NA
8/13/19,13:41:35,9,36,2,49295,49314,1.115636426,4.586365,2.996026346,9.0715,9.650135,23.6515,40.4145,3.4035,2.229890909,1145,teiB13L11,teis-cascade_4_2,U,M,4,0.438,NA
8/13/19,13:46:35,10,37,2,49595,49614,2.336615314,7.934165,6.348408839,8.966,10.76268,23.689,40.324,3.5785,0.041390909,1146,teiB13L11,teis-cascade_4_2,U,M,4,0.429,NA
8/13/19,13:56:35,11,39,2,50195,50214,1.340177184,5.2136,3.647740562,8.951,9.6556,23.75,39.07,3.573,0.013604545,1147,teiB13L11,teis-cascade_4_2,U,M,4,0.444,NA
8/13/19,14:01:35,12,40,2,50495,50514,2.456457826,8.275895,6.750130422,8.8665,10.78361,23.754,38.529,3.538,0.729918182,1148,teiB13L11,teis-cascade_4_2,U,M,4,0.444,NA
8/13/19,14:11:35,13,42,2,51095,51114,0.891527449,3.9054,2.410708948,9.011,9.68902,23.73,37.8645,3.435,2.14E-15,1149,teiB13L11,teis-cascade_4_2,I,F,4,0.623,NA
8/13/19,14:16:35,14,43,2,51395,51414,1.972403378,6.83443,5.359244579,8.9655,10.72421,23.7085,37.7685,3.44,-4.28E-15,1150,teiB13L11,teis-cascade_4_2,I,F,4,0.94,NA
8/13/19,14:26:35,15,45,2,51995,52014,0.943038423,4.561955,3.107489232,7.3905,9.654245,23.65,37.624,3.4375,0.405081818,1151,teiB13L11,teis-cascade_4_2,I,F,4,0.909,bad flow
8/13/19,14:31:35,16,46,2,52416,52435,2.338358624,7.80366,6.380725254,8.9245,10.935915,23.613,38.288,3.466,0,1152,teiB13L11,teis-cascade_4_2,I,F,4,0.63,NA
8/14/19,11:13:52,7,9,1,40432,40451,1.385087479,6.09857,3.80519593,8.836,9.38072,22.66,43.998,3.381,1.154327273,1159,teiB13L11,teis-cascade_4_2,I,M,5,0.455,NA
8/14/19,11:18:52,8,10,1,40749,40768,2.492340234,9.104225,6.902194724,8.766,10.404695,22.685,43.6225,3.347,1.021990909,1160,teiB13L11,teis-cascade_4_2,I,M,5,0.454,NA
8/14/19,11:28:52,9,12,1,41332,41351,1.706907065,6.74287,4.615259524,8.9805,9.2893,22.759,43.45,3.295,-2.14E-15,1161,teiB13L11,teis-cascade_4_2,U,F,5,1.016,NA
8/14/19,11:33:52,10,13,1,41632,41651,3.188678266,10.76758,8.710572166,8.8905,10.297035,22.79,43.38,3.566,0,1162,teiB13L11,teis-cascade_4_2,U,F,5,0.793,NA
8/14/19,11:43:52,11,15,1,42232,42251,0.689039354,3.871665,1.886757514,8.872,9.36579,22.87,43.236,3.379,0.193877273,1163,teiB13L11,teis-cascade_4_2,U,F,5,NA,empty
8/14/19,11:48:52,12,16,1,42550,42569,0.927135008,4.483085,2.577271986,8.74,10.31687,22.92,42.772,3.409,0.15,1164,teiB13L11,teis-cascade_4_2,U,F,5,NA,empty
8/14/19,11:58:52,13,18,1,43132,43151,0.660342521,3.652885,1.804623358,8.8925,9.273535,23.01,42.231,3.495,-2.68E-16,1165,teiB13L11,teis-cascade_4_2,I,F,5,NA,empty
8/14/19,12:03:52,14,19,1,43432,43451,1.445146838,5.769985,3.967753253,8.8545,10.286415,23.07,41.91,3.4715,2.14E-15,1166,teiB13L11,teis-cascade_4_2,I,F,5,0.68,NA
8/14/19,12:13:52,15,21,1,44032,44051,0.491921968,3.383995,1.624355072,7.3645,9.437575,23.18,41.4685,3.5305,1.07E-15,1167,teiB13L11,teis-cascade_4_2,I,F,5,NA,"empty, bad flow"
8/14/19,12:18:52,16,22,1,44490,44509,0.818072431,3.969795,2.268810647,8.771,10.69303,23.28,41.6945,3.345,2.14E-15,1168,teiB13L11,teis-cascade_4_2,I,F,5,NA,empty
8/14/19,12:28:52,1,24,1,44932,44951,1.589811184,6.10458,4.415621564,8.759,9.446605,23.3175,41.96,3.334,1.801472727,1153,teiB13L11,teis-cascade_4_2,U,M,5,0.483,NA
8/14/19,12:33:52,2,25,1,45367,45386,3.106449632,10.277685,8.624175284,8.7645,10.80423,23.3665,42.2485,3.344,3.002195455,1154,teiB13L11,teis-cascade_4_2,U,M,5,0.435,NA
8/14/19,12:43:52,3,27,1,45832,45851,0.980697863,4.35461,2.713495986,8.7925,9.540475,23.41,42.582,3.386,1.37E-13,1155,teiB13L11,teis-cascade_4_2,U,M,5,NA,dead
8/14/19,12:48:52,4,28,1,46132,46151,2.237309244,7.804765,6.185853887,8.802,10.54103,23.43,42.68,3.514,0.895786364,1156,teiB13L11,teis-cascade_4_2,U,M,5,NA,dead
8/14/19,12:58:52,5,30,1,46732,46751,1.888161836,6.75684,5.168025952,8.8945,9.576175,23.49,42.18,3.4635,0.738959091,1157,teiB13L11,teis-cascade_4_2,I,M,5,0.46,NA
8/14/19,13:03:52,6,31,1,47192,47211,2.261034175,7.68988,6.163414336,8.931,10.84656,23.52,41.7915,3.391,0.42125,1158,teiB13L11,teis-cascade_4_2,I,M,5,0.438,NA
8/14/19,13:13:52,7,33,2,47632,47651,1.329441957,5.16507,3.655987396,8.8535,9.5652,23.5045,41.5745,3.4205,0.409727273,1159,teiB13L11,teis-cascade_4_2,I,M,5,0.455,NA
8/14/19,13:18:52,8,34,2,48058,48077,1.581277665,5.82303,4.366894525,8.813,10.63498,23.44,41.6315,3.429,0.718731818,1160,teiB13L11,teis-cascade_4_2,I,M,5,0.454,NA
8/14/19,13:28:52,9,36,2,48532,48551,1.324072514,5.02483,3.581737483,8.998,9.612875,23.36,41.58,3.514,0.915536364,1161,teiB13L11,teis-cascade_4_2,U,F,5,1.016,NA
8/14/19,13:33:52,10,37,2,48975,48994,3.282060837,10.392425,8.975455406,8.895,10.6339,23.28,41.789,3.38,0.89195,1162,teiB13L11,teis-cascade_4_2,U,F,5,0.793,NA
8/14/19,13:43:52,11,39,2,49432,49451,0.444089372,2.61293,1.215727694,8.884,9.64562,23.18,41.7915,3.4735,-2.14E-15,1163,teiB13L11,teis-cascade_4_2,U,F,5,NA,empty
8/14/19,13:48:52,12,40,2,49732,49751,0.589018424,2.990445,1.635415583,8.758,10.33565,23.18,41.5605,3.553,-2.14E-15,1164,teiB13L11,teis-cascade_4_2,U,F,5,NA,empty
8/14/19,13:58:52,13,42,2,50332,50351,0.406867286,2.431815,1.111959434,8.8935,9.46763,23.07,40.88,3.426,-3.21E-15,1165,teiB13L11,teis-cascade_4_2,I,F,5,NA,empty
8/14/19,14:03:52,14,43,2,50632,50651,1.361887827,5.00615,3.712578993,8.912,10.234135,23.02,40.609,3.6295,0.365395455,1166,teiB13L11,teis-cascade_4_2,I,F,5,0.68,NA
8/14/19,14:13:52,15,45,2,51232,51251,0.316953243,2.329245,1.048549534,7.345,9.374015,22.99,40.6655,3.5245,0.241963636,1167,teiB13L11,teis-cascade_4_2,I,F,5,NA,"empty, bad flow"
8/14/19,14:18:52,16,46,2,51604,51623,0.547003272,2.7925,1.506130499,8.827,10.41981,23.03,40.4135,3.4895,4.28E-15,1168,teiB13L11,teis-cascade_4_2,I,F,5,NA,empty
8/14/19,14:28:52,1,48,2,52132,52151,0.819366631,3.558635,2.273914785,8.763,9.491375,23.154,40.05,3.432,5.48E-13,1153,teiB13L11,teis-cascade_4_2,U,M,5,0.483,NA
8/14/19,14:33:52,2,49,2,52432,52451,1.714785084,6.043535,4.766080652,8.749,10.51313,23.18,40.023,3.415,-2.74E-13,1154,teiB13L11,teis-cascade_4_2,U,M,5,0.435,NA
8/15/19,11:23:59,7,9,1,41039,41058,1.426408577,6.0047,3.980487227,8.719,9.24606,23.25,41.86,3.314,1.07E-15,1175,teiB13L11,teis-cascade_4_2,U,M,3,0.513,NA
8/15/19,11:28:59,8,10,1,41499,41518,1.932255835,7.286005,5.408344844,8.691,10.622305,23.29,41.62,3.321,0.08255,1176,teiB13L11,teis-cascade_4_2,U,M,3,0.422,NA
8/15/19,11:38:59,9,12,1,41939,41958,1.20842645,5.173665,3.331007141,8.827,9.18973,23.345,41.76,3.38,0.286077273,1177,teiB13L11,teis-cascade_4_2,I,M,3,0.504,NA
8/15/19,11:43:59,10,13,1,42293,42312,2.65832301,9.177485,7.422235526,8.7155,10.370595,23.39,41.886,3.3855,0.393754545,1178,teiB13L11,teis-cascade_4_2,I,M,3,0.554,NA
8/15/19,11:53:59,11,15,1,42839,42858,1.273459975,5.234305,3.539623262,8.7555,9.211015,23.4515,41.98,3.297,1.528668182,1179,teiB13L11,teis-cascade_4_2,I,M,3,0.573,NA
8/15/19,11:58:59,12,16,1,43277,43296,1.850435164,6.813635,5.227350305,8.6175,10.565065,23.51,41.765,3.401,2.68E-16,1180,teiB13L11,teis-cascade_4_2,I,M,3,0.528,NA
8/15/19,12:08:59,13,18,1,43739,43758,1.400847903,5.435545,3.890288697,8.766,9.240485,23.51,41.71,3.341,-2.14E-15,1181,teiB13L11,teis-cascade_4_2,I,F,3,0.834,NA
8/15/19,12:13:59,14,19,1,44039,44058,2.847370916,9.36694,7.898670679,8.775,10.191965,23.487,41.347,3.3855,0.0005,1182,teiB13L11,teis-cascade_4_2,I,F,3,0.909,NA
8/15/19,12:23:59,15,21,1,44639,44658,0.867628988,4.271345,2.873035302,7.3515,9.1643,23.4,40.423,3.3225,0.851636364,1183,teiB13L11,teis-cascade_4_2,I,F,3,0.78,bad flow
8/15/19,12:28:59,16,22,1,44983,45002,2.240830423,7.583685,6.255668126,8.7155,10.16975,23.35,40.072,3.255,2.14E-15,1184,teiB13L11,teis-cascade_4_2,I,F,3,0.868,NA
8/15/19,12:38:59,1,24,1,45539,45558,1.418254514,5.25319,3.967497899,8.696,9.25339,23.27,40.6,3.2845,0.004122727,1169,teiB13L11,teis-cascade_4_2,U,F,3,0.837,NA
8/15/19,12:43:59,2,25,1,45997,46016,2.777187552,8.976675,7.749975254,8.7145,10.438105,23.201,40.6145,3.3625,-5.36E-16,1170,teiB13L11,teis-cascade_4_2,U,F,3,1.07,NA
8/15/19,12:53:59,3,27,1,46439,46458,1.22204981,4.63862,3.421471275,8.689,9.259045,23.18,40.4605,3.4195,0,1171,teiB13L11,teis-cascade_4_2,U,F,3,1.109,NA
8/15/19,12:58:59,4,28,1,46739,46758,2.702378768,8.783495,7.585040727,8.663,10.087765,23.1465,40.02,3.447,0.284804545,1172,teiB13L11,teis-cascade_4_2,U,F,3,0.834,NA
8/15/19,13:08:59,5,30,1,47339,47358,1.555120139,5.48877,4.307287547,8.7745,9.248345,23.1,40.51,3.519,0.512381818,1173,teiB13L11,teis-cascade_4_2,U,M,3,0.45,NA
8/15/19,13:13:59,6,31,1,47710,47729,2.935419218,9.31022,8.147099768,8.7605,10.301095,23.15,40.677,3.314,0.664481818,1174,teiB13L11,teis-cascade_4_2,U,M,3,0.486,NA
8/15/19,13:23:59,7,33,2,48239,48258,1.48982022,5.3214,4.164302114,8.7,9.33515,23.229,40.635,3.523,2.104136364,1175,teiB13L11,teis-cascade_4_2,U,M,3,0.513,NA
8/15/19,13:28:59,8,34,2,48667,48686,1.600600963,5.656645,4.503338636,8.6475,10.50812,23.3405,40.27,3.5475,0.602127273,1176,teiB13L11,teis-cascade_4_2,U,M,3,0.422,NA
8/15/19,13:38:59,9,36,2,49139,49158,1.172226716,4.3689,3.218366145,8.8635,9.308155,23.4465,40.26,3.4105,0.559131818,1177,teiB13L11,teis-cascade_4_2,I,M,3,0.504,NA
8/15/19,13:43:59,10,37,2,49459,49478,2.575258287,8.3186,7.174008689,8.7385,10.31477,23.5,39.9,3.3915,0.164422727,1178,teiB13L11,teis-cascade_4_2,I,M,3,0.554,NA
8/15/19,13:53:59,11,39,2,50039,50058,1.298303672,4.729195,3.599326733,8.7785,9.271975,23.49,39.929,3.5785,1.666840909,1179,teiB13L11,teis-cascade_4_2,I,M,3,0.573,NA
8/15/19,13:58:59,12,40,2,50344,50363,1.991929469,6.70306,5.60123664,8.6555,10.13874,23.45,40.3635,3.4835,2.14E-15,1180,teiB13L11,teis-cascade_4_2,I,M,3,0.528,NA
8/15/19,14:08:59,13,42,2,50939,50958,1.529977984,5.309505,4.231381436,8.798,9.289385,23.4,40.55,3.353,0.787327273,1181,teiB13L11,teis-cascade_4_2,I,F,3,0.834,NA
8/15/19,14:13:59,14,43,2,51240,51259,3.012236296,9.436485,8.37795997,8.7485,10.117495,23.37,40.487,3.5545,0,1182,teiB13L11,teis-cascade_4_2,I,F,3,0.909,NA
8/15/19,14:23:59,15,45,2,51839,51858,0.679130357,3.290965,2.2493322,7.3485,9.25197,23.31,40.9455,3.428,0.705431818,1183,teiB13L11,teis-cascade_4_2,I,F,3,0.78,bad flow
8/15/19,14:28:59,16,46,2,52189,52208,1.978467959,6.55927,5.533594064,8.698,10.19993,23.31,41.5615,3.344,-4.28E-15,1184,teiB13L11,teis-cascade_4_2,I,F,3,0.868,NA
8/16/19,11:03:32,7,10,1,39812,39831,1.279855566,5.66407,3.588664098,8.6475,11.16099,22.31,48.3855,3.3255,0.999736364,1191,PC75,DMel_PC75,I,M,3,0.676,NA
8/16/19,11:08:32,8,11,1,40212,40231,1.999155509,7.561605,5.618815501,8.627,12.765,22.33,48.505,3.3405,0.355672727,1192,PC75,DMel_PC75,I,M,3,0.53,NA
8/16/19,11:18:32,9,13,1,40712,40731,1.470256349,5.93364,4.04353975,8.818,11.136105,22.364,48.354,3.294,0.376204545,1193,PC75,DMel_PC75,I,F,3,0.724,NA
8/16/19,11:23:32,10,14,1,41032,41051,2.583315097,9.02967,7.212829112,8.686,12.546485,22.39,48.36,3.395,1.542454545,1194,PC75,DMel_PC75,I,F,3,0.903,NA
8/16/19,11:33:32,11,16,1,41612,41631,1.048209904,4.67381,2.918769285,8.7115,11.12487,22.44,48.56,3.331,0,1195,PC75,DMel_PC75,I,F,3,0.801,NA
8/16/19,11:38:32,12,17,1,41912,41931,1.933102452,7.145595,5.454433004,8.598,12.520505,22.49,48.52,3.462,-6.86E-14,1196,PC75,DMel_PC75,I,F,3,0.684,NA
8/16/19,11:48:32,13,19,1,42512,42531,1.109251638,4.734465,3.096450535,8.6905,11.13427,22.56,48.3785,3.392,1.296027273,1197,PC75,DMel_PC75,U,M,3,0.558,NA
8/16/19,11:53:32,14,20,1,42972,42991,1.575556715,5.987945,4.410515749,8.6705,13.01244,22.63,48.3335,3.4355,4.28E-15,1198,PC75,DMel_PC75,U,M,3,0.561,NA
8/16/19,12:03:32,15,22,1,43412,43431,0.489295665,3.1764,1.618694151,7.338,11.130485,22.68,48.29,3.486,0,1199,PC75,DMel_PC75,U,M,3,NA,"empty, bad flow"
8/16/19,12:08:32,16,23,1,43712,43731,1.16805918,4.799155,3.28424186,8.635,12.53379,22.743,48.21,3.3315,0,1200,PC75,DMel_PC75,U,M,3,0.549,NA
8/16/19,12:18:32,1,25,1,44312,44331,1.225740499,4.93485,3.458872519,8.6045,11.195415,22.84,48.141,3.5535,1.334336364,1185,PC75,DMel_PC75,U,F,3,0.969,NA
8/16/19,12:23:32,2,26,1,44612,44631,2.27516343,7.85871,6.416920423,8.6135,12.79348,22.9,48.143,3.4185,0.362818182,1186,PC75,DMel_PC75,U,F,3,0.843,NA
8/16/19,12:33:32,3,28,1,45212,45231,0.984949357,4.18596,2.775255647,8.6245,11.197755,22.9875,47.531,3.441,3.43E-14,1187,PC75,DMel_PC75,U,F,3,0.785,NA
8/16/19,12:38:32,4,29,1,45554,45573,1.725940951,6.260425,4.880801866,8.5955,12.93866,23.0625,46.8395,3.4625,2.14E-15,1188,PC75,DMel_PC75,U,F,3,0.715,NA
8/16/19,12:48:32,5,31,1,46112,46131,0.934316456,3.97297,2.614084027,8.69,11.248435,23.2,45.9575,3.427,-6.86E-14,1189,PC75,DMel_PC75,I,M,3,0.639,NA
8/16/19,12:53:32,6,32,1,46460,46479,1.691142397,6.05866,4.724362082,8.708,13.08229,23.298,45.64,3.468,1.18105,1190,PC75,DMel_PC75,I,M,3,0.609,NA
8/16/19,13:03:32,7,34,2,47012,47031,0.976856958,4.068135,2.753220516,8.6335,11.289675,23.445,45.53,3.5305,0.734722727,1191,PC75,DMel_PC75,I,M,3,0.676,NA
8/16/19,13:08:32,8,35,2,47361,47380,1.536671313,5.648425,4.362613102,8.5755,13.172995,23.5335,45.58,3.503,0,1192,PC75,DMel_PC75,I,M,3,0.53,NA
8/16/19,13:18:32,9,37,2,47912,47931,1.111774523,4.342685,3.072581816,8.8115,11.33879,23.661,45.6585,3.4405,0,1193,PC75,DMel_PC75,I,F,3,0.724,NA
8/16/19,13:23:32,10,38,2,48212,48231,2.12373349,7.203425,5.946434711,8.7,13.034225,23.7,45.365,3.5525,1.059704545,1194,PC75,DMel_PC75,I,F,3,0.903,NA
8/16/19,13:33:32,11,40,2,48812,48831,0.914165629,3.782465,2.544263906,8.7525,11.32678,23.68,45.313,3.463,1.659590909,1195,PC75,DMel_PC75,I,F,3,0.801,NA
8/16/19,13:38:32,12,41,2,49152,49171,1.67895205,5.97626,4.767937972,8.5755,13.05491,23.62,44.099,3.6225,0.139927273,1196,PC75,DMel_PC75,I,F,3,0.684,NA
8/16/19,13:48:32,13,43,2,49712,49731,0.839073349,3.531525,2.340621308,8.729,11.292155,23.52,43.1215,3.42,0.111459091,1197,PC75,DMel_PC75,U,M,3,0.558,NA
8/16/19,13:53:32,14,44,2,50148,50167,1.502973892,5.366705,4.196129771,8.7175,13.230065,23.44,43.3205,3.3425,-6.86E-14,1198,PC75,DMel_PC75,U,M,3,0.561,NA
8/16/19,14:03:32,15,46,2,50612,50631,0.338127039,2.270885,1.114236983,7.3835,11.262955,23.37,43.27,3.408,2.14E-15,1199,PC75,DMel_PC75,U,M,3,NA,"empty, bad flow"
8/16/19,14:08:32,16,47,2,50912,50931,0.89207498,3.62948,2.501477413,8.678,12.671295,23.34,43.5795,3.4815,0,1200,PC75,DMel_PC75,U,M,3,0.549,NA
8/16/19,14:18:32,1,49,2,51512,51531,1.017553037,3.97896,2.867329157,8.635,11.298705,23.3665,43.7975,3.383,0.497340909,1185,PC75,DMel_PC75,U,F,3,0.969,NA
8/16/19,14:23:32,2,50,2,51829,51848,1.945335924,6.618415,5.507242097,8.5965,13.056965,23.42,43.857,3.5215,0.042454545,1186,PC75,DMel_PC75,U,F,3,0.843,NA
8/20/19,11:34:48,7,9,1,41689,41708,1.632230792,6.891265,4.721305985,8.409,11.21363,23.24,38.85,3.3165,-2.68E-16,1207,teiB13L11,teis-cascade_4_2,U,F,4,0.783,NA
8/20/19,11:39:48,8,10,1,42147,42166,2.789050147,10.131945,8.106300299,8.3715,13.04629,23.36,38.34,3.2595,-2.14E-15,1208,teiB13L11,teis-cascade_4_2,U,F,4,0.796,NA
8/20/19,11:49:47,9,12,1,42588,42607,1.459050648,6.125135,4.144014621,8.5685,11.216055,23.4415,38.27,3.305,1.34E-16,1209,teiB13L11,teis-cascade_4_2,I,F,4,0.711,NA
8/20/19,11:54:47,10,13,1,42888,42907,2.483527088,9.06683,7.181935315,8.418,12.65043,23.5065,38.3385,3.0375,6.69E-17,1210,teiB13L11,teis-cascade_4_2,I,F,4,0.796,NA
8/20/19,12:04:47,11,15,1,43487,43506,1.428112906,5.93137,4.124176126,8.434,11.248885,23.623,38.1855,3.416,0,1211,teiB13L11,teis-cascade_4_2,I,F,4,0.928,NA
8/20/19,12:09:47,12,16,1,43788,43807,2.842816092,10.081375,8.328235089,8.315,12.733865,23.7,37.6925,3.399,0,1212,teiB13L11,teis-cascade_4_2,I,F,4,0.835,NA
8/20/19,12:19:48,13,18,1,44388,44407,1.340875442,5.546745,3.860400129,8.4625,11.268395,23.75,37.7035,3.451,0.029427273,1213,teiB13L11,teis-cascade_4_2,U,M,4,0.435,NA
8/20/19,12:24:48,14,19,1,44734,44753,2.155343079,7.81812,6.228640572,8.4305,12.846945,23.74,37.4135,3.471,8.57E-15,1214,teiB13L11,teis-cascade_4_2,U,M,4,0.47,NA
8/20/19,12:34:48,15,21,1,45288,45307,0.778082757,4.23544,2.705467878,7.003,11.22524,23.68,38.087,3.2095,1.1822,1215,teiB13L11,teis-cascade_4_2,U,M,4,0.394,bad flow
8/20/19,12:39:48,16,22,1,45748,45767,1.932599666,7.003985,5.562576206,8.4595,12.89509,23.57,38.88,3.19,2.14E-15,1216,teiB13L11,teis-cascade_4_2,U,M,4,0.591,NA
8/20/19,12:49:48,1,24,1,46188,46207,1.007788061,4.33107,2.915971351,8.4105,11.24942,23.47,39.16,3.376,1.34E-16,1201,teiB13L11,teis-cascade_4_2,I,M,4,0.502,NA
8/20/19,12:54:48,2,25,1,46488,46507,1.752550784,6.418085,5.05969937,8.4295,12.56624,23.417,38.79,3.4285,0.188759091,1202,teiB13L11,teis-cascade_4_2,I,M,4,0.413,NA
8/20/19,13:04:48,3,27,1,47088,47107,1.212067928,4.80925,3.496259371,8.433,11.179385,23.31,38.1115,3.3805,-1.37E-13,1203,teiB13L11,teis-cascade_4_2,I,M,4,NA,dead
8/20/19,13:09:48,4,28,1,47388,47407,2.8938295,9.68045,8.398390981,8.3815,12.461055,23.279,38.01,3.5035,1.798190909,1204,teiB13L11,teis-cascade_4_2,I,M,4,0.476,NA
8/20/19,13:19:48,5,30,1,47988,48007,0.887718567,3.778345,2.532494084,8.5255,11.1092,23.18,38.11,3.519,1.29E-14,1205,teiB13L11,teis-cascade_4_2,U,F,4,0.761,NA
8/20/19,13:24:48,6,31,1,48288,48307,2.24837876,7.627965,6.425508084,8.5085,12.342925,23.166,38.1665,3.28,0.061527273,1206,teiB13L11,teis-cascade_4_2,U,F,4,0.779,NA
8/20/19,13:34:48,7,33,2,48888,48907,1.15153494,4.49165,3.32076523,8.4295,11.05794,23.06,38.297,3.5365,-1.71E-14,1207,teiB13L11,teis-cascade_4_2,U,F,4,0.783,NA
8/20/19,13:39:48,8,34,2,49261,49280,2.073079781,7.14626,5.995694474,8.403,12.48017,23.01,37.9595,3.5235,1.71E-14,1208,teiB13L11,teis-cascade_4_2,U,F,4,0.796,NA
8/20/19,13:49:48,9,36,2,49788,49807,0.966758514,3.88387,2.74809422,8.5475,11.0124,22.96,37.825,3.3465,-4.28E-15,1209,teiB13L11,teis-cascade_4_2,I,F,4,0.711,NA
8/20/19,13:54:48,10,37,2,50248,50267,2.073163654,7.050365,5.948451225,8.468,12.61064,22.94,37.824,3.5545,0,1210,teiB13L11,teis-cascade_4_2,I,F,4,0.796,NA
8/20/19,14:04:48,11,39,2,50688,50707,0.996090218,3.95746,2.861122528,8.458,10.956655,22.9175,38.7915,3.438,1.07E-15,1211,teiB13L11,teis-cascade_4_2,I,F,4,0.928,NA
8/20/19,14:09:48,12,40,2,50988,51007,2.274752866,7.687315,6.602275549,8.3705,12.15559,22.9,39.571,3.3465,0.605640909,1212,teiB13L11,teis-cascade_4_2,I,F,4,0.835,NA
8/20/19,14:19:48,13,42,2,51588,51607,1.174606975,4.451795,3.378499159,8.4455,10.92384,22.87,39.37,3.3055,0.189368182,1213,teiB13L11,teis-cascade_4_2,U,M,4,0.435,NA
8/20/19,14:24:48,14,43,2,51952,51971,1.846302077,6.342545,5.284315746,8.487,12.29618,22.86,39.2705,3.4255,0.202968182,1214,teiB13L11,teis-cascade_4_2,U,M,4,0.47,NA
8/20/19,14:34:48,15,45,2,52488,52507,0.559147027,2.993915,1.942881585,6.992,10.88619,22.851,39.639,3.481,6.86E-14,1215,teiB13L11,teis-cascade_4_2,U,M,4,0.394,bad flow
8/20/19,14:39:48,16,46,2,52948,52967,1.470618174,5.26924,4.228255588,8.448,12.51872,22.84,39.3375,0.1215,8.57E-15,1216,teiB13L11,teis-cascade_4_2,U,M,4,0.591,NA
8/21/19,11:38:01,7,9,1,41881,41900,1.43178276,5.985895,4.143185503,8.4145,10.881885,23.587,40.5095,3.313,-6.69E-17,1223,teiB13L11,teis-cascade_4_2,U,F,4,0.812,NA
8/21/19,11:43:01,8,10,1,42273,42292,2.196723203,8.073215,6.398139058,8.356,12.29008,23.43,40.9795,3.4015,0.207327273,1224,teiB13L11,teis-cascade_4_2,U,F,4,0.486,NA
8/21/19,11:53:01,9,12,1,42781,42800,1.077829801,4.6848,3.079932236,8.5105,10.836765,23.266,41.8375,3.501,-1.34E-16,1225,teiB13L11,teis-cascade_4_2,I,M,4,0.357,NA
8/21/19,11:58:01,10,13,1,43081,43100,1.750424954,6.57279,5.053790205,8.4225,11.974575,23.18,42.296,3.4215,0.325231818,1226,teiB13L11,teis-cascade_4_2,I,M,4,0.376,NA
8/21/19,12:08:01,11,15,1,43681,43700,1.074665484,4.56123,3.108589332,8.4095,10.820435,23.18,42.82,3.3565,1.208663636,1227,teiB13L11,teis-cascade_4_2,I,M,4,0.324,NA
8/21/19,12:13:01,12,16,1,44064,44083,1.735029038,6.504255,5.104387664,8.267,12.351855,23.23,42.92,3.318,4.28E-15,1228,teiB13L11,teis-cascade_4_2,I,M,4,0.289,NA
8/21/19,12:23:01,13,18,1,44581,44600,1.497041752,5.68792,4.318999111,8.4285,10.802725,23.25,42.7205,3.464,8.57E-15,1229,teiB13L11,teis-cascade_4_2,I,F,4,0.567,NA
8/21/19,12:28:01,14,19,1,45039,45058,1.666226823,6.128565,4.826938868,8.396,12.45584,23.25,43.25,3.351,0,1230,teiB13L11,teis-cascade_4_2,I,F,4,0.483,NA
8/21/19,12:38:01,15,21,1,45481,45500,0.633402036,3.50131,2.219334278,6.942,10.767605,23.25,43.3595,3.462,0.042668182,1231,teiB13L11,teis-cascade_4_2,I,F,4,0.531,bad flow
8/21/19,12:43:01,16,22,1,45936,45955,1.734921674,6.258185,5.039314419,8.374,12.456725,23.26,43.3205,3.4425,-5.36E-16,1232,teiB13L11,teis-cascade_4_2,I,F,4,0.53,NA
8/21/19,12:53:01,1,24,1,46381,46400,1.324560831,5.069075,3.871683014,8.3225,10.798175,23.2535,43.103,3.312,3.065345455,1217,teiB13L11,teis-cascade_4_2,U,M,4,0.422,NA
8/21/19,12:58:01,2,25,1,46754,46773,1.912763843,6.71429,5.572970575,8.3475,12.29432,23.23,42.346,3.5,0.036804545,1218,teiB13L11,teis-cascade_4_2,U,M,4,0.517,NA
8/21/19,13:08:01,3,27,1,47281,47300,0.896993391,3.713775,2.596815215,8.3965,10.692935,23.18,42.346,3.3915,0.112977273,1219,teiB13L11,teis-cascade_4_2,U,M,4,0.431,NA
8/21/19,13:13:01,4,28,1,47582,47601,1.929116554,6.696125,5.601990541,8.374,11.943455,23.18,42.42,3.5045,1.262954545,1220,teiB13L11,teis-cascade_4_2,U,M,4,0.328,NA
8/21/19,13:23:01,5,30,1,48181,48200,1.016461616,3.9902,2.924298478,8.451,10.68505,23.11,43.024,3.502,0,1221,teiB13L11,teis-cascade_4_2,U,F,4,0.728,NA
8/21/19,13:28:01,6,31,1,48491,48510,2.100899774,7.072095,6.042906641,8.451,11.915275,23.07,43.63,3.479,-8.57E-15,1222,teiB13L11,teis-cascade_4_2,U,F,4,0.673,NA
8/21/19,13:38:01,7,33,2,49081,49100,1.082885731,4.14716,3.145789579,8.366,10.674875,23.01,44.8175,3.349,-3.43E-14,1223,teiB13L11,teis-cascade_4_2,U,F,4,0.812,NA
8/21/19,13:43:01,8,34,2,49382,49401,2.420213569,8.00223,7.02161213,8.377,11.935835,23.0195,45.21,3.3985,0.136859091,1224,teiB13L11,teis-cascade_4_2,U,F,4,0.486,NA
8/21/19,13:53:01,9,36,2,49981,50000,0.765430597,3.14686,2.182253152,8.5245,10.663095,23.02,45.84,3.4665,0,1225,teiB13L11,teis-cascade_4_2,I,M,4,0.357,NA
8/21/19,13:58:01,10,37,2,50281,50300,1.185821065,4.380685,3.426256677,8.4115,11.87784,23.02,46.3075,3.4025,-1.37E-13,1226,teiB13L11,teis-cascade_4_2,I,M,4,0.376,NA
8/21/19,14:08:01,11,39,2,50881,50900,0.645117122,2.79605,1.859129604,8.433,10.550365,23,46.38,3.335,-2.74E-13,1227,teiB13L11,teis-cascade_4_2,I,M,4,0.324,NA
8/21/19,14:13:01,12,40,2,51201,51220,1.130030599,4.203545,3.295676801,8.3325,11.84696,22.99,46.591,3.476,0,1228,teiB13L11,teis-cascade_4_2,I,M,4,0.289,NA
8/21/19,14:23:01,13,42,2,51781,51800,0.960022146,3.656665,2.765331298,8.435,10.56153,22.9605,46.38,3.339,0.521672727,1229,teiB13L11,teis-cascade_4_2,I,F,4,0.567,NA
8/21/19,14:28:01,14,43,2,52172,52191,1.438789342,5.035615,4.153223495,8.4175,11.991195,22.95,46.4435,3.5075,1.71E-14,1230,teiB13L11,teis-cascade_4_2,I,F,4,0.483,NA
8/21/19,14:38:00,15,45,2,52680,52699,0.564855202,2.841825,1.965882068,6.981,10.46123,22.92,46.35,3.3875,0.114618182,1231,teiB13L11,teis-cascade_4_2,I,F,4,0.531,bad flow
8/21/19,14:43:00,16,46,2,53074,53093,1.773584777,5.99246,5.13070799,8.3975,11.88786,22.885,46.617,3.3345,0.000972727,1232,teiB13L11,teis-cascade_4_2,I,F,4,0.53,NA
8/22/19,10:30:53,7,9,1,37853,37872,1.43132434,5.893975,4.178853685,8.3275,10.548525,23.18,51.1195,3.3725,0,1239,teiB13L11,teis-cascade_4_2,I,F,5,0.585,NA
8/22/19,10:35:53,8,10,1,38287,38306,2.270527033,8.279505,6.696022297,8.2455,12.16826,23.18,51.0725,3.3415,0,1240,teiB13L11,teis-cascade_4_2,I,F,5,0.63,NA
8/22/19,10:45:53,9,12,1,38753,38772,1.306277731,5.291355,3.751045776,8.4665,10.32286,23.18,50.92,3.535,8.57E-15,1241,teiB13L11,teis-cascade_4_2,U,M,5,0.503,NA
8/22/19,10:50:53,10,13,1,39084,39103,2.22006086,7.90509,6.447609511,8.374,11.78659,23.22,50.667,3.3675,0.003059091,1242,teiB13L11,teis-cascade_4_2,U,M,5,0.39,NA
8/22/19,11:00:53,11,15,1,39653,39672,0.926737656,4.082885,2.684148554,8.397,10.372495,23.241,50.11,3.468,0,1243,teiB13L11,teis-cascade_4_2,U,M,5,0.541,NA
8/22/19,11:05:53,12,16,1,39953,39972,2.004089088,7.241945,5.899006464,8.263,11.66227,23.24,50.281,3.494,0.129681818,1244,teiB13L11,teis-cascade_4_2,U,M,5,0.39,NA
8/22/19,11:15:53,13,18,1,40553,40572,1.011478163,4.222145,2.934684541,8.383,10.47788,23.22,50.073,3.508,5.36E-16,1245,teiB13L11,teis-cascade_4_2,U,F,5,0.901,NA
8/22/19,11:20:53,14,19,1,40854,40873,2.033434145,7.15741,5.925622356,8.3455,11.71257,23.213,49.5765,3.474,-2.14E-15,1246,teiB13L11,teis-cascade_4_2,U,F,5,0.72,NA
8/22/19,11:30:53,15,21,1,41453,41472,0.818902434,3.897085,2.71033292,7.3445,10.44218,23.21,49.777,3.4345,0.00025,1247,teiB13L11,teis-cascade_4_2,U,F,5,0.696,bad flow
8/22/19,11:35:53,16,22,1,41872,41891,1.948466645,6.83565,5.693774228,8.3225,11.99514,23.2165,50.05,3.3995,1.07E-15,1248,teiB13L11,teis-cascade_4_2,U,F,5,0.768,NA
8/22/19,11:45:53,1,24,1,42353,42372,0.846868263,3.592475,2.472353563,8.327,10.482045,23.226,49.81,3.3855,0.097109091,1233,teiB13L11,teis-cascade_4_2,I,M,5,0.287,NA
8/22/19,11:50:53,2,25,1,42662,42681,1.640839792,5.876795,4.795675841,8.322,11.848345,23.25,49.462,3.537,3.43E-14,1234,teiB13L11,teis-cascade_4_2,I,M,5,0.472,NA
8/22/19,12:00:53,3,27,1,43253,43272,0.832635877,3.50227,2.448571815,8.2725,10.45972,23.2835,49.18,3.432,0.007954545,1235,teiB13L11,teis-cascade_4_2,I,M,5,0.409,NA
8/22/19,12:05:53,4,28,1,43570,43589,1.764970443,6.23659,5.20042475,8.2565,11.82294,23.31,48.8765,3.5225,0.71525,1236,teiB13L11,teis-cascade_4_2,I,M,5,0.422,NA
8/22/19,12:15:53,5,30,1,44153,44172,1.025310194,3.97135,2.962160157,8.419,10.474225,23.35,48.1655,3.4755,-2.14E-15,1237,teiB13L11,teis-cascade_4_2,I,F,5,0.636,NA
8/22/19,12:20:53,6,31,1,44507,44526,1.741240402,6.031095,5.072588097,8.3525,11.94071,23.37,48.28,3.4835,0,1238,teiB13L11,teis-cascade_4_2,I,F,5,0.615,NA
8/22/19,12:30:53,7,33,2,45053,45072,1.069348353,4.061905,3.135969426,8.2985,10.42901,23.35,48.2035,3.479,1.833172727,1239,teiB13L11,teis-cascade_4_2,I,F,5,0.585,NA
8/22/19,12:35:53,8,34,2,45413,45432,2.046690803,6.863525,5.982165337,8.323,11.797715,23.3,48.52,3.4935,3.43E-14,1240,teiB13L11,teis-cascade_4_2,I,F,5,0.63,NA
8/22/19,12:45:53,9,36,2,45953,45972,1.070117706,3.92781,3.074645279,8.4635,10.37757,23.2235,48.99,0.151,1.770545455,1241,teiB13L11,teis-cascade_4_2,U,M,5,0.503,NA
8/22/19,12:50:53,10,37,2,46293,46312,2.32986617,7.589665,6.774927986,8.3625,11.64708,23.18,49.3335,3.1985,0.094427273,1242,teiB13L11,teis-cascade_4_2,U,M,5,0.39,NA
8/22/19,13:00:53,11,39,2,46853,46872,0.798238424,3.11115,2.317462626,8.3755,10.37028,23.06,49.456,3.5935,3.43E-14,1243,teiB13L11,teis-cascade_4_2,U,M,5,0.541,NA
8/22/19,13:05:53,12,40,2,47153,47172,1.981391545,6.5848,5.805969468,8.2935,11.46358,23,49.72,3.629,0.269581818,1244,teiB13L11,teis-cascade_4_2,U,M,5,0.39,NA
8/22/19,13:15:53,13,42,2,47753,47772,0.745086272,2.92135,2.159023595,8.3875,10.290895,22.916,51.31,3.49,-4.28E-15,1245,teiB13L11,teis-cascade_4_2,U,F,5,0.901,NA
8/22/19,13:20:53,14,43,2,48053,48072,1.759495655,5.86514,5.121601266,8.3455,11.37764,22.88,52.674,3.56,0.669631818,1246,teiB13L11,teis-cascade_4_2,U,F,5,0.72,NA
8/22/19,13:30:53,15,45,2,48653,48672,0.545019943,2.5373,1.80550279,7.3315,10.316685,22.84,54.629,3.6835,2.14E-15,1247,teiB13L11,teis-cascade_4_2,U,F,5,0.696,bad flow
8/22/19,13:35:53,16,46,2,49078,49097,1.605574002,5.41798,4.689879765,8.315,11.66423,22.83,55.247,3.563,0,1248,teiB13L11,teis-cascade_4_2,U,F,5,0.768,NA
8/30/19,10:31:43,7,9,1,37934,37953,1.624783971,0.79413,2.393087921,16.517,11.174665,23.3,44.11,3.5265,1.07E-15,1255,teiB13L11,teis-cascade_4_2,I,M,4,0.429,NA
8/30/19,10:36:43,8,10,1,38330,38349,1.905323811,1.095915,2.812250596,16.481,11.47752,23.29,43.977,3.336,0.800195455,1256,teiB13L11,teis-cascade_4_2,I,M,4,0.393,NA
8/30/19,10:46:43,9,12,1,38963,38982,1.790739124,0.770455,2.554338108,17.054,11.340365,23.2925,43.71,3.2855,1.34E-16,1257,teiB13L11,teis-cascade_4_2,U,F,4,0.49,NA
8/30/19,10:51:43,10,13,1,39131,39150,2.363915087,1.634275,3.450046284,16.6685,11.40595,23.3,43.7455,3.289,0.143745455,1258,teiB13L11,teis-cascade_4_2,U,F,4,0.523,NA
8/30/19,11:01:43,11,15,1,39820,39839,2.511390681,1.7529,3.649471797,16.741,11.35249,23.31,43.81,3.436,1.07E-15,1259,teiB13L11,teis-cascade_4_2,U,F,4,0.909,NA
8/30/19,11:06:43,12,16,1,40019,40038,2.173723532,1.290655,3.23077455,16.368,11.45067,23.31,43.8535,3.415,0,1260,teiB13L11,teis-cascade_4_2,U,F,4,0.868,NA
8/30/19,11:16:43,13,18,1,40761,40780,2.0023238,0.908335,2.917978258,16.6955,11.465295,23.34,43.71,3.3765,0.209777273,1261,teiB13L11,teis-cascade_4_2,U,M,4,0.36,NA
8/30/19,11:21:43,14,19,1,40962,40981,1.716293882,0.46442,2.499185009,16.709,11.560715,23.35,43.6575,3.409,1.71E-14,1262,teiB13L11,teis-cascade_4_2,U,M,4,0.419,NA
8/30/19,11:31:43,15,21,1,41503,41522,1.794914179,1.208835,3.268812626,13.363,11.40942,23.41,43.87,0.0405,0.274077273,1263,teiB13L11,teis-cascade_4_2,U,M,4,0.484,bad flow
8/30/19,11:36:43,16,22,1,41963,41982,2.117077442,0.994135,3.094613596,16.653,11.6816,23.494,43.9035,0.0825,0.20275,1264,teiB13L11,teis-cascade_4_2,U,M,4,0.503,NA
8/30/19,11:46:43,1,24,1,42543,42562,1.871740721,0.656475,2.780856963,16.391,11.66589,23.61,43.49,0.0605,-1.07E-15,1249,teiB13L11,teis-cascade_4_2,I,F,4,0.625,NA
8/30/19,11:51:43,2,25,1,42812,42831,1.377667365,-0.12177,2.025636102,16.566,11.780445,23.676,43.49,0.0605,0.196668182,1250,teiB13L11,teis-cascade_4_2,I,F,4,0.559,NA
8/30/19,12:01:43,3,27,1,43303,43322,2.453660832,1.463075,3.629757344,16.4705,11.497225,23.77,43.51,3.1895,-2.14E-15,1251,teiB13L11,teis-cascade_4_2,I,F,4,0.788,NA
8/30/19,12:06:43,4,28,1,43663,43682,2.278284624,1.175795,3.381668559,16.417,11.84963,23.8,43.201,3.2365,0,1252,teiB13L11,teis-cascade_4_2,I,F,4,0.711,NA
8/30/19,12:16:43,5,30,1,44290,44309,2.880929525,1.95559,4.186702604,16.769,11.69888,23.82,42.89,3.37,0.195609091,1253,teiB13L11,teis-cascade_4_2,I,M,4,0.46,NA
8/30/19,12:21:43,6,31,1,44598,44617,2.175092695,0.91463,3.164689774,16.75,11.889365,23.84,42.8945,3.3095,1.690372727,1254,teiB13L11,teis-cascade_4_2,I,M,4,0.372,NA
8/30/19,12:31:43,7,33,2,45106,45125,1.566944223,0.04696,2.309763211,16.5345,11.662365,23.86,42.6625,3.5895,0.981031818,1255,teiB13L11,teis-cascade_4_2,I,M,4,0.429,NA
8/30/19,12:36:43,8,34,2,45484,45503,1.826445425,0.410735,2.696818549,16.508,11.93186,23.8795,42.65,3.4305,0.342172727,1256,teiB13L11,teis-cascade_4_2,I,M,4,0.393,NA
8/30/19,12:46:43,9,36,2,46107,46126,1.48741066,-0.17815,2.119927836,17.1035,11.803715,23.91,42.81,3.4095,-1.07E-15,1257,teiB13L11,teis-cascade_4_2,U,F,4,0.49,NA
8/30/19,12:51:43,10,37,2,46394,46413,2.551618034,1.411875,3.717995882,16.732,12.0206,23.9485,42.77,3.518,0.839695455,1258,teiB13L11,teis-cascade_4_2,U,F,4,0.523,NA
8/30/19,13:01:43,11,39,2,47063,47082,2.467175876,1.190535,3.570397596,16.845,11.65554,23.9135,42.304,3.4895,0.393418182,1259,teiB13L11,teis-cascade_4_2,U,F,4,0.909,NA
8/30/19,13:06:43,12,40,2,47355,47374,1.951561841,0.438045,2.890067188,16.456,11.589515,23.8225,42.623,3.4615,0,1260,teiB13L11,teis-cascade_4_2,U,F,4,0.868,NA
8/30/19,13:16:43,13,42,2,47806,47825,1.94121084,0.35351,2.817949618,16.7755,11.349795,23.61,43.13,3.276,2.054463636,1261,teiB13L11,teis-cascade_4_2,U,M,4,0.36,NA
8/30/19,13:21:43,14,43,2,48263,48282,1.97181954,0.36369,2.856042132,16.8025,11.33833,23.426,43.67,3.448,0.260704545,1262,teiB13L11,teis-cascade_4_2,U,M,4,0.419,NA
8/30/19,13:31:43,15,45,2,48743,48762,1.88834014,0.909945,3.407608394,13.4795,11.377925,23.268,44.3005,3.0815,0.248490909,1263,teiB13L11,teis-cascade_4_2,U,M,4,0.484,bad flow
8/30/19,13:36:43,16,46,2,49037,49056,1.625378197,-0.143705,2.362164417,16.735,11.40594,23.23,44.74,3.399,0.184413636,1264,teiB13L11,teis-cascade_4_2,U,M,4,0.503,NA
9/2/19,10:00:10,7,9,1,36052,36071,2.680848215,2.517635,4.120034359,15.8285,10.963515,23.29,42.62,3.3305,-1.34E-16,1271,teiB13L11,teis-cascade_4_2,U,F,3,0.694,NA
9/2/19,10:05:08,8,10,1,36347,36366,1.7072919,0.93301,2.628836232,15.801,10.96593,23.34,42.55,3.45,1.872695455,1272,teiB13L11,teis-cascade_4_2,U,F,3,0.514,NA
9/2/19,10:15:09,9,12,1,36979,36998,2.244884436,1.55882,3.337083029,16.372,10.925635,23.43,42.452,3.3935,0,1273,teiB13L11,teis-cascade_4_2,I,M,3,0.469,NA
9/2/19,10:20:08,10,13,1,37368,37387,2.012005018,1.213575,3.071992077,15.9435,11.095375,23.5,42.1525,3.579,0.928018182,1274,teiB13L11,teis-cascade_4_2,I,M,3,0.431,NA
9/2/19,10:30:08,11,15,1,37910,37929,2.192205162,1.424315,3.324018147,16.0595,11.01224,23.59,41.94,3.327,0.521195455,1275,teiB13L11,teis-cascade_4_2,I,M,3,NA,dead
9/2/19,10:35:08,12,16,1,38262,38281,1.884439348,1.05384,3.01317309,15.233,11.16837,23.6705,41.865,3.3765,0.166177273,1276,teiB13L11,teis-cascade_4_2,I,M,3,0.468,NA
9/2/19,10:45:09,13,18,1,38709,38728,1.921326847,0.9421,2.92217666,16.0185,10.99034,23.74,41.854,3.355,0.000140909,1277,teiB13L11,teis-cascade_4_2,U,M,3,0.397,NA
9/2/19,10:50:08,14,19,1,39042,39061,1.974967595,0.97946,3.005530717,16.013,11.16279,23.8105,41.89,3.344,0,1278,teiB13L11,teis-cascade_4_2,U,M,3,0.484,NA
9/2/19,11:00:08,15,21,1,39609,39628,2.157002002,1.983825,4.043134566,13.0055,11.12948,23.923,41.78,3.322,0.584836364,1279,teiB13L11,teis-cascade_4_2,U,M,3,0.467,bad flow
9/2/19,11:05:08,16,22,1,39908,39927,2.43109666,1.62308,3.715583328,15.9535,11.205785,23.98,41.54,3.481,0.003054545,1280,teiB13L11,teis-cascade_4_2,U,M,3,0.449,NA
9/2/19,11:15:08,1,24,1,40556,40575,1.769709403,0.61107,2.740970725,15.7485,11.17605,24.09,40.7935,3.4805,0.688854545,1265,teiB13L11,teis-cascade_4_2,I,F,3,0.635,NA
9/2/19,11:20:08,2,25,1,40962,40981,2.123875591,1.107795,3.280233094,15.7935,11.35739,24.1,40.7815,3.375,4.28E-15,1266,teiB13L11,teis-cascade_4_2,I,F,3,0.663,NA
9/2/19,11:30:08,3,27,1,41446,41465,2.599657204,1.812245,4.012172047,15.807,11.16776,24.14,40.51,3.231,1.192659091,1267,teiB13L11,teis-cascade_4_2,I,F,3,0.558,NA
9/2/19,11:35:09,4,28,1,41778,41797,1.40190905,-0.08127,2.170014253,15.7615,11.33363,24.1585,40.31,3.3565,0.331504545,1268,teiB13L11,teis-cascade_4_2,I,F,3,0.757,NA
9/2/19,11:45:09,5,30,1,42309,42328,1.182262577,-0.51229,1.790654224,16.1075,10.981205,24.15,39.759,3.256,0,1269,teiB13L11,teis-cascade_4_2,U,F,3,0.546,NA
9/2/19,11:50:09,6,31,1,42720,42739,1.475458824,-0.18676,2.23079955,16.1275,10.762185,23.9955,40.06,3.374,0,1270,teiB13L11,teis-cascade_4_2,U,F,3,0.591,NA
9/2/19,12:00:09,7,33,2,43369,43388,2.242540971,0.978005,3.438387857,15.8865,10.550865,23.682,40.437,3.272,-1.71E-14,1271,teiB13L11,teis-cascade_4_2,U,F,3,0.694,NA
9/2/19,12:05:09,8,34,2,43610,43629,1.534918405,-0.127185,2.355266171,15.8675,10.46997,23.5605,40.07,3.2945,-6.86E-14,1272,teiB13L11,teis-cascade_4_2,U,F,3,0.514,NA
9/2/19,12:15:09,9,36,2,44257,44276,2.168241746,0.718335,3.22113146,16.375,10.53334,23.3,40.5095,0.0715,0.206231818,1273,teiB13L11,teis-cascade_4_2,I,M,3,0.469,NA
9/2/19,12:20:09,10,37,2,44467,44486,1.743772216,0.131265,2.644711117,16.0365,10.531015,23.2425,40.5985,0.0685,1.612445455,1274,teiB13L11,teis-cascade_4_2,I,M,3,0.431,NA
9/2/19,12:30:09,11,39,2,45084,45103,1.313522853,-0.526895,1.985815434,16.0845,10.813825,23.18,40.67,0.085,0.238827273,1275,teiB13L11,teis-cascade_4_2,I,M,3,NA,dead
9/2/19,12:35:09,12,40,2,45425,45444,1.719717804,0.23524,2.737294986,15.2775,10.91852,23.18,40.8965,0.072,-6.86E-14,1276,teiB13L11,teis-cascade_4_2,I,M,3,0.468,NA
9/2/19,12:45:09,13,42,2,46013,46032,1.820733712,0.26322,2.76433127,16.0125,10.69035,23.113,40.9545,0.0785,0.689481818,1277,teiB13L11,teis-cascade_4_2,U,M,3,0.397,NA
9/2/19,12:50:09,14,43,2,46209,46228,1.937347797,0.43595,2.937672381,16.0325,10.73997,23.11,40.97,0.0805,0.914031818,1278,teiB13L11,teis-cascade_4_2,U,M,3,0.484,NA
9/3/19,10:04:00,7,9,1,36333,36352,2.008708195,1.144265,3.124480287,15.612,13.853635,22.78,37.7085,3.2335,0.847409091,1287,teiB13L11,teis-cascade_4_2,I,M,4,0.428,NA
9/3/19,10:09:00,8,10,1,36664,36683,2.240022243,1.4076,3.480266074,15.6305,14.21907,22.7885,38.0745,3.2765,1.281404545,1288,teiB13L11,teis-cascade_4_2,I,M,4,0.415,NA
9/3/19,10:19:00,9,12,1,37213,37232,2.052471679,0.946245,3.084036205,16.164,13.92682,22.8305,38.14,3.149,-8.57E-15,1289,teiB13L11,teis-cascade_4_2,I,F,4,0.577,NA
9/3/19,10:24:00,10,13,1,37441,37460,1.741832657,0.47944,2.676248457,15.809,14.16979,22.85,38.164,3.3575,0.000140909,1290,teiB13L11,teis-cascade_4_2,I,F,4,0.64,NA
9/3/19,10:34:00,11,15,1,38040,38059,1.978246974,0.768295,3.028578602,15.87,13.83677,22.939,38.385,3.25,8.03E-16,1291,teiB13L11,teis-cascade_4_2,I,F,4,0.715,NA
9/3/19,10:39:00,12,16,1,38382,38401,2.129948653,1.166795,3.47952562,14.875,14.351075,22.98,38.4,3.3635,6.43E-15,1292,teiB13L11,teis-cascade_4_2,I,F,4,0.83,NA
9/3/19,10:49:00,13,18,1,38985,39004,1.76773738,0.361035,2.719873888,15.8,14.029275,23.09,38.5715,3.2705,4.28E-15,1293,teiB13L11,teis-cascade_4_2,U,M,4,0.493,NA
9/3/19,10:54:00,14,19,1,39322,39341,1.980701611,0.64726,3.057384014,15.753,14.500495,23.17,38.61,3.1345,0.022768182,1294,teiB13L11,teis-cascade_4_2,U,M,4,0.513,NA
9/3/19,11:04:00,15,21,1,39945,39964,1.710110608,0.79918,3.245486276,12.8165,14.33444,23.26,38.48,0.0495,-1.07E-15,1295,teiB13L11,teis-cascade_4_2,U,M,4,0.495,bad flow
9/3/19,11:09:00,16,22,1,40257,40276,1.874000462,0.41769,2.894419791,15.7515,14.62359,23.32,38.409,0.0535,1.730268182,1296,teiB13L11,teis-cascade_4_2,U,M,4,0.487,NA
9/3/19,11:19:00,1,24,1,40792,40811,2.308939159,1.12696,3.624635803,15.5035,14.301825,23.43,38.4115,0.056,0,1281,teiB13L11,teis-cascade_4_2,U,F,4,0.813,NA
9/3/19,11:24:00,2,25,1,41081,41100,1.852594543,0.360235,2.883111395,15.642,14.71353,23.497,38.43,0.0595,0,1282,teiB13L11,teis-cascade_4_2,U,F,4,0.741,NA
9/3/19,11:34:00,3,27,1,41661,41680,1.644277236,0.026595,2.57642115,15.5415,14.240095,23.61,38.27,0.066,-2.14E-15,1283,teiB13L11,teis-cascade_4_2,U,F,4,0.626,NA
9/3/19,11:39:00,4,28,1,42081,42100,2.162153855,0.79484,3.388604698,15.5425,14.925585,23.69,38.0005,0.053,-8.57E-15,1284,teiB13L11,teis-cascade_4_2,U,F,4,0.842,NA
9/3/19,11:49:00,5,30,1,42626,42645,1.235918308,-0.71353,1.90000797,15.845,14.478895,23.6875,37.576,0.059,0.455240909,1285,teiB13L11,teis-cascade_4_2,I,M,4,0.45,NA
9/3/19,11:53:59,6,31,1,42997,43016,2.072702774,0.541715,3.184161233,15.8545,14.820815,23.66,37.381,0.061,2.352968182,1286,teiB13L11,teis-cascade_4_2,I,M,4,0.495,NA
9/3/19,12:04:00,7,33,2,43440,43459,1.796548903,0.13705,2.796018929,15.6475,14.155075,23.5935,37.53,0.058,0.557131818,1287,teiB13L11,teis-cascade_4_2,I,M,4,0.428,NA
9/3/19,12:08:59,8,34,2,43878,43897,2.365012301,0.97611,3.687668347,15.6135,14.77756,23.53,37.6305,0.0755,3.317413636,1288,teiB13L11,teis-cascade_4_2,I,M,4,0.415,NA
9/3/19,12:19:00,9,36,2,44475,44494,1.685332511,-0.19543,2.543893545,16.1235,14.425425,23.43,37.837,0.0625,3.43E-14,1289,teiB13L11,teis-cascade_4_2,I,F,4,0.577,NA
9/3/19,12:24:00,10,37,2,44668,44687,1.75490965,-0.054435,2.702297815,15.8035,14.57776,23.4,37.8,0.0685,0.972754545,1290,teiB13L11,teis-cascade_4_2,I,F,4,0.64,NA
9/3/19,12:34:00,11,39,2,45342,45361,1.491611526,-0.500215,2.287038449,15.865,14.309695,23.282,38.085,0.074,-1.61E-15,1291,teiB13L11,teis-cascade_4_2,I,F,4,0.715,NA
9/3/19,12:39:00,12,40,2,45688,45707,1.887284764,0.270065,3.083622957,14.8855,14.68164,23.2385,38.48,0.092,-3.43E-14,1292,teiB13L11,teis-cascade_4_2,I,F,4,0.83,NA
9/3/19,12:49:01,13,42,2,46240,46259,1.815403807,-0.021625,2.789966394,15.8255,14.44017,23.2325,38.91,0.0695,0.063672727,1293,teiB13L11,teis-cascade_4_2,U,M,4,0.493,NA
9/3/19,12:54:00,14,43,2,46590,46609,1.597793708,-0.34177,2.464329533,15.773,14.925405,23.312,38.8175,0.076,0,1294,teiB13L11,teis-cascade_4_2,U,M,4,0.513,NA
9/3/19,13:03:59,15,45,2,47088,47107,1.834454452,0.669015,3.472549663,12.8585,14.502085,23.4685,38.46,0.0865,0.157731818,1295,teiB13L11,teis-cascade_4_2,U,M,4,0.495,bad flow
9/3/19,13:09:00,16,46,2,47428,47447,2.194962337,0.604365,3.40356712,15.7025,15.05692,23.57,38.672,0.091,0.2686,1296,teiB13L11,teis-cascade_4_2,U,M,4,0.487,NA
9/3/19,13:19:00,1,48,2,48088,48107,3.083079889,2.0357,4.837865663,15.5215,14.84836,23.66,39.011,0.122,1.576054545,1281,teiB13L11,teis-cascade_4_2,U,F,4,0.813,NA
9/3/19,13:23:59,2,49,2,48365,48384,1.433509714,-0.565825,2.240364453,15.584,15.019025,23.65,39.0855,0.1105,-8.57E-15,1282,teiB13L11,teis-cascade_4_2,U,F,4,0.741,NA
9/4/19,11:06:20,7,9,1,40037,40056,2.046010937,1.092835,3.241461743,15.3755,13.65415,23.6775,39.6385,0.061,0.063559091,1303,PC75,DMel_PC75,I,M,3,0.618,NA
9/4/19,11:11:20,8,10,1,40306,40325,2.102433561,1.10212,3.331839235,15.3685,14.06414,23.65,40.151,0.0575,0.336577273,1304,PC75,DMel_PC75,I,M,3,0.628,NA
9/4/19,11:21:20,9,12,1,40897,40916,2.042485881,0.80554,3.117036236,15.955,13.61275,23.57,40.4525,0.0615,3.43E-14,1305,PC75,DMel_PC75,U,F,3,0.79,NA
9/4/19,11:26:20,10,13,1,41327,41346,2.118648056,0.884975,3.309526376,15.5855,14.173405,23.535,40.534,0.055,1.807445455,1306,PC75,DMel_PC75,U,F,3,0.812,NA
9/4/19,11:36:20,11,15,1,41780,41799,1.964113564,0.592695,3.056088721,15.6445,13.600635,23.49,40.076,0.059,6.86E-14,1307,PC75,DMel_PC75,U,F,3,0.812,NA
9/4/19,11:41:20,12,16,1,42202,42221,2.03354315,0.702755,3.273446437,15.1195,14.1812,23.44,39.8895,0.062,-2.06E-13,1308,PC75,DMel_PC75,U,F,3,0.862,NA
9/4/19,11:51:20,13,18,1,42692,42711,1.856267614,0.29011,2.896650874,15.595,13.66868,23.4075,39.86,0.053,0,1309,PC75,DMel_PC75,I,F,3,0.86,NA
9/4/19,11:56:20,14,19,1,42991,43010,1.747172751,0.071735,2.728508058,15.582,14.03902,23.3895,39.8625,0.0545,2.68E-16,1310,PC75,DMel_PC75,I,F,3,0.809,NA
9/4/19,12:06:20,15,21,1,43739,43758,1.649494562,0.410175,3.131598678,12.8135,13.93674,23.3,39.6705,0.058,6.86E-14,1311,PC75,DMel_PC75,I,F,3,0.739,bad flow
9/4/19,12:11:20,16,22,1,43976,43995,1.850942021,0.142455,2.895113818,15.5515,14.08396,23.2755,39.3285,0.058,-6.86E-14,1312,PC75,DMel_PC75,I,F,3,0.877,NA
9/4/19,12:21:20,1,24,1,44625,44644,1.985636142,0.353795,3.146490441,15.3455,13.92177,23.18,39.07,0.0635,1.247427273,1297,PC75,DMel_PC75,U,M,3,0.546,NA
9/4/19,12:26:21,2,25,1,44780,44799,1.799674036,0.024065,2.833897838,15.4425,13.977625,23.18,39.2115,0.075,0.795354545,1298,PC75,DMel_PC75,U,M,3,0.617,NA
9/4/19,12:36:20,3,27,1,45380,45399,1.322795824,-0.74207,2.094376234,15.3565,13.55763,23.146,39.448,0.0795,0,1299,PC75,DMel_PC75,U,M,3,0.566,NA
9/4/19,12:41:21,4,28,1,45800,45819,1.670064564,-0.20865,2.653329714,15.301,14.13306,23.096,39.55,0.084,0.907140909,1300,PC75,DMel_PC75,U,M,3,0.572,NA
9/4/19,12:51:20,5,30,1,46320,46339,1.532390152,-0.508205,2.373333277,15.6945,13.658495,23.0625,39.59,0.085,1.090659091,1301,PC75,DMel_PC75,I,M,3,0.524,NA
9/4/19,12:56:20,6,31,1,46580,46599,1.376980812,-0.770235,2.136688573,15.664,13.96446,23.05,39.4215,0.074,2.389236364,1302,PC75,DMel_PC75,I,M,3,0.576,NA
9/4/19,13:06:20,7,33,2,47265,47284,1.481252396,-0.593265,2.333760981,15.425,13.75793,23.0075,39.607,0.079,1.37E-13,1303,PC75,DMel_PC75,I,M,3,0.618,NA
9/4/19,13:11:21,8,34,2,47515,47534,1.310983505,-0.85905,2.072153218,15.375,14.048705,22.9975,39.6175,0.1005,-4.11E-13,1304,PC75,DMel_PC75,I,M,3,0.628,NA
9/4/19,13:21:21,9,36,2,48088,48107,1.668097093,-0.39604,2.544044644,15.9335,13.583715,22.98,39.686,0.1045,6.86E-14,1305,PC75,DMel_PC75,U,F,3,0.79,NA
9/4/19,13:26:20,10,37,2,48381,48400,1.535167176,-0.55512,2.399224032,15.5485,13.979095,22.971,39.9375,0.1075,6.86E-14,1306,PC75,DMel_PC75,U,F,3,0.812,NA
9/4/19,13:36:21,11,39,2,48999,49018,1.522398141,-0.59669,2.366033018,15.635,13.60264,22.965,39.838,0.1095,-1.03E-13,1307,PC75,DMel_PC75,U,F,3,0.812,NA
9/4/19,13:41:21,12,40,2,49296,49315,1.78716768,-0.08849,2.874494688,15.1075,14.011035,22.96,39.4905,0.1205,0.106822727,1308,PC75,DMel_PC75,U,F,3,0.862,NA
9/4/19,13:51:21,13,42,2,50041,50060,1.4511607,-0.708505,2.263520364,15.577,13.889715,22.94,38.586,0.128,-6.86E-14,1309,PC75,DMel_PC75,I,F,3,0.86,NA
9/4/19,13:56:21,14,43,2,50219,50238,1.399638787,-0.797745,2.179755358,15.601,14.020795,22.93,38.3795,0.143,2.14E-15,1310,PC75,DMel_PC75,I,F,3,0.809,NA
9/4/19,14:06:21,15,45,2,50842,50861,1.32210196,-0.474515,2.507062625,12.814,13.765955,22.96,38.43,3.0165,-1.37E-13,1311,PC75,DMel_PC75,I,F,3,0.739,bad flow
9/4/19,14:11:21,16,46,2,51241,51260,1.526186709,-0.58483,2.396815776,15.478,14.34301,23.06,38.33,3.3235,-6.86E-14,1312,PC75,DMel_PC75,I,F,3,0.877,NA
9/4/19,14:21:21,1,48,2,51831,51850,1.19864502,-1.056865,1.909559821,15.2675,14.24727,23.25,38.1375,3.4735,0,1297,PC75,DMel_PC75,U,M,3,0.546,NA
9/4/19,14:26:21,2,49,2,51981,52000,1.604234257,-0.418045,2.54021028,15.3635,14.3818,23.2965,37.9615,3.396,1.162272727,1298,PC75,DMel_PC75,U,M,3,0.617,NA
9/4/19,14:36:21,3,51,2,52581,52600,1.388663351,-0.741995,2.201040135,15.357,13.7888,23.4665,37.67,3.3485,-1.37E-13,1299,PC75,DMel_PC75,U,M,3,0.566,NA
9/4/19,14:41:21,4,52,2,52881,52900,1.337354159,-0.79528,2.133882013,15.26,14.512595,23.57,37.0215,3.387,1.046281818,1300,PC75,DMel_PC75,U,M,3,0.572,NA
9/4/19,14:51:21,5,54,2,53641,53660,1.131778421,-1.146065,1.772720088,15.568,14.59004,24,36.14,3.5115,1.37E-13,1301,PC75,DMel_PC75,I,M,3,0.524,NA
9/4/19,14:56:21,6,55,2,53940,53959,1.257301993,-0.95061,1.965553172,15.601,14.82292,24.06,35.88,3.5045,0,1302,PC75,DMel_PC75,I,M,3,0.576,NA
9/5/19,11:27:47,7,9,1,41364,41383,1.966571479,1.271385,3.169544315,15.0825,13.2067,23.08,32.287,3.128,1.133286364,1319,PC75,DMel_PC75,I,F,4,0.822,NA
9/5/19,11:32:47,8,10,1,41644,41663,2.118818706,1.435675,3.42800842,15.0265,13.534105,23.11,32.68,3.345,0,1320,PC75,DMel_PC75,I,F,4,0.805,NA
9/5/19,11:42:47,9,12,1,42295,42314,2.054127926,1.13251,3.205902457,15.581,13.381885,23.18,32.8955,3.096,1.061195455,1321,PC75,DMel_PC75,U,M,4,0.644,NA
9/5/19,11:47:47,10,13,1,42467,42486,1.606755795,0.463035,2.569790746,15.206,13.53424,23.217,33.027,3.2485,-1.07E-15,1322,PC75,DMel_PC75,U,M,4,0.567,NA
9/5/19,11:57:47,11,15,1,43178,43197,2.025155165,1.048815,3.224225762,15.2825,13.48058,23.3525,32.35,3.2535,1.4084,1323,PC75,DMel_PC75,U,M,4,0.544,NA
9/5/19,12:02:47,12,16,1,43501,43520,1.677437962,0.58506,2.808520078,14.5345,13.857165,23.4,31.4,2.7825,6.86E-14,1324,PC75,DMel_PC75,U,M,4,0.615,NA
9/5/19,12:12:47,13,18,1,44050,44069,2.56829765,1.843465,4.105897175,15.227,13.509035,23.5,31.5435,3.2835,1.297836364,1325,PC75,DMel_PC75,U,F,4,0.994,NA
9/5/19,12:17:47,14,19,1,44278,44297,2.244832076,1.291145,3.589725782,15.2245,13.8414,23.53,31.55,3.2335,0.084463636,1326,PC75,DMel_PC75,U,F,4,0.991,NA
9/5/19,12:27:47,15,21,1,44935,44954,2.375759792,2.26281,4.628686341,12.495,13.422305,23.51,31.61,3.3125,0.707122727,1327,PC75,DMel_PC75,U,F,4,0.992,bad flow
9/5/19,12:32:47,16,22,1,45234,45253,2.064113831,0.88111,3.310822366,15.174,13.7339,23.45,31.382,3.3445,1.37E-13,1328,PC75,DMel_PC75,U,F,4,1.007,NA
9/5/19,12:42:47,1,24,1,45844,45863,1.805100529,0.45482,2.930009606,14.989,13.456045,23.34,31.2615,3.4635,2.643268182,1313,PC75,DMel_PC75,I,M,4,0.5,NA
9/5/19,12:47:47,2,25,1,46188,46207,0.55645097,-1.618535,0.895958316,15.1065,13.76402,23.26,31.8005,3.0155,-5.36E-16,1314,PC75,DMel_PC75,I,M,4,NA,empty
9/5/19,12:57:47,3,27,1,46667,46686,0.493614624,-1.73639,0.798133281,15.039,13.224285,23.18,31.99,3.393,0,1315,PC75,DMel_PC75,I,M,4,NA,empty
9/5/19,13:02:47,4,28,1,46980,46999,0.503085835,-1.7539,0.815642057,14.998,13.70663,23.17,32.106,3.296,-2.68E-16,1316,PC75,DMel_PC75,I,M,4,NA,empty
9/5/19,13:12:47,5,30,1,47609,47628,1.742032535,0.159425,2.762644052,15.329,13.331325,23.09,31.94,3.343,0,1317,PC75,DMel_PC75,I,F,4,0.915,NA
9/5/19,13:17:47,6,31,1,47972,47991,1.483539397,-0.287845,2.349594702,15.3475,13.689625,23.06,32.075,3.3485,2.74E-13,1318,PC75,DMel_PC75,I,F,4,0.801,NA
9/5/19,13:27:47,7,33,2,48626,48645,1.439430183,-0.34607,2.321515052,15.0675,13.50787,22.986,32.9755,3.2425,0.011045455,1319,PC75,DMel_PC75,I,F,4,0.822,NA
9/5/19,13:32:47,8,34,2,48905,48924,1.476074677,-0.30846,2.382397443,15.0555,13.72459,22.97,33.1,3.3975,1.37E-13,1320,PC75,DMel_PC75,I,F,4,0.805,NA
9/5/19,13:42:47,9,36,2,49483,49502,1.434906609,-0.4546,2.244368429,15.534,13.496405,22.94,33.479,3.3485,6.86E-14,1321,PC75,DMel_PC75,U,M,4,0.644,NA
9/5/19,13:47:47,10,37,2,49669,49688,1.229209903,-0.73657,1.966552902,15.187,13.61135,22.94,33.6145,3.2005,2.14E-15,1322,PC75,DMel_PC75,U,M,4,0.567,NA
9/5/19,13:57:47,11,39,2,50271,50290,1.232390129,-0.740775,1.96202981,15.2605,13.219605,22.92,33.849,2.031,0.000268182,1323,PC75,DMel_PC75,U,M,4,0.544,NA
9/5/19,14:02:47,12,40,2,50711,50730,1.508999471,-0.16587,2.523555671,14.528,13.84204,22.92,33.997,0.1335,0.887463636,1324,PC75,DMel_PC75,U,M,4,0.615,NA
9/5/19,14:12:47,13,42,2,51167,51186,1.959228416,0.44867,3.13581868,15.185,13.35338,23.029,33.818,0.165,6.86E-14,1325,PC75,DMel_PC75,U,F,4,0.994,NA
9/5/19,14:17:47,14,43,2,51614,51633,1.737208263,0.10621,2.788175522,15.153,14.116575,23.22,33.3505,0.1415,0,1326,PC75,DMel_PC75,U,F,4,0.991,NA
9/5/19,14:27:47,15,45,2,52152,52171,2.246783655,1.724935,4.400917734,12.426,13.740775,23.457,33.51,0.063,0.718222727,1327,PC75,DMel_PC75,U,F,4,0.992,bad flow
9/5/19,14:32:47,16,46,2,52367,52386,1.844512698,0.309165,2.979412505,15.074,14.08044,23.569,33.9295,0.109,0,1328,PC75,DMel_PC75,U,F,4,1.007,NA
9/5/19,14:42:47,1,48,2,53120,53139,1.7083619,0.13716,2.791966796,14.9135,14.130315,23.8635,33.631,0.0805,2.631913636,1313,PC75,DMel_PC75,I,M,4,0.5,NA
9/5/19,14:47:47,2,49,2,53352,53371,0.441782121,-1.92672,0.719119512,14.9785,14.371765,23.9645,33.8425,0.1765,0,1314,PC75,DMel_PC75,I,M,4,NA,empty
9/10/19,11:13:18,7,9,1,40553,40572,0.761868277,-0.411225,1.291654714,14.303,12.83163,22.3535,41.91,3.2975,-2.68E-16,1335,PC75,DMel_PC75,U,M,5,NA,empty
9/10/19,11:18:18,8,10,1,40711,40730,2.582405964,2.632975,4.377023574,14.3075,12.904675,22.37,42.04,3.446,1.508681818,1336,PC75,DMel_PC75,U,M,5,0.595,NA
9/10/19,11:28:18,9,12,1,41332,41351,1.815162124,1.1632,2.986529682,14.7405,12.680605,22.4005,42.112,3.4265,0,1337,PC75,DMel_PC75,U,F,5,0.767,NA
9/10/19,11:33:18,10,13,1,41655,41674,2.157209392,1.730975,3.631073926,14.4095,13.05193,22.42,41.9985,3.4785,1.37E-13,1338,PC75,DMel_PC75,U,F,5,0.856,NA
9/10/19,11:43:18,11,15,1,42199,42218,1.894802969,1.215315,3.168171986,14.507,12.72154,22.44,41.8885,3.466,-6.86E-14,1339,PC75,DMel_PC75,U,F,5,0.795,NA
9/10/19,11:48:19,12,16,1,42658,42677,1.87155702,1.195625,3.241199772,14.0075,13.292595,22.47,41.7315,3.4185,0,1340,PC75,DMel_PC75,U,F,5,0.724,NA
9/10/19,11:58:19,13,18,1,43137,43156,1.88628696,1.101345,3.170192555,14.4355,12.87279,22.5005,41.714,3.294,0.308663636,1341,PC75,DMel_PC75,I,F,5,0.703,NA
9/10/19,12:03:19,14,19,1,43408,43427,1.708509723,0.77528,2.87868282,14.4005,13.227435,22.53,41.77,3.617,-8.57E-15,1342,PC75,DMel_PC75,I,F,5,0.808,NA
9/10/19,12:13:19,15,21,1,44028,44047,1.858127531,1.65023,3.789294184,11.9,13.010495,22.58,41.67,3.4185,0.068563636,1343,PC75,DMel_PC75,I,F,5,0.725,bad flow
9/10/19,12:18:19,16,22,1,44364,44383,1.559977651,0.461045,2.632322734,14.384,13.386025,22.63,41.586,3.363,6.86E-14,1344,PC75,DMel_PC75,I,F,5,0.728,NA
9/10/19,12:28:19,1,24,1,45049,45068,1.150402388,-0.23765,1.968159793,14.19,13.39001,22.694,41.226,3.289,2.68E-16,1329,PC75,DMel_PC75,I,M,5,0.441,NA
9/10/19,12:33:19,2,25,1,45343,45362,1.211211969,-0.17409,2.057504762,14.293,13.59755,22.73,41.274,3.5535,0,1330,PC75,DMel_PC75,I,M,5,0.538,NA
9/10/19,12:43:19,3,27,1,45850,45869,1.076342219,-0.42372,1.836699287,14.231,13.128565,22.78,41.07,0.065,0,1331,PC75,DMel_PC75,I,M,5,0.404,NA
9/10/19,12:48:19,4,28,1,46211,46230,1.270818242,-0.137185,2.176410433,14.1815,13.584215,22.82,40.872,0.0855,1.71E-14,1332,PC75,DMel_PC75,I,M,5,0.451,NA
9/10/19,12:58:19,5,30,1,46700,46719,1.264495355,-0.2094,2.121081256,14.481,13.017695,22.86,40.7615,0.063,-8.57E-15,1333,PC75,DMel_PC75,U,M,5,0.547,NA
9/10/19,13:03:19,6,31,1,47090,47109,1.182213629,-0.3708,1.984832337,14.4705,13.59308,22.91,40.62,0.0745,1.71E-14,1334,PC75,DMel_PC75,U,M,5,0.524,NA
9/10/19,13:13:19,7,33,2,47616,47635,0.466845331,-1.57512,0.79372619,14.2915,13.12056,22.9525,40.62,0.117,-1.07E-15,1335,PC75,DMel_PC75,U,M,5,NA,empty
9/10/19,13:18:19,8,34,2,47922,47941,1.500902959,0.176675,2.562547307,14.233,13.60428,22.981,40.49,0.12,1.37E-13,1336,PC75,DMel_PC75,U,M,5,0.595,NA
9/10/19,13:28:19,9,36,2,48595,48614,1.531549437,0.13051,2.535935862,14.6785,13.37647,23.03,39.79,0.1285,6.86E-14,1337,PC75,DMel_PC75,U,F,5,0.767,NA
9/10/19,13:33:18,10,37,2,48847,48866,1.584367797,0.260245,2.678412968,14.3785,13.67638,23.063,39.447,0.1005,1.37E-13,1338,PC75,DMel_PC75,U,F,5,0.856,NA
9/10/19,13:43:19,11,39,2,49399,49418,1.629390336,0.312235,2.740262264,14.4555,13.20312,23.11,38.89,0.0635,1.010181818,1339,PC75,DMel_PC75,U,F,5,0.795,NA
9/10/19,13:48:18,12,40,2,49704,49723,1.474608913,0.11967,2.556567805,14.0245,13.677775,23.1525,38.87,0.0835,2.27E-05,1340,PC75,DMel_PC75,U,F,5,0.724,NA
9/10/19,13:58:19,13,42,2,50365,50384,1.563724866,0.19945,2.641672207,14.3945,13.42239,23.18,38.68,3.5195,0.272459091,1341,PC75,DMel_PC75,I,F,5,0.703,NA
9/10/19,14:03:19,14,43,2,50614,50633,1.490769499,0.08188,2.524790143,14.358,13.73585,23.18,38.8715,3.3725,1.71E-14,1342,PC75,DMel_PC75,I,F,5,0.808,NA
9/10/19,14:13:19,15,45,2,51242,51261,1.690383205,0.99358,3.448250819,11.9225,13.44387,23.23,38.94,3.415,0.794645455,1343,PC75,DMel_PC75,I,F,5,0.725,bad flow
9/10/19,14:18:19,16,46,2,51640,51659,1.410478365,-0.097275,2.383545745,14.393,13.91459,23.25,38.632,3.4325,2.74E-13,1344,PC75,DMel_PC75,I,F,5,0.728,NA
9/11/19,10:19:34,7,9,1,37322,37341,2.335757175,2.089345,3.972491161,14.2545,12.57414,22.28,40.764,3.436,0.734390909,1351,PC75,DMel_PC75,U,M,6,0.575,NA
9/11/19,10:24:34,8,10,1,37475,37494,2.047661127,1.56221,3.488685958,14.2295,12.64042,22.285,40.8305,3.219,1.724845455,1352,PC75,DMel_PC75,U,M,6,0.503,NA
9/11/19,10:34:34,9,12,1,38151,38170,2.451332338,2.02269,4.040732077,14.709,12.473425,22.31,40.6165,3.3175,0.724081818,1353,PC75,DMel_PC75,U,F,6,0.825,NA
9/11/19,10:39:34,10,13,1,38399,38418,1.83782444,1.02701,3.097710585,14.3845,12.706825,22.31,40.4635,3.266,0.017104545,1354,PC75,DMel_PC75,U,F,6,0.696,NA
9/11/19,10:49:35,11,15,1,39120,39139,2.3882536,1.84241,3.998213659,14.4835,12.625895,22.327,39.83,3.3905,0.790068182,1355,PC75,DMel_PC75,U,F,6,0.902,NA
9/11/19,10:54:34,12,16,1,39416,39435,1.907101424,1.078315,3.2923916,14.0455,12.880805,22.34,39.8305,3.448,1.37E-13,1356,PC75,DMel_PC75,U,F,6,0.977,NA
9/11/19,11:04:35,13,18,1,39874,39893,1.762870736,0.727885,2.965284122,14.417,12.44055,22.37,39.6275,2.923,0.412327273,1357,PC75,DMel_PC75,I,M,6,0.509,NA
9/11/19,11:09:34,14,19,1,40335,40354,1.418241657,0.089945,2.390191006,14.391,12.983585,22.41,38.9315,0.049,0,1358,PC75,DMel_PC75,I,M,6,0.509,NA
9/11/19,11:19:35,15,21,1,40900,40919,1.17101862,0.061145,2.396894327,11.8525,12.745335,22.49,38.46,2.823,1.03E-13,1359,PC75,DMel_PC75,I,M,6,0.392,bad flow
9/11/19,11:24:34,16,22,1,41189,41208,1.070221864,-0.562955,1.811484579,14.3345,13.0162,22.5215,38.281,2.8085,0,1360,PC75,DMel_PC75,I,M,6,0.339,NA
9/11/19,11:34:35,1,24,1,41833,41852,1.691155164,0.49649,2.898196611,14.1625,12.97151,22.618,37.63,2.9855,1.07E-15,1345,PC75,DMel_PC75,I,F,6,0.715,NA
9/11/19,11:39:35,2,25,1,42035,42054,1.633773353,0.36438,2.780118249,14.2635,13.08163,22.6265,37.4455,2.8895,0.000836364,1346,PC75,DMel_PC75,I,F,6,0.767,NA
9/11/19,11:49:35,3,27,1,42575,42594,1.563732788,0.24467,2.676121396,14.1855,12.596305,22.69,37.125,2.967,3.43E-14,1347,PC75,DMel_PC75,I,F,6,0.571,NA
9/11/19,11:54:35,4,28,1,43035,43054,1.948322919,0.87833,3.338578061,14.171,13.23147,22.7655,36.85,0.076,4.11E-13,1348,PC75,DMel_PC75,I,F,6,0.842,NA
9/11/19,12:04:35,5,30,1,43475,43494,1.362568932,-0.178975,2.291510636,14.4405,12.64482,22.8,36.4515,0.0675,0.075909091,1349,PC75,DMel_PC75,U,M,6,0.562,NA
9/11/19,12:09:35,6,31,1,43835,43854,1.311795231,-0.295345,2.201947048,14.4695,13.18378,22.83,36.116,0.0365,-2.74E-13,1350,PC75,DMel_PC75,U,M,6,0.547,NA
9/11/19,12:19:35,7,33,2,44423,44442,1.26802848,-0.345625,2.162081658,14.2465,12.83779,22.87,35.76,0.0365,-2.74E-13,1351,PC75,DMel_PC75,U,M,6,0.575,NA
9/11/19,12:24:35,8,34,2,44702,44721,1.514173282,0.07304,2.584300559,14.233,13.2088,22.88,35.6005,0.062,0.830109091,1352,PC75,DMel_PC75,U,M,6,0.503,NA
9/11/19,12:34:35,9,36,2,45338,45357,2.236798556,1.180085,3.699139114,14.691,12.923325,22.92,35.39,0.0295,0.533654545,1353,PC75,DMel_PC75,U,F,6,0.825,NA
9/11/19,12:39:35,10,37,2,45709,45728,1.47022764,-0.045265,2.485311104,14.373,13.339805,22.9325,35.4555,0.0545,-6.86E-14,1354,PC75,DMel_PC75,U,F,6,0.696,NA
9/11/19,12:49:35,11,39,2,46226,46245,1.937178007,0.72299,3.259229056,14.4425,12.92806,22.96,35.32,1.963,0.84855,1355,PC75,DMel_PC75,U,F,6,0.902,NA
9/11/19,12:54:35,12,40,2,46494,46513,1.7899034,0.558405,3.101415242,14.0235,13.253285,22.96,35.184,2.806,1.852081818,1356,PC75,DMel_PC75,U,F,6,0.977,NA
9/11/19,13:04:35,13,42,2,47235,47254,1.569338902,0.094385,2.648839722,14.399,13.21094,23.02,35.64,3.495,-2.06E-13,1357,PC75,DMel_PC75,I,M,6,0.509,NA
9/11/19,13:09:35,14,43,2,47492,47511,1.109819226,-0.680295,1.880943817,14.3425,13.45337,23.07,35.613,3.4325,0,1358,PC75,DMel_PC75,I,M,6,0.509,NA
9/11/19,13:19:35,15,45,2,48124,48143,0.997613508,-0.512595,2.051724028,11.8235,13.29074,23.18,35.89,3.408,-3.43E-14,1359,PC75,DMel_PC75,I,M,6,0.392,bad flow
9/11/19,13:24:34,16,46,2,48341,48360,0.947906677,-0.9551,1.610559793,14.313,13.501575,23.2025,35.913,3.406,0,1360,PC75,DMel_PC75,I,M,6,0.339,NA
9/12/19,11:19:57,7,9,1,40797,40816,1.607467536,0.933725,2.745857103,14.197,12.105545,22.38,39.874,3.283,-2.68E-16,1367,PC75,DMel_PC75,U,M,3,0.467,NA
9/12/19,11:24:57,8,10,1,41102,41121,1.935137473,1.408815,3.307792763,14.1875,12.471285,22.38,39.86,3.2735,-3.43E-14,1368,PC75,DMel_PC75,U,M,3,0.63,NA
9/12/19,11:34:57,9,12,1,41845,41864,2.20620148,1.638955,3.655447492,14.6375,12.39969,22.4,39.83,3.2835,0.601668182,1369,PC75,DMel_PC75,I,M,3,0.637,NA
9/12/19,11:39:57,10,13,1,42157,42176,1.570055836,0.558075,2.653534711,14.3505,12.63178,22.41,39.76,3.237,-6.86E-14,1370,PC75,DMel_PC75,I,M,3,0.537,NA
9/12/19,11:49:57,11,15,1,42597,42616,1.581244797,0.537815,2.663161374,14.4005,12.176415,22.41,39.5445,3.3015,-3.43E-14,1371,PC75,DMel_PC75,I,M,3,0.494,NA
9/12/19,11:54:56,12,16,1,43057,43076,1.382221739,0.1648,2.387766589,14.0405,12.70293,22.422,39.63,3.34,0.106986364,1372,PC75,DMel_PC75,I,M,3,0.421,NA
9/12/19,12:04:57,13,18,1,43610,43629,1.771923109,0.73609,2.990840732,14.3705,12.4409,22.44,39.76,3.4205,0.083763636,1373,PC75,DMel_PC75,U,F,3,0.838,NA
9/12/19,12:09:57,14,19,1,43945,43964,1.800489247,0.747765,3.043932181,14.349,12.76639,22.47,39.89,1.985,-1.71E-14,1374,PC75,DMel_PC75,U,F,3,0.796,NA
9/12/19,12:19:58,15,21,1,44397,44416,1.891946125,1.5485,3.86369054,11.881,12.35543,22.525,39.81,0.0545,1.71E-14,1375,PC75,DMel_PC75,U,F,3,0.891,bad flow
9/12/19,12:24:57,16,22,1,44856,44875,1.675350819,0.46906,2.842283733,14.304,12.83733,22.575,39.72,0.0565,-6.86E-14,1376,PC75,DMel_PC75,U,F,3,0.704,NA
9/12/19,12:34:57,1,24,1,45328,45347,1.754782506,0.62909,3.011048744,14.146,12.476335,22.645,39.52,0.071,0.000268182,1361,PC75,DMel_PC75,I,F,3,0.807,NA
9/12/19,12:39:57,2,25,1,45705,45724,1.737340025,0.577065,2.976610593,14.169,12.92587,22.6835,39.397,0.079,3.43E-14,1362,PC75,DMel_PC75,I,F,3,0.861,NA
9/12/19,12:49:57,3,27,1,46263,46282,1.502719395,0.17124,2.583825284,14.1225,12.59833,22.76,39.21,0.086,-1.71E-14,1363,PC75,DMel_PC75,I,F,3,0.784,NA
9/12/19,12:54:56,4,28,1,46656,46675,1.311205769,-0.17759,2.255336782,14.119,13.04192,22.8,39.27,0.092,0.351686364,1364,PC75,DMel_PC75,I,F,3,0.546,NA
9/12/19,13:04:56,5,30,1,47167,47186,1.844887762,0.66866,3.119953368,14.363,12.690605,22.8505,39.27,3.372,1.238977273,1365,PC75,DMel_PC75,U,M,3,0.588,NA
9/12/19,13:09:57,6,31,1,47510,47529,1.431599757,-0.061775,2.420008173,14.3705,13.0954,22.88,39,3.4635,1.07E-15,1366,PC75,DMel_PC75,U,M,3,0.606,NA
9/12/19,13:19:57,7,33,2,48054,48073,1.204325325,-0.43069,2.066284634,14.162,12.718375,22.9525,39.3,3.603,0,1367,PC75,DMel_PC75,U,M,3,0.467,NA
9/12/19,13:24:57,8,34,2,48301,48320,1.435748623,-0.044385,2.466038092,14.148,13.052615,22.98,39.17,3.4625,-1.03E-13,1368,PC75,DMel_PC75,U,M,3,0.63,NA
9/12/19,13:34:57,9,36,2,49056,49075,1.426704813,-0.1513,2.377386249,14.587,13.007105,23.06,38.16,3.5115,-1.37E-13,1369,PC75,DMel_PC75,I,M,3,0.637,NA
9/12/19,13:39:57,10,37,2,49268,49287,1.245165363,-0.41722,2.118265053,14.2895,13.215165,23.0845,38.005,3.515,-6.86E-14,1370,PC75,DMel_PC75,I,M,3,0.537,NA
9/12/19,13:49:57,11,39,2,49847,49866,1.223650071,-0.48265,2.072468984,14.3555,12.82215,23.14,37.485,3.352,0,1371,PC75,DMel_PC75,I,M,3,0.494,NA
9/12/19,13:54:57,12,40,2,50250,50269,1.074793173,-0.72341,1.868697545,13.986,13.357995,23.18,37.4185,3.3665,0,1372,PC75,DMel_PC75,I,M,3,0.421,NA
9/12/19,14:04:57,13,42,2,50718,50737,1.733193933,0.3435,2.939553446,14.3375,12.828975,23.18,37.49,3.405,1.106331818,1373,PC75,DMel_PC75,U,F,3,0.838,NA
9/12/19,14:09:57,14,43,2,51077,51096,1.473844131,-0.091625,2.510228458,14.2805,13.389235,23.2465,37.317,0.095,5.14E-14,1374,PC75,DMel_PC75,U,F,3,0.796,NA
9/12/19,14:19:57,15,45,2,51757,51776,1.801079705,1.10454,3.698005691,11.8505,13.25634,23.36,36.5325,0.16,0,1375,PC75,DMel_PC75,U,F,3,0.891,bad flow
9/12/19,14:24:57,16,46,2,51952,51971,1.561335166,0.07323,2.660071935,14.283,13.431955,23.39,36.4,0.158,6.86E-14,1376,PC75,DMel_PC75,U,F,3,0.704,NA
9/12/19,14:34:57,1,48,2,52595,52614,1.468023579,-0.051555,2.537711716,14.084,13.25005,23.5405,36.0085,0.1575,0,1361,PC75,DMel_PC75,I,F,3,0.807,NA
9/12/19,14:39:57,2,49,2,52824,52843,1.520591783,0.019955,2.615577462,14.1565,13.513675,23.59,35.83,0.1625,-6.86E-14,1362,PC75,DMel_PC75,I,F,3,0.861,NA
9/12/19,14:49:57,3,51,2,53553,53572,1.360730283,-0.263145,2.348831665,14.114,13.44304,23.7425,35.6295,0.163,0,1363,PC75,DMel_PC75,I,F,3,0.784,NA
9/12/19,14:54:57,4,52,2,53836,53855,1.239924702,-0.481505,2.142762299,14.1005,13.738835,23.8,35.49,0.152,0,1364,PC75,DMel_PC75,I,F,3,0.546,NA
9/12/19,15:04:57,5,54,2,54444,54463,1.318294194,-0.36659,2.245098595,14.3105,13.486855,23.8425,34.79,0.1525,6.86E-14,1365,PC75,DMel_PC75,U,M,3,0.588,NA
9/12/19,15:09:57,6,55,2,54717,54736,1.294412953,-0.40057,2.197391274,14.3575,13.77084,23.87,34.71,0.144,0,1366,PC75,DMel_PC75,U,M,3,0.606,NA
9/13/19,11:19:50,7,9,1,40840,40859,2.12051135,1.79368,3.614586686,14.2285,12.060025,22.41,37.51,3.352,1.297986364,1383,PC75,DMel_PC75,U,M,4,0.552,NA
9/13/19,11:24:50,8,10,1,41192,41211,1.312828506,0.32642,2.24146453,14.206,12.432135,22.4225,37.45,3.3345,-4.28E-15,1384,PC75,DMel_PC75,U,M,4,0.356,NA
9/13/19,11:34:50,9,12,1,41844,41863,1.6772147,0.78899,2.786382954,14.6015,12.279585,22.46,37.4165,2.97,0,1385,PC75,DMel_PC75,I,M,4,0.529,NA
9/13/19,11:39:50,10,13,1,42145,42164,1.787152781,0.960985,3.026643291,14.325,12.51604,22.49,37.21,3.3355,0.872559091,1386,PC75,DMel_PC75,I,M,4,0.461,NA
9/13/19,11:49:50,11,15,1,42724,42743,1.772025696,0.878175,2.992559151,14.3675,12.325055,22.53,37.1545,3.411,1.605068182,1387,PC75,DMel_PC75,I,M,4,0.519,NA
9/13/19,11:54:50,12,16,1,42890,42909,1.534737267,0.49172,2.634728807,14.1345,12.454595,22.55,37.24,3.199,6.43E-15,1388,PC75,DMel_PC75,I,M,4,0.515,NA
9/13/19,12:04:50,13,18,1,43492,43511,1.78737801,0.834375,3.021919251,14.3545,12.158295,22.6,37.069,3.386,0,1389,PC75,DMel_PC75,I,F,4,0.862,NA
9/13/19,12:09:50,14,19,1,43827,43846,1.66725285,0.590815,2.817354923,14.3635,12.58584,22.63,37.17,2.974,-1.71E-14,1390,PC75,DMel_PC75,I,F,4,0.714,NA
9/13/19,12:19:50,15,21,1,44390,44409,1.52303907,0.85053,3.108532404,11.894,12.27873,22.68,36.9595,3.389,0.102054545,1391,PC75,DMel_PC75,I,F,4,0.672,bad flow
9/13/19,12:24:50,16,22,1,44736,44755,1.478249176,0.20451,2.505365158,14.325,12.66791,22.71,36.66,3.282,6.86E-14,1392,PC75,DMel_PC75,I,F,4,0.583,NA
9/13/19,12:34:50,1,24,1,45333,45352,1.521285811,0.284705,2.616906505,14.117,12.41112,22.78,36.9815,3.346,-3.43E-14,1377,PC75,DMel_PC75,U,F,4,0.771,NA
9/13/19,12:39:50,2,25,1,45596,45615,1.779483341,0.68788,3.044552913,14.195,12.74965,22.81,36.9155,3.3625,0.128340909,1378,PC75,DMel_PC75,U,F,4,0.841,NA
9/13/19,12:49:50,3,27,1,46206,46225,1.456933047,0.125155,2.50731544,14.1155,12.383,22.8775,37.489,3.2965,3.43E-14,1379,PC75,DMel_PC75,U,F,4,0.717,NA
9/13/19,12:54:50,4,28,1,46493,46512,1.424445636,0.049245,2.451671611,14.1165,12.82384,22.93,37.9625,3.3355,6.86E-14,1380,PC75,DMel_PC75,U,F,4,0.608,NA
9/13/19,13:04:50,5,30,1,47222,47241,1.413186154,-0.03711,2.38363318,14.4105,12.76284,23.05,38.4,3.3075,0,1381,PC75,DMel_PC75,U,M,4,0.602,NA
9/13/19,13:09:50,6,31,1,47477,47496,1.278024096,-0.27262,2.154519501,14.419,12.998265,23.0705,38.39,3.3495,8.57E-15,1382,PC75,DMel_PC75,U,M,4,0.52,NA
9/13/19,13:19:49,7,33,2,48150,48169,1.70326149,0.467715,2.923360506,14.1675,12.88062,23.18,38.406,3.228,0.061318182,1383,PC75,DMel_PC75,U,M,4,0.552,NA
9/13/19,13:24:50,8,34,2,48433,48452,1.086214072,-0.61033,1.871094022,14.117,13.16043,23.19,38.1245,3.572,0,1384,PC75,DMel_PC75,U,M,4,0.356,NA
9/13/19,13:34:49,9,36,2,48889,48908,1.275308123,-0.375045,2.1191401,14.6375,12.5739,23.25,38.04,3.4065,4.28E-15,1385,PC75,DMel_PC75,I,M,4,0.529,NA
9/13/19,13:39:50,10,37,2,49262,49281,1.4247404,-0.106775,2.41747557,14.3365,13.140055,23.2875,38.294,3.3795,0.073527273,1386,PC75,DMel_PC75,I,M,4,0.461,NA
9/13/19,13:49:49,11,39,2,49946,49965,1.195636081,-0.50693,2.028208553,14.3435,13.021855,23.36,38.34,3.4515,6.86E-14,1387,PC75,DMel_PC75,I,M,4,0.519,NA
9/13/19,13:54:49,12,40,2,50249,50268,1.306900095,-0.281365,2.257084706,14.0895,13.322525,23.38,38.27,3.2225,4.28E-15,1388,PC75,DMel_PC75,I,M,4,0.515,NA
9/13/19,14:04:49,13,42,2,50689,50708,1.661310698,0.27506,2.816263988,14.357,12.72268,23.4365,38.93,3.3495,0.620254545,1389,PC75,DMel_PC75,I,F,4,0.862,NA
9/13/19,14:09:49,14,43,2,51066,51085,1.483421373,-0.02929,2.519631016,14.331,13.32217,23.48,38.5535,3.4195,-1.71E-14,1390,PC75,DMel_PC75,I,F,4,0.714,NA
9/13/19,14:19:49,15,45,2,51589,51608,1.381942255,0.284225,2.836074431,11.8625,12.83766,23.52,38.4685,3.4505,0,1391,PC75,DMel_PC75,I,F,4,0.672,bad flow
9/13/19,14:24:49,16,46,2,51897,51916,1.338307464,-0.2702,2.284111006,14.265,13.254825,23.54,38.519,3.5035,3.43E-14,1392,PC75,DMel_PC75,I,F,4,0.583,NA
9/13/19,14:34:49,1,48,2,52492,52511,1.485758291,0.002585,2.564425781,14.107,12.80695,23.57,38.671,3.566,0,1377,PC75,DMel_PC75,U,F,4,0.771,NA
9/13/19,14:39:49,2,49,2,52949,52968,1.681380964,0.30983,2.893189608,14.1555,13.5843,23.6765,38.5535,0.052,1.37E-13,1378,PC75,DMel_PC75,U,F,4,0.841,NA
9/13/19,14:49:49,3,51,2,53487,53506,1.416060917,-0.137325,2.446625733,14.106,13.22291,23.85,37.972,0.0435,0,1379,PC75,DMel_PC75,U,F,4,0.717,NA
9/13/19,14:54:49,4,52,2,53695,53714,1.729336928,0.40925,2.993332205,14.082,13.48547,23.8845,37.5225,0.039,0.8077,1380,PC75,DMel_PC75,U,F,4,0.608,NA
9/13/19,15:04:49,5,54,2,54290,54309,1.363355592,-0.2938,2.308001583,14.3995,12.85058,23.91,37.595,0.04,2.06E-13,1381,PC75,DMel_PC75,U,M,4,0.602,NA
9/13/19,15:09:49,6,55,2,54704,54723,1.751106101,0.289405,2.94765951,14.476,13.111345,23.8,36.8085,0.04,0.942104545,1382,PC75,DMel_PC75,U,M,4,0.52,NA
9/13/19,15:19:49,7,57,3,55326,55345,1.39594046,-0.288765,2.389714506,14.2195,12.779705,23.49,36.5985,0.0405,0.751395455,1383,PC75,DMel_PC75,U,M,4,0.552,NA
9/13/19,15:24:49,8,58,3,55649,55668,0.935707573,-1.09154,1.602466896,14.209,13.0629,23.39,36.6735,0.0455,4.28E-15,1384,PC75,DMel_PC75,U,M,4,0.356,NA
9/13/19,15:34:50,9,60,3,56089,56108,1.191877552,-0.7127,1.982922407,14.623,12.9197,23.32,36.8745,0.0365,1.71E-14,1385,PC75,DMel_PC75,I,M,4,0.529,NA
9/13/19,15:39:49,10,61,3,56543,56562,1.064230745,-0.89139,1.808294999,14.3175,13.44697,23.3135,37.32,0.0425,1.37E-13,1386,PC75,DMel_PC75,I,M,4,0.461,NA
9/16/19,10:33:01,7,9,1,37981,38000,2.096589117,1.48204,3.597230604,14.144,11.92199,22.58,40.913,3.3075,1.107263636,1399,PC75,DMel_PC75,I,F,3,0.775,NA
9/16/19,10:38:01,8,10,1,38441,38460,1.987851196,1.17109,3.427445165,14.0755,12.3893,22.6,41.27,3.4095,-6.86E-14,1400,PC75,DMel_PC75,I,F,3,0.715,NA
9/16/19,10:48:01,9,12,1,38881,38900,1.621149056,0.40945,2.697836557,14.5845,11.95156,22.62,41.032,3.27,0.0009,1401,PC75,DMel_PC75,U,F,3,0.588,NA
9/16/19,10:53:01,10,13,1,39182,39201,3.504274859,3.613855,5.96991667,14.247,12.254775,22.6245,40.8685,3.5315,1.07E-15,1402,PC75,DMel_PC75,U,F,3,0.89,NA
9/16/19,11:03:01,11,15,1,39796,39815,1.935109397,0.8546,3.274422294,14.3445,12.00073,22.64,40.3435,3.387,4.28E-15,1403,PC75,DMel_PC75,U,F,3,0.859,NA
9/16/19,11:08:01,12,16,1,40138,40157,1.769558973,0.580245,3.061310268,14.031,12.37545,22.6525,40.261,3.2885,1.07E-15,1404,PC75,DMel_PC75,U,F,3,0.719,NA
9/16/19,11:18:01,13,18,1,40708,40727,1.442643063,-0.081225,2.452827922,14.2775,12.074865,22.67,40.17,3.422,0,1405,PC75,DMel_PC75,U,M,3,0.526,NA
9/16/19,11:23:01,14,19,1,41076,41095,1.363605335,-0.29762,2.313658695,14.3075,12.435225,22.68,40.13,3.3015,2.68E-16,1406,PC75,DMel_PC75,U,M,3,0.482,NA
9/16/19,11:33:01,15,21,1,41590,41609,1.735936616,0.90742,3.551625603,11.866,12.15978,22.695,39.97,3.506,0,1407,PC75,DMel_PC75,U,M,3,0.602,bad flow
9/16/19,11:38:01,16,22,1,41967,41986,1.507523846,-0.118415,2.572862215,14.2255,12.46897,22.71,39.88,3.408,0.234395455,1408,PC75,DMel_PC75,U,M,3,0.56,NA
9/16/19,11:48:01,1,24,1,42501,42520,1.598287671,0.05213,2.767128576,14.024,12.201185,22.73,39.506,3.309,1.905863636,1393,PC75,DMel_PC75,I,M,3,0.504,NA
9/16/19,11:53:01,2,25,1,42794,42813,1.456372446,-0.23792,2.503136341,14.128,12.529285,22.76,39.361,3.317,0,1394,PC75,DMel_PC75,I,M,3,0.472,NA
9/16/19,12:03:01,3,27,1,43382,43401,1.499796612,-0.179805,2.589055002,14.069,12.165725,22.8145,39.4805,3.472,-6.86E-14,1395,PC75,DMel_PC75,I,M,3,0.668,NA
9/16/19,12:08:01,4,28,1,43841,43860,1.37839243,-0.429615,2.388083431,14.0225,12.759285,22.9,39.2,3.4375,-1.37E-13,1396,PC75,DMel_PC75,I,M,3,0.531,NA
9/16/19,12:18:01,5,30,1,44375,44394,2.53717116,1.477515,4.30309256,14.3275,12.464985,22.97,39.1,3.451,1.309927273,1397,PC75,DMel_PC75,I,F,3,0.775,NA
9/16/19,12:23:01,6,31,1,44597,44616,1.726863655,0.094765,2.927164775,14.337,12.666045,23,38.9475,3.2925,-5.48E-13,1398,PC75,DMel_PC75,I,F,3,0.76,NA
9/16/19,12:33:01,7,33,2,45182,45201,1.585277099,-0.10749,2.73256278,14.1025,12.29307,23.08,38.75,3.495,0.412745455,1399,PC75,DMel_PC75,I,F,3,0.775,NA
9/16/19,12:38:01,8,34,2,45623,45642,1.549676973,-0.17034,2.67973775,14.0615,12.91172,23.1625,38.7695,3.5305,0,1400,PC75,DMel_PC75,I,F,3,0.715,NA
9/16/19,12:48:01,9,36,2,46233,46252,1.68018119,-0.058045,2.814002774,14.5205,12.712335,23.21,38.756,3.4725,0.696809091,1401,PC75,DMel_PC75,U,F,3,0.588,NA
9/16/19,12:53:01,10,37,2,46504,46523,2.728500831,1.76562,4.658140665,14.246,12.94607,23.23,38.75,3.449,1.07E-15,1402,PC75,DMel_PC75,U,F,3,0.89,NA
9/16/19,13:03:01,11,39,2,47119,47138,1.622864807,-0.148445,2.758591336,14.309,12.74545,23.253,38.61,3.552,-4.28E-15,1403,PC75,DMel_PC75,U,F,3,0.859,NA
9/16/19,13:08:01,12,40,2,47281,47300,1.639927673,-0.069245,2.844446831,14.0235,12.866955,23.26,38.508,3.465,0.463695455,1404,PC75,DMel_PC75,U,F,3,0.719,NA
9/16/19,13:18:01,13,42,2,47998,48017,1.195751316,-0.86924,2.043754454,14.233,12.767035,23.3,38.2115,3.547,0,1405,PC75,DMel_PC75,U,M,3,0.526,NA
9/16/19,13:23:02,14,43,2,48294,48313,1.103361074,-1.017275,1.886569375,14.2285,13.077935,23.322,37.9455,3.4875,-5.36E-16,1406,PC75,DMel_PC75,U,M,3,0.482,NA
9/16/19,13:33:01,15,45,2,48880,48899,1.458172243,0.100775,3.007088714,11.7995,12.810305,23.38,37.773,3.439,0,1407,PC75,DMel_PC75,U,M,3,0.602,bad flow
9/16/19,13:38:01,16,46,2,49242,49261,1.654079134,-0.07353,2.839395429,14.177,13.195575,23.419,37.8,3.3415,0.397390909,1408,PC75,DMel_PC75,U,M,3,0.56,NA
9/16/19,13:48:01,1,48,2,49784,49803,1.228189417,-0.783875,2.132137524,14.022,12.92733,23.49,37.93,3.353,1.37E-13,1393,PC75,DMel_PC75,I,M,3,0.504,NA
9/16/19,13:53:00,2,49,2,49990,50009,1.248908633,-0.763505,2.155112328,14.1085,13.144035,23.53,38.05,3.439,-1.37E-13,1394,PC75,DMel_PC75,I,M,3,0.472,NA
9/16/19,14:03:01,3,51,2,50595,50614,1.3368114,-0.609865,2.313149171,14.0735,12.696225,23.61,38.22,3.403,-6.86E-14,1395,PC75,DMel_PC75,I,M,3,0.668,NA
9/16/19,14:08:01,4,52,2,51037,51056,1.190983781,-0.856,2.074387592,13.9845,13.322345,23.67,38.1715,0.1525,2.74E-13,1396,PC75,DMel_PC75,I,M,3,0.531,NA
9/16/19,14:18:01,5,54,2,51641,51660,2.239845761,0.878065,3.81854486,14.289,13.09409,23.7045,38.3685,0.1585,8.23E-13,1397,PC75,DMel_PC75,I,F,3,0.775,NA
9/16/19,14:23:00,6,55,2,51890,51909,2.034535614,0.5203,3.469281574,14.2865,13.289195,23.72,38.41,0.038,0.844422727,1398,PC75,DMel_PC75,I,F,3,0.76,NA
9/16/19,14:33:00,7,57,3,52380,52399,1.536021398,-0.300825,2.652588561,14.107,12.69445,23.73,38.4905,0.054,0,1399,PC75,DMel_PC75,I,F,3,0.775,NA
9/16/19,14:38:02,8,58,3,52687,52706,1.86084612,0.26026,3.219184315,14.083,13.20199,23.7405,38.54,0.116,1.683354545,1400,PC75,DMel_PC75,I,F,3,0.715,NA
9/17/19,10:49:04,7,9,1,38944,38963,1.885924427,3.88251,2.220287984,20.6025,24.9322,22.41,39.07,2.9665,1.244281818,1415,PC75,DMel_PC75,U,F,4,0.845,NA
9/17/19,10:54:05,8,10,1,39374,39393,2.351318623,4.32801,2.774693647,20.551,24.93308,22.38,39.0525,3.311,0.294513636,1416,PC75,DMel_PC75,U,F,4,1.021,NA
9/17/19,11:04:05,9,12,1,39900,39919,1.884849029,3.6376,2.13312582,21.4275,24.93373,22.3675,39,3.263,0.166636364,1417,PC75,DMel_PC75,I,F,4,0.869,NA
9/17/19,11:09:04,10,13,1,40144,40163,1.987524796,3.767845,2.314398929,20.8245,24.93518,22.36,39.059,3.2575,0.9879,1418,PC75,DMel_PC75,I,F,4,0.91,NA
9/17/19,11:19:04,11,15,1,40745,40764,1.693709445,3.347685,1.954550581,21.012,24.936885,22.34,38.67,3.4035,0,1419,PC75,DMel_PC75,I,F,4,0.828,NA
9/17/19,11:24:04,12,16,1,41174,41193,1.611064363,3.2216,1.910201907,20.45,24.93342,22.3315,38.93,3.498,0,1420,PC75,DMel_PC75,I,F,4,0.847,NA
9/17/19,11:34:04,13,18,1,41722,41741,1.39428878,2.90026,1.617170785,20.907,24.931845,22.3555,39.24,3.2355,-1.71E-14,1421,PC75,DMel_PC75,I,M,4,0.552,NA
9/17/19,11:39:04,14,19,1,42056,42075,1.35343857,2.816335,1.566698966,20.948,24.934325,22.35,39.13,3.4655,-2.14E-15,1422,PC75,DMel_PC75,I,M,4,0.611,NA
9/17/19,11:49:04,15,21,1,42587,42606,1.300002255,3.172915,1.947627644,16.185,24.93675,22.34,38.9,3.235,0,1423,PC75,DMel_PC75,I,M,4,0.609,bad flow
9/17/19,11:54:04,16,22,1,42917,42936,1.318910946,2.726095,1.53637021,20.8145,24.935395,22.3225,38.8145,3.4055,-1.37E-13,1424,PC75,DMel_PC75,I,M,4,0.598,NA
9/17/19,12:04:04,1,24,1,43470,43489,1.27770921,2.679855,1.511267975,20.4985,24.932115,22.31,38.3165,3.3065,0,1409,PC75,DMel_PC75,U,M,4,0.614,NA
9/17/19,12:09:04,2,25,1,43754,43773,1.091404463,2.42735,1.278375246,20.6995,24.93403,22.31,38.25,3.325,1.29E-14,1410,PC75,DMel_PC75,U,M,4,0.528,NA
9/17/19,12:19:04,3,27,1,44414,44433,1.119994399,2.449445,1.323009553,20.5235,24.931545,22.29,38.0585,3.3725,2.57E-14,1411,PC75,DMel_PC75,U,M,4,0.606,NA
9/17/19,12:24:04,4,28,1,44693,44712,1.180770831,2.505305,1.394986759,20.521,24.935045,22.29,37.6985,3.4215,2.14E-15,1412,PC75,DMel_PC75,U,M,4,0.59,NA
9/17/19,12:34:04,5,30,1,45385,45404,1.50893811,2.842275,1.743997986,20.976,24.932275,22.2875,37.2525,3.489,0,1413,PC75,DMel_PC75,U,F,4,0.855,NA
9/17/19,12:39:04,6,31,1,45620,45639,1.564960431,2.898695,1.804831479,21.0215,24.93215,22.29,37.1435,0.0455,0.605281818,1414,PC75,DMel_PC75,U,F,4,0.822,NA
9/17/19,12:49:04,7,33,2,46234,46253,1.4316044,2.76861,1.685952294,20.5905,24.932035,22.35,36.62,0.0495,-1.37E-13,1415,PC75,DMel_PC75,U,F,4,0.845,NA
9/17/19,12:54:04,8,34,2,46526,46545,1.628352725,2.98952,1.919433339,20.573,24.93127,22.37,36.49,0.0525,2.74E-13,1416,PC75,DMel_PC75,U,F,4,1.021,NA
9/17/19,13:04:04,9,36,2,47122,47141,1.341976219,2.57465,1.517699454,21.4455,24.93363,22.41,36.2245,0.0455,6.86E-14,1417,PC75,DMel_PC75,I,F,4,0.869,NA
9/17/19,13:09:04,10,37,2,47344,47363,1.547915656,2.85213,1.80520327,20.7975,24.93386,22.4165,36.0625,0.0475,0.094431818,1418,PC75,DMel_PC75,I,F,4,0.91,NA
9/17/19,13:19:04,11,39,2,47988,48007,1.447511704,2.710855,1.674302118,20.9705,24.935015,22.44,35.82,0.0515,0.111977273,1419,PC75,DMel_PC75,I,F,4,0.828,NA
9/17/19,13:24:04,12,40,2,48373,48392,1.64260962,2.975315,1.944799024,20.488,24.93237,22.453,35.92,0.041,0.731290909,1420,PC75,DMel_PC75,I,F,4,0.847,NA
9/17/19,13:34:04,13,42,2,48872,48891,1.041998843,2.23836,1.211771731,20.8595,24.93451,22.4645,35.86,0.0435,1.71E-14,1421,PC75,DMel_PC75,I,M,4,0.552,NA
9/17/19,13:39:04,14,43,2,49304,49323,1.088904287,2.282335,1.264778014,20.8855,24.934995,22.47,35.9365,0.0585,4.28E-15,1422,PC75,DMel_PC75,I,M,4,0.611,NA
9/17/19,13:49:04,15,45,2,49893,49912,1.05443924,2.59935,1.585673257,16.1325,24.93254,22.49,35.9285,0.0445,0,1423,PC75,DMel_PC75,I,M,4,0.609,bad flow
9/17/19,13:54:04,16,46,2,50087,50106,1.219703003,2.433265,1.422152845,20.8065,24.93286,22.49,35.7945,2.9115,0.906368182,1424,PC75,DMel_PC75,I,M,4,0.598,NA
9/18/19,10:33:17,7,9,1,38054,38073,1.76902818,4.120455,2.0919965,20.4975,24.92837,22.24,38.88,0.132,0,1431,PC75,DMel_PC75,I,F,5,0.936,NA
9/18/19,10:38:17,8,10,1,38457,38476,1.995115177,4.291405,2.365470832,20.4445,24.926915,22.24,39.112,0.1375,-6.43E-15,1432,PC75,DMel_PC75,I,F,5,0.928,NA
9/18/19,10:48:17,9,12,1,38971,38990,1.756058106,3.88519,1.998773337,21.294,24.928855,22.21,39.6525,0.1075,1.399081818,1433,PC75,DMel_PC75,I,M,5,0.658,NA
9/18/19,10:53:16,10,13,1,39325,39344,1.309397723,3.355115,1.533237107,20.6995,24.930105,22.22,39.74,0.1125,0,1434,PC75,DMel_PC75,I,M,5,0.603,NA
9/18/19,11:03:16,11,15,1,39804,39823,1.215377888,3.20294,1.411682621,20.869,24.9293,22.24,40.1165,3.285,0,1435,PC75,DMel_PC75,I,M,5,0.546,NA
9/18/19,11:08:17,12,16,1,40097,40116,1.316624542,3.30718,1.565438216,20.387,24.930915,22.24,40.27,3.193,-3.43E-14,1436,PC75,DMel_PC75,I,M,5,0.6,NA
9/18/19,11:18:17,13,18,1,40751,40770,1.333155619,3.242325,1.552982222,20.8085,24.927085,22.24,40.2555,3.16,1.03E-13,1437,PC75,DMel_PC75,U,M,5,0.564,NA
9/18/19,11:23:16,14,19,1,41033,41052,1.528217088,3.43215,1.779572205,20.816,24.930255,22.24,40.3915,3.259,3.43E-14,1438,PC75,DMel_PC75,U,M,5,0.645,NA
9/18/19,11:33:16,15,21,1,41722,41741,1.592865003,4.02072,2.40805321,16.034,24.927865,22.24,40.685,3.3025,3.43E-14,1439,PC75,DMel_PC75,U,M,5,0.625,bad flow
9/18/19,11:38:16,16,22,1,41953,41972,1.313768151,3.130175,1.537974248,20.706,24.930625,22.24,40.913,3.311,0,1440,PC75,DMel_PC75,U,M,5,0.636,NA
9/18/19,11:48:16,1,24,1,42574,42593,1.820045081,3.72693,2.165648313,20.372,24.93022,22.24,41.679,3.153,0.745854545,1425,PC75,DMel_PC75,U,F,5,0.81,NA
9/18/19,11:53:16,2,25,1,42906,42925,1.946340792,3.82006,2.292301256,20.582,24.92732,22.236,41.75,3.3355,1.37E-13,1426,PC75,DMel_PC75,U,F,5,0.949,NA
9/18/19,12:03:16,3,27,1,43396,43415,1.580183,3.38834,1.877866569,20.395,24.92946,22.21,41.62,0.0555,0,1427,PC75,DMel_PC75,U,F,5,0.98,NA
9/18/19,12:08:16,4,28,1,43696,43715,1.592693184,3.375555,1.891206903,20.4115,24.930735,22.21,41.55,0.06,6.86E-14,1428,PC75,DMel_PC75,U,F,5,0.75,NA
9/18/19,12:18:16,5,30,1,44398,44417,1.325716707,2.991265,1.543691071,20.8155,24.92664,22.22,41.13,0.0625,-6.86E-14,1429,PC75,DMel_PC75,I,F,5,0.713,NA
9/18/19,12:23:16,6,31,1,44596,44615,1.408157927,3.061645,1.632898907,20.902,24.92721,22.22,41.0665,0.047,-1.37E-13,1430,PC75,DMel_PC75,I,F,5,0.838,NA
9/18/19,12:33:16,7,33,2,45291,45310,1.441960234,3.11944,1.707028969,20.4755,24.929725,22.236,40.53,0.0375,8.57E-15,1431,PC75,DMel_PC75,I,F,5,0.936,NA
9/18/19,12:38:16,8,34,2,45585,45604,1.546390557,3.2432,1.83107353,20.471,24.928565,22.24,40.53,0.0305,0.138954545,1432,PC75,DMel_PC75,I,F,5,0.928,NA
9/18/19,12:48:16,9,36,2,46137,46156,1.174088618,2.74072,1.335758185,21.306,24.92904,22.24,40.66,0.03,0,1433,PC75,DMel_PC75,I,M,5,0.658,NA
9/18/19,12:53:16,10,37,2,46396,46415,1.149963866,2.73867,1.344473379,20.732,24.928255,22.23,40.6115,2.72,1.88005,1434,PC75,DMel_PC75,I,M,5,0.603,NA
9/18/19,13:03:16,11,39,2,47119,47138,1.085885562,2.645995,1.262545761,20.845,24.92543,22.2,40.481,3.3415,2.74E-13,1435,PC75,DMel_PC75,I,M,5,0.546,NA
9/18/19,13:08:16,12,40,2,47318,47337,1.207703493,2.81614,1.435608539,20.389,24.92882,22.2,40.6345,3.28,0.511713636,1436,PC75,DMel_PC75,I,M,5,0.6,NA
9/18/19,13:18:16,13,42,2,47896,47915,1.03628521,2.58535,1.208885842,20.7765,24.925845,22.204,41.1845,3.258,-1.37E-13,1437,PC75,DMel_PC75,U,M,5,0.564,NA
9/18/19,13:23:16,14,43,2,48223,48242,1.694459028,3.347085,1.975430214,20.79,24.928525,22.21,41.66,3.2535,0.2277,1438,PC75,DMel_PC75,U,M,5,0.645,NA
9/18/19,13:33:16,15,45,2,48905,48924,1.331002496,3.373325,2.013028983,16.025,24.929065,22.2,42.2015,3.326,-3.43E-14,1439,PC75,DMel_PC75,U,M,5,0.625,bad flow
9/18/19,13:38:16,16,46,2,49244,49263,1.196672888,2.74717,1.400040178,20.716,24.927275,22.2025,42.42,3.21,2.74E-13,1440,PC75,DMel_PC75,U,M,5,0.636,NA
9/18/19,13:48:16,1,48,2,49856,49875,1.51197592,3.14145,1.799326157,20.3665,24.92745,22.2,42.538,3.3085,0.379977273,1425,PC75,DMel_PC75,U,F,5,0.81,NA
9/18/19,13:53:16,2,49,2,50031,50050,1.85474479,3.523415,2.183812459,20.5845,24.928995,22.2,42.52,3.293,0.708881818,1426,PC75,DMel_PC75,U,F,5,0.949,NA
9/19/19,10:33:24,7,9,1,38066,38085,1.763996255,4.36315,2.096432151,20.391,24.928665,22.17,40.742,3.3325,0.000268182,1447,PC75,DMel_PC75,U,F,4,0.577,NA
9/19/19,10:38:24,8,10,1,38464,38483,1.96809357,4.49565,2.342680564,20.357,24.9294,22.14,40.71,3.5165,0.262859091,1448,PC75,DMel_PC75,U,F,4,0.885,NA
9/19/19,10:48:24,9,12,1,38915,38934,1.52467321,3.868975,1.744954779,21.1705,24.9286,22.11,40.45,3.383,3.43E-14,1449,PC75,DMel_PC75,I,F,4,0.793,NA
9/19/19,10:53:24,10,13,1,39364,39383,1.2940934,3.56167,1.521486915,20.6075,24.93076,22.1,40.45,3.351,6.86E-14,1450,PC75,DMel_PC75,I,F,4,0.634,NA
9/19/19,11:03:24,11,15,1,39964,39983,1.338016307,3.546045,1.56127065,20.7615,24.92931,22.0765,40.38,3.357,0,1451,PC75,DMel_PC75,I,F,4,0.705,NA
9/19/19,11:08:24,12,16,1,40264,40283,1.515285677,3.747755,1.818560856,20.1855,24.92852,22.07,40.501,3.328,6.86E-14,1452,PC75,DMel_PC75,I,F,4,0.806,NA
9/19/19,11:18:24,13,18,1,40742,40761,1.372641915,3.508425,1.608347381,20.675,24.93135,22.06,40.6825,3.3645,0.005136364,1453,PC75,DMel_PC75,I,M,4,0.491,NA
9/19/19,11:23:24,14,19,1,41015,41034,1.217939264,3.2809,1.425409369,20.699,24.928225,22.06,40.74,3.2275,-5.14E-14,1454,PC75,DMel_PC75,I,M,4,0.419,NA
9/19/19,11:33:24,15,21,1,41604,41623,1.170733377,3.58256,1.767945297,16.0415,24.930065,22.0515,40.795,3.3325,1.07E-15,1455,PC75,DMel_PC75,I,M,4,0.441,bad flow
9/19/19,11:38:24,16,22,1,41907,41926,1.222841216,3.219625,1.440081889,20.5705,24.9295,22.06,40.78,2.891,3.43E-14,1456,PC75,DMel_PC75,I,M,4,0.508,NA
9/19/19,11:48:24,1,24,1,42596,42615,1.140070805,3.09599,1.3633263,20.258,24.931485,22.06,39.5225,3.31,0,1441,PC75,DMel_PC75,U,M,4,0.511,NA
9/19/19,11:53:24,2,25,1,42822,42841,1.131559444,3.0465,1.342004571,20.426,24.929715,22.06,39.46,3.205,0,1442,PC75,DMel_PC75,U,M,4,0.545,NA
9/19/19,12:03:24,3,27,1,43440,43459,1.34463134,3.28227,1.602459773,20.328,24.9279,22.07,39.379,3.3725,0.253595455,1443,PC75,DMel_PC75,U,M,4,0.513,NA
9/19/19,12:08:24,4,28,1,43821,43840,1.075874101,2.951575,1.28512277,20.2825,24.928,22.09,39.26,3.181,3.43E-14,1444,PC75,DMel_PC75,U,M,4,0.51,NA
9/19/19,12:18:24,5,30,1,44425,44444,1.802381333,3.75732,2.104109746,20.7545,24.9287,22.11,39.1615,3.26,0.111172727,1445,PC75,DMel_PC75,U,F,4,0.903,NA
9/19/19,12:23:24,6,31,1,44745,44764,1.349217887,3.212285,1.57363929,20.775,24.92916,22.128,39.068,3.318,0,1446,PC75,DMel_PC75,U,F,4,0.618,NA
9/19/19,12:33:24,7,33,2,45364,45383,1.651343128,3.59109,1.965125106,20.3635,24.93002,22.155,39.04,3.272,0.148663636,1447,PC75,DMel_PC75,U,F,4,0.577,NA
9/19/19,12:38:24,8,34,2,45663,45682,1.566401945,3.4813,1.867092323,20.3305,24.92957,22.161,39.0345,3.4515,0.400877273,1448,PC75,DMel_PC75,U,F,4,0.885,NA
9/19/19,12:48:24,9,36,2,46186,46205,1.31814053,3.118445,1.509842236,21.1585,24.9299,22.19,39.07,3.396,0.149590909,1449,PC75,DMel_PC75,I,F,4,0.793,NA
9/19/19,12:53:24,10,37,2,46480,46499,1.273908763,3.101815,1.50042953,20.5775,24.92988,22.2,38.963,3.324,-3.43E-14,1450,PC75,DMel_PC75,I,F,4,0.634,NA
9/19/19,13:03:24,11,39,2,47073,47092,1.170663691,2.96423,1.368878738,20.7295,24.92835,22.2375,38.6915,3.4325,-6.86E-14,1451,PC75,DMel_PC75,I,F,4,0.705,NA
9/19/19,13:08:24,12,40,2,47382,47401,1.398596239,3.26969,1.680159008,20.1775,24.92834,22.24,38.69,3.413,0.566868182,1452,PC75,DMel_PC75,I,F,4,0.806,NA
9/19/19,13:18:24,13,42,2,47912,47931,1.07342033,2.845955,1.25928873,20.662,24.93153,22.24,38.776,3.198,6.86E-14,1453,PC75,DMel_PC75,I,M,4,0.491,NA
9/19/19,13:23:24,14,43,2,48293,48312,0.974970147,2.726895,1.143391015,20.669,24.929525,22.24,38.3405,3.385,1.71E-14,1454,PC75,DMel_PC75,I,M,4,0.419,NA
9/19/19,13:33:24,15,45,2,48873,48892,0.981429515,3.06159,1.485273839,16.017,24.92941,22.24,37.887,3.437,-2.14E-15,1455,PC75,DMel_PC75,I,M,4,0.441,bad flow
9/19/19,13:38:24,16,46,2,49215,49234,1.1620431,2.93444,1.369356734,20.5715,24.92844,22.26,37.82,3.255,0.294604545,1456,PC75,DMel_PC75,I,M,4,0.508,NA
9/19/19,13:48:24,1,48,2,49855,49874,0.95670228,2.701815,1.14588849,20.2405,24.92709,22.2805,37.82,3.38,-2.14E-15,1441,PC75,DMel_PC75,U,M,4,0.511,NA
9/19/19,13:53:24,2,49,2,50018,50037,1.006739296,2.746445,1.194722983,20.43,24.929385,22.303,37.8375,3.3445,-6.86E-14,1442,PC75,DMel_PC75,U,M,4,0.545,NA
9/19/19,14:03:24,3,51,2,50760,50779,0.969485357,2.71485,1.160136998,20.2625,24.929665,22.33,37.6175,0.0535,0,1443,PC75,DMel_PC75,U,M,4,0.513,NA
9/19/19,14:08:23,4,52,2,51047,51066,0.917087939,2.661985,1.100233191,20.2115,24.929315,22.34,37.18,0.161,-6.86E-14,1444,PC75,DMel_PC75,U,M,4,0.51,NA
9/19/19,14:18:24,5,54,2,51504,51523,1.383396479,3.178235,1.620770479,20.6995,24.92926,22.38,36.632,0.0855,-1.37E-13,1445,PC75,DMel_PC75,U,F,4,0.903,NA
9/19/19,14:23:24,6,55,2,51912,51931,1.062567173,2.78246,1.24055056,20.775,24.929555,22.418,36.401,0.0635,1.37E-13,1446,PC75,DMel_PC75,U,F,4,0.618,NA
9/19/19,14:33:24,7,57,3,52404,52423,1.247999256,3.027635,1.490780304,20.308,24.927705,22.47,35.95,0.1535,-1.37E-13,1447,PC75,DMel_PC75,U,F,4,0.577,NA
9/19/19,14:38:24,8,58,3,52846,52865,1.448107031,3.259525,1.731920028,20.286,24.928255,22.5125,35.7875,0.1065,0,1448,PC75,DMel_PC75,U,F,4,0.885,NA
9/19/19,14:48:24,9,60,3,53443,53462,1.31435169,3.04656,1.511443417,21.102,24.92891,22.564,35.4945,0.1375,6.86E-14,1449,PC75,DMel_PC75,I,F,4,0.793,NA
9/19/19,14:53:24,10,61,3,53730,53749,1.082679679,2.824,1.280239103,20.5245,24.929065,22.6,35.13,0.133,6.86E-14,1450,PC75,DMel_PC75,I,F,4,0.634,NA
9/24/19,10:25:48,7,9,1,37570,37589,3.005721031,5.3244,3.628639292,20.102,24.929165,22.58,35.35,3.4685,0.626831818,1463,CSBerk,DMel_CSBerk,I,F,4,1.045,NA
9/24/19,10:30:48,8,10,1,37874,37893,1.677082958,3.644075,2.028290638,20.0655,24.929415,22.58,35.52,3.415,0.913418182,1464,CSBerk,DMel_CSBerk,I,F,4,NA,NA
9/24/19,10:40:48,9,12,1,38522,38541,2.312166473,4.229375,2.687476463,20.88,24.92669,22.6,35.58,3.3525,0.1355,1465,CSBerk,DMel_CSBerk,U,F,4,1.009,NA
9/24/19,10:45:48,10,13,1,38865,38884,2.470653909,4.433255,2.952260171,20.311,24.93061,22.61,35.65,3.339,0.004227273,1466,CSBerk,DMel_CSBerk,U,F,4,0.946,NA
9/24/19,10:55:48,11,15,1,39348,39367,2.535772776,4.45143,3.005249524,20.4795,24.92845,22.62,35.886,3.3965,0.003054545,1467,CSBerk,DMel_CSBerk,U,F,4,1.037,NA
9/24/19,11:00:48,12,16,1,39671,39690,2.655669179,4.609885,3.227287775,19.972,24.931195,22.62,35.95,3.497,3.43E-14,1468,CSBerk,DMel_CSBerk,U,F,4,1.084,NA
9/24/19,11:10:48,13,18,1,40377,40396,1.439959757,3.031555,1.716864101,20.357,24.92892,22.631,36.02,3.3425,2.68E-16,1469,CSBerk,DMel_CSBerk,U,M,4,0.681,NA
9/24/19,11:15:48,14,19,1,40548,40567,1.366937539,2.914455,1.625607581,20.4105,24.929205,22.64,35.98,3.5455,-2.14E-15,1470,CSBerk,DMel_CSBerk,U,M,4,0.692,NA
9/24/19,11:25:48,15,21,1,41207,41226,1.535813025,3.60751,2.355335392,15.8285,24.92974,22.666,35.93,3.4745,0.138954545,1471,CSBerk,DMel_CSBerk,U,M,4,0.716,bad flow
9/24/19,11:30:48,16,22,1,41501,41520,1.35332856,2.853035,1.618104276,20.3035,24.9297,22.68,35.8625,3.325,4.28E-15,1472,CSBerk,DMel_CSBerk,U,M,4,0.692,NA
9/24/19,11:40:48,1,24,1,42175,42194,1.353505811,2.840245,1.644153439,19.9865,24.93033,22.71,35.66,3.3815,-1.71E-14,1457,CSBerk,DMel_CSBerk,I,M,4,0.68,NA
9/24/19,11:45:48,2,25,1,42348,42367,1.349620362,2.801365,1.626860417,20.1415,24.93011,22.72,35.76,3.4535,0,1458,CSBerk,DMel_CSBerk,I,M,4,0.708,NA
9/24/19,11:55:48,3,27,1,43073,43092,1.738111676,3.24012,2.109232454,20.011,24.931225,22.7665,35.306,3.401,0.071245455,1459,CSBerk,DMel_CSBerk,I,M,4,0.7,NA
9/24/19,12:00:48,4,28,1,43248,43267,1.362885831,2.773135,1.657696131,19.965,24.929895,22.78,35.2015,3.285,0.5167,1460,CSBerk,DMel_CSBerk,I,M,4,0.517,NA
9/24/19,12:10:48,5,30,1,43936,43955,2.141596128,3.634475,2.545232922,20.4345,24.929445,22.8055,34.9195,3.301,1.71E-14,1461,CSBerk,DMel_CSBerk,I,F,4,0.978,NA
9/24/19,12:15:48,6,31,1,44307,44326,1.580817298,2.9398,1.86971968,20.5345,24.92853,22.82,34.6915,3.339,-2.06E-13,1462,CSBerk,DMel_CSBerk,I,F,4,0.936,NA
9/24/19,12:25:48,7,33,2,44864,44883,2.490968695,4.069095,3.009154133,20.107,24.92947,22.85,34.3805,3.456,0.072990909,1463,CSBerk,DMel_CSBerk,I,F,4,1.045,NA
9/24/19,12:30:48,8,34,2,45121,45140,1.132760714,2.42267,1.3728299,20.043,24.92867,22.86,34.2205,3.468,6.86E-14,1464,CSBerk,DMel_CSBerk,I,F,4,NA,NA
9/24/19,12:40:48,9,36,2,45648,45667,2.129041007,3.517435,2.477892205,20.874,24.92908,22.91,34.1195,0.132,6.86E-14,1465,CSBerk,DMel_CSBerk,U,F,4,1.009,NA
9/24/19,12:45:48,10,37,2,45948,45967,2.309157309,3.78977,2.765295787,20.29,24.930425,22.95,33.826,0.0455,0.2641,1466,CSBerk,DMel_CSBerk,U,F,4,0.946,NA
9/24/19,12:55:47,11,39,2,46669,46688,2.350879279,3.80987,2.799010673,20.4125,24.930335,23.02,33.0195,0.04,1.37E-13,1467,CSBerk,DMel_CSBerk,U,F,4,1.037,NA
9/24/19,13:00:47,12,40,2,47001,47020,2.108088418,3.576375,2.572249581,19.9215,24.93142,23.071,32.6005,0.0355,-6.86E-14,1468,CSBerk,DMel_CSBerk,U,F,4,1.084,NA
9/24/19,13:10:48,13,42,2,47462,47481,1.311482328,2.57029,1.566590242,20.3545,24.928885,23.1425,31.9,0.038,0,1469,CSBerk,DMel_CSBerk,U,M,4,0.681,NA
9/24/19,13:15:47,14,43,2,47894,47913,1.211535611,2.45336,1.449934172,20.3185,24.928465,23.18,31.32,0.0485,-4.28E-15,1470,CSBerk,DMel_CSBerk,U,M,4,0.692,NA
9/24/19,13:25:47,15,45,2,48438,48457,1.396994478,3.14411,2.150992213,15.794,24.92924,23.2,30.919,0.051,-3.43E-14,1471,CSBerk,DMel_CSBerk,U,M,4,0.716,bad flow
9/24/19,13:30:47,16,46,2,48807,48826,1.282037254,2.51616,1.540268527,20.244,24.92972,23.24,30.68,0.0485,0,1472,CSBerk,DMel_CSBerk,U,M,4,0.692,NA
9/24/19,13:40:47,1,48,2,49370,49389,1.196062832,2.437615,1.460765965,19.9165,24.92729,23.27,30.3735,0.0555,0,1457,CSBerk,DMel_CSBerk,I,M,4,0.68,NA
9/24/19,13:45:47,2,49,2,49707,49726,1.346864836,2.61233,1.633611037,20.056,24.93028,23.29,30.17,0.0495,1.71E-14,1458,CSBerk,DMel_CSBerk,I,M,4,0.708,NA
9/24/19,13:55:47,3,51,2,50149,50168,1.278064637,2.533145,1.554650848,20,24.92843,23.3175,29.976,2.619,0,1459,CSBerk,DMel_CSBerk,I,M,4,0.7,NA
9/24/19,14:00:47,4,52,2,50462,50481,1.533069569,2.847915,1.87008142,19.944,24.9298,23.32,29.74,3.4395,2.319622727,1460,CSBerk,DMel_CSBerk,I,M,4,0.517,NA
9/25/19,10:35:37,7,9,1,38137,38156,2.046816551,4.377325,2.47484143,20.0595,24.92856,22.42,27.775,3.419,1.216245455,1479,R84,DSim,I,M,4,0.645,NA
9/25/19,10:40:37,8,10,1,38454,38473,1.789173862,3.98732,2.166685244,20.0285,24.930195,22.42,27.7495,3.2785,0.33315,1480,R84,DSim,I,M,4,0.774,NA
9/25/19,10:50:37,9,12,1,39101,39120,2.066100121,4.15197,2.407516486,20.8155,24.927895,22.43,27.5915,3.25,3.43E-14,1481,R84,DSim,I,F,4,1.118,NA
9/25/19,10:55:37,10,13,1,39422,39441,2.121842403,4.225005,2.541609542,20.25,24.926335,22.44,27.59,3.3005,0.353368182,1482,R84,DSim,I,F,4,1.169,NA
9/25/19,11:05:37,11,15,1,40021,40040,2.220179964,4.25679,2.632514719,20.4585,24.927805,22.461,27.91,3.3835,1.27495,1483,R84,DSim,I,F,4,1.093,NA
9/25/19,11:10:37,12,16,1,40243,40262,2.088784658,4.115205,2.535690808,19.9825,24.928395,22.46,27.842,3.3285,-1.71E-14,1484,R84,DSim,I,F,4,1.169,NA
9/25/19,11:20:36,13,18,1,40837,40856,1.804109595,3.681745,2.151956774,20.3355,24.9304,22.44,27.681,0.064,0,1485,R84,DSim,U,F,4,1.005,NA
9/25/19,11:25:37,14,19,1,41285,41304,1.980251997,3.830025,2.357644694,20.3735,24.928525,22.44,27.59,0.064,-1.07E-15,1486,R84,DSim,U,F,4,1.134,NA
9/25/19,11:35:36,15,21,1,41875,41894,2.077745067,4.628205,3.192387463,15.788,24.93091,22.459,27.7515,0.063,0,1487,R84,DSim,U,F,4,1.314,bad flow
9/25/19,11:40:37,16,22,1,42065,42084,1.818555069,3.58861,2.176927393,20.2645,24.930265,22.46,27.7185,0.064,2.14E-15,1488,R84,DSim,U,F,4,1.121,NA
9/25/19,11:50:36,1,24,1,42740,42759,1.723198124,3.469005,2.095208134,19.9515,24.92967,22.47,27.59,3.16,3.43E-14,1473,R84,DSim,U,M,4,0.714,NA
9/25/19,11:55:36,2,25,1,42949,42968,1.333502924,2.96419,1.608490319,20.1115,24.927735,22.47,27.732,3.1305,5.36E-16,1474,R84,DSim,U,M,4,0.651,NA
9/25/19,12:05:37,3,27,1,43605,43624,1.706365836,3.39644,2.071968605,19.978,24.930325,22.47,28.2275,0.068,0,1475,R84,DSim,U,M,4,0.617,NA
9/25/19,12:10:37,4,28,1,43997,44016,1.600721102,3.23866,1.949102316,19.9245,24.92982,22.4975,28.128,0.067,-2.06E-13,1476,R84,DSim,U,M,4,0.619,NA
9/25/19,12:20:37,5,30,1,44437,44456,1.270714746,2.790735,1.511786395,20.3945,24.928765,22.53,27.7215,0.064,0.042486364,1477,R84,DSim,I,M,4,0.592,NA
9/25/19,12:25:37,6,31,1,44822,44841,1.769338029,3.349535,2.099611398,20.448,24.93125,22.55,27.73,0.068,0.224881818,1478,R84,DSim,I,M,4,0.687,NA
9/25/19,12:35:37,7,33,2,45368,45387,1.610758164,3.19191,1.953942655,20.007,24.931595,22.585,27.69,0.072,0.000163636,1479,R84,DSim,I,M,4,0.645,NA
9/25/19,12:40:37,8,34,2,45642,45661,1.611656294,3.1842,1.955768597,20,24.93014,22.6135,27.73,0.095,0,1480,R84,DSim,I,M,4,0.774,NA
9/25/19,12:50:37,9,36,2,46397,46416,1.798692137,3.309065,2.096749431,20.823,24.930555,22.6515,27.7925,0.1025,0.552122727,1481,R84,DSim,I,F,4,1.118,NA
9/25/19,12:55:37,10,37,2,46668,46687,1.8336883,3.40483,2.202241214,20.2125,24.9309,22.67,27.884,0.102,0.734468182,1482,R84,DSim,I,F,4,1.169,NA
9/25/19,13:05:37,11,39,2,47140,47159,1.859876748,3.415195,2.215088192,20.3835,24.931285,22.69,27.9865,0.121,0.109063636,1483,R84,DSim,I,F,4,1.093,NA
9/25/19,13:10:37,12,40,2,47473,47492,1.912456253,3.53021,2.332868043,19.903,24.930505,22.7075,27.74,0.116,0.029427273,1484,R84,DSim,I,F,4,1.169,NA
9/25/19,13:20:37,13,42,2,48126,48145,1.940267652,3.50501,2.32124291,20.2955,24.93088,22.73,27.8995,2.793,0.458231818,1485,R84,DSim,U,F,4,1.005,NA
9/25/19,13:25:37,14,43,2,48497,48516,1.883049565,3.411875,2.249275178,20.3265,24.931225,22.73,28.07,3.4965,2.14E-15,1486,R84,DSim,U,F,4,1.134,NA
9/25/19,13:35:37,15,45,2,48945,48964,1.87859265,4.048465,2.888631038,15.789,24.92866,22.71,27.9645,3.3955,2.14E-15,1487,R84,DSim,U,F,4,1.314,bad flow
9/25/19,13:40:37,16,46,2,49302,49321,1.681762355,3.171015,2.016954938,20.2435,24.927785,22.71,28.02,3.439,-2.14E-15,1488,R84,DSim,U,F,4,1.121,NA
9/25/19,13:50:37,1,48,2,49864,49883,1.725516376,3.2546,2.10424364,19.9085,24.92911,22.7075,28.1,3.4735,0.323695455,1473,R84,DSim,U,M,4,0.714,NA
9/25/19,13:55:37,2,49,2,50264,50283,1.267867539,2.67887,1.533660175,20.0705,24.928565,22.71,28.22,3.492,-5.36E-16,1474,R84,DSim,U,M,4,0.651,NA
9/30/19,11:06:57,7,9,1,40029,40048,1.711477711,4.762175,2.081477405,19.93,24.93098,22.2275,21.0485,3.469,-2.68E-16,1495,CSBerk,DMel_CSBerk,U,M,3,0.544,NA
9/30/19,11:11:58,8,10,1,40325,40344,1.630530545,4.57953,1.985907712,19.9,24.93214,22.21,20.5955,3.444,3.43E-14,1496,CSBerk,DMel_CSBerk,U,M,3,0.652,NA
9/30/19,11:21:58,9,12,1,41078,41097,1.556874486,4.292925,1.82211685,20.709,24.927455,22.21,20.513,3.432,5.36E-16,1497,CSBerk,DMel_CSBerk,U,F,3,0.535,NA
9/30/19,11:26:58,10,13,1,41218,41237,2.703699613,5.690745,3.256353845,20.1245,24.93165,22.22,20.44,3.3525,1.71E-14,1498,CSBerk,DMel_CSBerk,U,F,3,NA,NA
9/30/19,11:36:58,11,15,1,41864,41883,2.119919361,4.891335,2.532173491,20.292,24.93009,22.22,20.48,3.3365,8.57E-15,1499,CSBerk,DMel_CSBerk,U,F,3,1.042,NA
9/30/19,11:41:58,12,16,1,42167,42186,1.51177075,4.15599,1.85058996,19.8005,24.928155,22.2215,20.59,3.2085,2.68E-16,1500,CSBerk,DMel_CSBerk,U,F,3,0.579,NA
9/30/19,11:51:58,13,18,1,42718,42737,2.066892074,4.736235,2.475335696,20.2385,24.93003,22.22,20.51,3.5005,0.522081818,1501,CSBerk,DMel_CSBerk,I,F,3,0.906,NA
9/30/19,11:56:58,14,19,1,43019,43038,1.772239093,4.327865,2.120704887,20.2555,24.930085,22.22,20.4975,3.4975,0.773709091,1502,CSBerk,DMel_CSBerk,I,F,3,0.638,NA
9/30/19,12:06:58,15,21,1,43618,43637,1.79817948,4.93065,2.766485381,15.754,24.930585,22.21,20.3915,3.2535,1.07E-15,1503,CSBerk,DMel_CSBerk,I,F,3,0.997,bad flow
9/30/19,12:11:58,16,22,1,44025,44044,2.023118512,4.556705,2.433121769,20.153,24.93055,22.21,20.39,3.1875,0.754490909,1504,CSBerk,DMel_CSBerk,I,F,3,0.742,NA
9/30/19,12:21:58,1,24,1,44518,44537,1.301725462,3.693355,1.590724593,19.8325,24.92985,22.1915,20.39,3.5115,2.06E-13,1489,CSBerk,DMel_CSBerk,I,M,3,0.645,NA
9/30/19,12:26:58,2,25,1,44952,44971,1.149156126,3.44741,1.394114965,19.9765,24.929825,22.18,20.5795,3.393,1.37E-13,1490,CSBerk,DMel_CSBerk,I,M,3,0.529,NA
9/30/19,12:36:58,3,27,1,45444,45463,1.146749671,3.439915,1.398736955,19.8695,24.9325,22.19,20.44,3.2655,0,1491,CSBerk,DMel_CSBerk,I,M,3,0.601,NA
9/30/19,12:41:58,4,28,1,45749,45768,1.427920254,3.77016,1.744833113,19.8335,24.93018,22.19,20.288,3.543,3.053068182,1492,CSBerk,DMel_CSBerk,I,M,3,0.557,NA
9/30/19,12:51:58,5,30,1,46439,46458,1.124055706,3.35011,1.344246357,20.267,24.93064,22.2,20.4825,3.286,1.148181818,1493,CSBerk,DMel_CSBerk,U,M,3,0.408,NA
9/30/19,12:56:58,6,31,1,46740,46759,1.40586215,3.66886,1.677734252,20.309,24.92881,22.2,20.59,3.517,0.409327273,1494,CSBerk,DMel_CSBerk,U,M,3,0.646,NA
9/30/19,13:06:58,7,33,2,47250,47269,1.030089814,3.23179,1.254586606,19.8995,24.929865,22.2,20.72,3.26,-2.14E-15,1495,CSBerk,DMel_CSBerk,U,M,3,0.544,NA
9/30/19,13:11:58,8,34,2,47644,47663,1.163962762,3.367905,1.418993017,19.8805,24.9318,22.2,20.7675,3.3465,0.029427273,1496,CSBerk,DMel_CSBerk,U,M,3,0.652,NA
9/30/19,13:21:58,9,36,2,48195,48214,1.241781345,3.391405,1.455828075,20.673,24.931905,22.2,20.83,3.421,0.129531818,1497,CSBerk,DMel_CSBerk,U,F,3,0.535,NA
9/30/19,13:26:58,10,37,2,48418,48437,2.566311261,5.014535,3.089985522,20.1295,24.93116,22.204,20.91,3.4255,0.458768182,1498,CSBerk,DMel_CSBerk,U,F,3,NA,NA
9/30/19,13:36:58,11,39,2,49163,49182,1.810152424,4.066765,2.165366973,20.263,24.930925,22.234,21.1775,3.5215,0,1499,CSBerk,DMel_CSBerk,U,F,3,1.042,NA
9/30/19,13:41:58,12,40,2,49444,49463,1.207168324,3.36547,1.479191312,19.782,24.933405,22.24,21.18,3.3685,0,1500,CSBerk,DMel_CSBerk,U,F,3,0.579,NA
9/30/19,13:51:58,13,42,2,50037,50056,1.868002723,4.114405,2.24058627,20.209,24.928235,22.24,21.15,3.3325,0.004227273,1501,CSBerk,DMel_CSBerk,I,F,3,0.906,NA
9/30/19,13:56:58,14,43,2,50297,50316,1.52445255,3.691665,1.828433993,20.21,24.93125,22.24,21.0235,0.039,0.109454545,1502,CSBerk,DMel_CSBerk,I,F,3,0.638,NA
9/30/19,14:06:58,15,45,2,50937,50956,1.499551072,4.174505,2.310919625,15.73,24.92967,22.256,21.06,0.049,0.000204545,1503,CSBerk,DMel_CSBerk,I,F,3,0.997,bad flow
9/30/19,14:11:58,16,46,2,51146,51165,1.787854889,4.017355,2.150372041,20.156,24.929515,22.28,21.06,0.059,0.0106,1504,CSBerk,DMel_CSBerk,I,F,3,0.742,NA
10/1/19,11:26:58,7,9,1,41378,41397,1.863986422,4.598225,2.278521821,19.861,24.932865,22.7065,21.7135,3.278,8.57E-15,1511,CSBerk,DMel_CSBerk,U,M,4,0.727,NA
10/1/19,11:31:58,8,10,1,41631,41650,1.940280332,4.61597,2.369088399,19.884,24.931355,22.713,21.618,3.505,0.149254545,1512,CSBerk,DMel_CSBerk,U,M,4,0.685,NA
10/1/19,11:41:58,9,12,1,42271,42290,1.490824327,3.907095,1.753613498,20.643,24.92821,22.75,21.43,3.401,0,1513,CSBerk,DMel_CSBerk,I,M,4,0.599,NA
10/1/19,11:46:58,10,13,1,42418,42437,1.713556864,4.18076,2.067417341,20.1265,24.9269,22.7625,21.43,3.409,0.557413636,1514,CSBerk,DMel_CSBerk,I,M,4,0.602,NA
10/1/19,11:56:58,11,15,1,43090,43109,1.419423656,3.7312,1.704260993,20.2255,24.93166,22.78,21.4365,3.399,4.02E-16,1515,CSBerk,DMel_CSBerk,I,M,4,0.58,NA
10/1/19,12:01:58,12,16,1,43450,43469,1.394075742,3.66651,1.711251385,19.783,24.93095,22.78,21.5445,3.3245,3.43E-14,1516,CSBerk,DMel_CSBerk,I,M,4,0.672,NA
10/1/19,12:11:58,13,18,1,43918,43937,1.747961685,4.03081,2.104148211,20.1745,24.93129,22.8,21.5,3.3175,1.37E-13,1517,CSBerk,DMel_CSBerk,I,F,4,0.804,NA
10/1/19,12:16:58,14,19,1,44256,44275,1.660621233,3.87002,1.998508635,20.1805,24.93051,22.81,21.47,3.344,0,1518,CSBerk,DMel_CSBerk,I,F,4,0.911,NA
10/1/19,12:26:58,15,21,1,44978,44997,1.405497229,3.99628,2.170300965,15.7275,24.929665,22.8,21.54,3.2205,0,1519,CSBerk,DMel_CSBerk,I,F,4,0.617,bad flow
10/1/19,12:31:58,16,22,1,45136,45155,1.493344135,3.61611,1.803270822,20.111,24.92832,22.7895,21.58,3.439,0,1520,CSBerk,DMel_CSBerk,I,F,4,0.883,NA
10/1/19,12:41:58,1,24,1,45729,45748,2.22382164,4.51735,2.731890091,19.767,24.928925,22.77,21.66,0.074,-6.86E-14,1505,CSBerk,DMel_CSBerk,U,F,4,0.985,NA
10/1/19,12:46:58,2,25,1,46041,46060,2.355783532,4.620125,2.867486105,19.9505,24.932595,22.78,21.7,0.073,-1.07E-15,1506,CSBerk,DMel_CSBerk,U,F,4,0.961,NA
10/1/19,12:56:58,3,27,1,46732,46751,1.645877505,3.73629,2.01992989,19.7875,24.930095,22.786,21.82,0.0705,0,1507,CSBerk,DMel_CSBerk,U,F,4,0.927,NA
10/1/19,13:01:58,4,28,1,47058,47077,1.638923329,3.70632,2.017897668,19.7235,24.929535,22.78,21.904,0.121,0.547840909,1508,CSBerk,DMel_CSBerk,U,F,4,0.913,NA
10/1/19,13:11:58,5,30,1,47638,47657,1.513591658,3.47966,1.812077824,20.282,24.93025,22.75,22.06,0.1415,0.150140909,1509,CSBerk,DMel_CSBerk,U,M,4,0.641,NA
10/1/19,13:16:58,6,31,1,47951,47970,1.209450224,3.091655,1.447045448,20.293,24.92964,22.7245,21.86,0.1205,0,1510,CSBerk,DMel_CSBerk,U,M,4,0.659,NA
10/1/19,13:26:58,7,33,2,48458,48477,1.232823818,3.140905,1.507363082,19.857,24.932365,22.72,21.82,0.1515,-4.28E-15,1511,CSBerk,DMel_CSBerk,U,M,4,0.727,NA
10/1/19,13:31:58,8,34,2,48720,48739,1.288045536,3.199245,1.578669715,19.8095,24.929915,22.72,21.901,0.136,0,1512,CSBerk,DMel_CSBerk,U,M,4,0.685,NA
10/1/19,13:41:58,9,36,2,49318,49337,1.055613714,2.847585,1.241655544,20.644,24.93129,22.76,21.86,0.1575,0,1513,CSBerk,DMel_CSBerk,I,M,4,0.599,NA
10/1/19,13:46:58,10,37,2,49688,49707,1.124750624,2.948495,1.36067673,20.0735,24.92997,22.78,21.82,0.178,0,1514,CSBerk,DMel_CSBerk,I,M,4,0.602,NA
10/1/19,13:56:58,11,39,2,50218,50237,1.130645167,2.934995,1.355013319,20.2625,24.92899,22.7725,21.9,3.3175,-2.68E-16,1515,CSBerk,DMel_CSBerk,I,M,4,0.58,NA
10/1/19,14:01:59,12,40,2,50678,50697,1.150098638,2.98357,1.413903218,19.7495,24.9278,22.7235,22.06,3.5565,6.86E-14,1516,CSBerk,DMel_CSBerk,I,M,4,0.672,NA
10/1/19,14:11:59,13,42,2,51224,51243,1.455153326,3.314105,1.751253522,20.172,24.931105,22.69,22.3,3.6205,0,1517,CSBerk,DMel_CSBerk,I,F,4,0.804,NA
10/1/19,14:16:59,14,43,2,51533,51552,1.368543077,3.20101,1.646858327,20.1725,24.93163,22.67,22.21,3.4545,0,1518,CSBerk,DMel_CSBerk,I,F,4,0.911,NA
10/1/19,14:26:59,15,45,2,52179,52198,1.330790605,3.60644,2.055136575,15.717,24.930205,22.63,22.12,3.321,0,1519,CSBerk,DMel_CSBerk,I,F,4,0.617,bad flow
10/1/19,14:31:59,16,46,2,52319,52338,1.349273719,3.17946,1.628791927,20.1055,24.931515,22.62,22.12,3.426,4.28E-15,1520,CSBerk,DMel_CSBerk,I,F,4,0.883,NA
10/1/19,14:41:59,1,48,2,52994,53013,2.004469623,3.998875,2.457093046,19.7955,24.93102,22.555,22.05,3.288,0.837668182,1505,CSBerk,DMel_CSBerk,U,F,4,0.985,NA
10/1/19,14:46:59,2,49,2,53219,53238,1.742785379,3.65078,2.117928609,19.9665,24.93067,22.54,22.08,3.4295,-3.21E-15,1506,CSBerk,DMel_CSBerk,U,F,4,0.961,NA
10/2/19,11:34:34,7,9,1,41786,41805,1.63247007,4.444555,1.995442025,19.8425,24.93142,22.42,23.65,0.0395,0,1527,CSBerk,DMel_CSBerk,I,M,5,0.631,NA
10/2/19,11:39:34,8,10,1,42024,42043,1.624907757,4.36215,1.984006394,19.8645,24.931115,22.42,23.807,0.0425,2.14E-15,1528,CSBerk,DMel_CSBerk,I,M,5,0.601,NA
10/2/19,11:49:34,9,12,1,42727,42746,1.99338027,4.610295,2.339097838,20.6695,24.931475,22.42,23.736,0.0425,0.677940909,1529,CSBerk,DMel_CSBerk,U,M,5,0.667,NA
10/2/19,11:54:34,10,13,1,42941,42960,1.65296339,4.21602,1.998591325,20.06,24.92885,22.42,23.76,0.062,0.02065,1530,CSBerk,DMel_CSBerk,U,M,5,0.631,NA
10/2/19,12:04:34,11,15,1,43604,43623,1.428610288,3.85913,1.712165181,20.238,24.93118,22.426,23.76,0.061,-2.68E-16,1531,CSBerk,DMel_CSBerk,U,M,5,0.65,NA
10/2/19,12:09:34,12,16,1,43916,43935,1.218260755,3.590115,1.496663207,19.7435,24.92921,22.43,23.76,0.0745,0,1532,CSBerk,DMel_CSBerk,U,M,5,0.502,NA
10/2/19,12:19:35,13,18,1,44404,44423,2.3977746,4.95743,2.889453353,20.1295,24.93238,22.452,23.828,0.0695,0,1533,CSBerk,DMel_CSBerk,U,F,5,1.14,NA
10/2/19,12:24:35,14,19,1,44835,44854,2.034552401,4.45768,2.445684233,20.1785,24.932,22.44,23.92,0.0615,5.36E-16,1534,CSBerk,DMel_CSBerk,U,F,5,1.008,NA
10/2/19,12:34:35,15,21,1,45425,45444,2.33721239,5.59106,3.609326211,15.7065,24.92979,22.43,24.096,0.087,0.000836364,1535,CSBerk,DMel_CSBerk,U,F,5,1.092,bad flow
10/2/19,12:39:35,16,22,1,45629,45648,1.648876645,3.94947,1.98892306,20.1085,24.92889,22.43,24.1605,0.067,-6.86E-14,1536,CSBerk,DMel_CSBerk,U,F,5,0.981,NA
10/2/19,12:49:35,1,24,1,46280,46299,1.460841988,3.71175,1.792647792,19.766,24.929675,22.43,24.16,0.092,2.14E-15,1521,CSBerk,DMel_CSBerk,I,F,5,0.865,NA
10/2/19,12:54:35,2,25,1,46635,46654,1.216604767,3.355535,1.481014793,19.9245,24.931985,22.43,24.2,3.176,0,1522,CSBerk,DMel_CSBerk,I,F,5,0.722,NA
10/2/19,13:04:35,3,27,1,47075,47094,1.832019942,4.103755,2.24419162,19.799,24.92973,22.409,24.24,3.5355,0.152668182,1523,CSBerk,DMel_CSBerk,I,F,5,0.859,NA
10/2/19,13:09:35,4,28,1,47405,47424,1.99933451,4.275655,2.451165366,19.781,24.929325,22.38,24.12,3.537,0.124795455,1524,CSBerk,DMel_CSBerk,I,F,5,0.943,NA
10/2/19,13:19:35,5,30,1,48078,48097,1.507447927,3.595855,1.803447929,20.269,24.93213,22.35,24.43,3.496,1.134936364,1525,CSBerk,DMel_CSBerk,I,M,5,0.581,NA
10/2/19,13:24:35,6,31,1,48275,48294,1.028976858,3.00773,1.229944087,20.286,24.927695,22.34,24.4845,3.597,2.14E-15,1526,CSBerk,DMel_CSBerk,I,M,5,0.589,NA
10/2/19,13:34:35,7,33,2,48980,48999,1.173564265,3.18904,1.433505729,19.851,24.92967,22.34,24.083,3.4265,0,1527,CSBerk,DMel_CSBerk,I,M,5,0.631,NA
10/2/19,13:39:35,8,34,2,49259,49278,1.276213348,3.304705,1.560677558,19.829,24.93131,22.35,24.01,3.53,2.14E-15,1528,CSBerk,DMel_CSBerk,I,M,5,0.601,NA
10/2/19,13:49:35,9,36,2,49887,49906,1.880134144,3.932895,2.205600405,20.6715,24.93174,22.36,23.88,3.5705,0.405577273,1529,CSBerk,DMel_CSBerk,U,M,5,0.667,NA
10/2/19,13:54:35,10,37,2,50085,50104,1.172699042,3.132965,1.416498145,20.076,24.929835,22.36,23.728,3.507,-2.74E-13,1530,CSBerk,DMel_CSBerk,U,M,5,0.631,NA
10/2/19,14:04:35,11,39,2,50702,50721,1.079550578,2.99907,1.294425982,20.2235,24.927215,22.35,23.25,3.4575,1.07E-15,1531,CSBerk,DMel_CSBerk,U,M,5,0.65,NA
10/2/19,14:09:35,12,40,2,51025,51044,0.964148545,2.880585,1.182340076,19.773,24.9304,22.34,23.17,3.303,0,1532,CSBerk,DMel_CSBerk,U,M,5,0.502,NA
10/2/19,14:19:35,13,42,2,51624,51643,1.941532956,4.023215,2.33043223,20.1995,24.928225,22.3115,23.1815,3.3715,-1.07E-15,1533,CSBerk,DMel_CSBerk,U,F,5,1.14,NA
10/2/19,14:24:35,14,43,2,51992,52011,2.04244903,4.14394,2.457537312,20.1485,24.929875,22.29,23.01,3.4795,0.346331818,1534,CSBerk,DMel_CSBerk,U,F,5,1.008,NA
10/2/19,14:34:35,15,45,2,52493,52512,2.108990968,4.936795,3.25648502,15.7005,24.93385,22.28,23,3.5245,0.377781818,1535,CSBerk,DMel_CSBerk,U,F,5,1.092,bad flow
10/2/19,14:39:35,16,46,2,52801,52820,1.434078857,3.39861,1.729121794,20.105,24.931665,22.26,23.2,3.352,1.37E-13,1536,CSBerk,DMel_CSBerk,U,F,5,0.981,NA
10/2/19,14:49:35,1,48,2,53375,53394,1.281005434,3.232345,1.56967067,19.782,24.928995,22.24,23.24,3.4595,0,1521,CSBerk,DMel_CSBerk,I,F,5,0.865,NA
10/2/19,14:54:35,2,49,2,53697,53716,1.052870103,2.937345,1.279076509,19.9515,24.930195,22.22,23.1455,3.2885,-2.57E-14,1522,CSBerk,DMel_CSBerk,I,F,5,0.722,NA
10/3/19,11:05:27,7,9,1,39973,39992,1.849667195,4.666765,2.261208693,19.8395,24.93239,22.41,23.72,3.427,-5.36E-16,1543,Car5,DSim,U,M,4,0.613,NA
10/3/19,11:10:27,8,10,1,40228,40247,1.803635482,4.537835,2.207631492,19.816,24.92813,22.42,23.84,3.372,8.57E-15,1544,Car5,DSim,U,M,4,0.543,NA
10/3/19,11:20:27,9,12,1,40957,40976,2.1119735,4.705445,2.483661903,20.626,24.930165,22.44,23.81,3.3525,-1.71E-14,1545,Car5,DSim,U,F,4,0.918,NA
10/3/19,11:25:27,10,13,1,41263,41282,2.104457035,4.70116,2.548511046,20.0305,24.929875,22.451,23.6925,3.3585,6.86E-14,1546,Car5,DSim,U,F,4,1.001,NA
10/3/19,11:35:27,11,15,1,41809,41828,2.360547351,4.947155,2.838598697,20.1725,24.93342,22.46,23.81,3.407,-3.43E-14,1547,Car5,DSim,U,F,4,1.13,NA
10/3/19,11:40:27,12,16,1,42187,42206,1.943367704,4.432975,2.389695712,19.729,24.932035,22.49,24.0065,3.229,0,1548,Car5,DSim,U,F,4,1.026,NA
10/3/19,11:50:27,13,18,1,42712,42731,1.781251093,4.16295,2.148518144,20.1165,24.92893,22.54,24.14,3.4145,0.322972727,1549,Car5,DSim,I,M,4,0.667,NA
10/3/19,11:55:27,14,19,1,43087,43106,1.2432069,3.46377,1.496902606,20.154,24.93191,22.57,24.14,3.3325,0,1550,Car5,DSim,I,M,4,0.44,NA
10/3/19,12:05:27,15,21,1,43668,43687,1.427419885,4.128325,2.19867042,15.755,24.929495,22.58,24.21,3.306,-1.07E-15,1551,Car5,DSim,I,M,4,0.641,bad flow
10/3/19,12:10:27,16,22,1,43896,43915,1.45613577,3.663325,1.764020842,20.032,24.93039,22.58,24.3,3.3095,2.14E-15,1552,Car5,DSim,I,M,4,0.595,NA
10/3/19,12:20:27,1,24,1,44427,44446,1.812825943,4.10069,2.224974577,19.7735,24.930735,22.598,24.61,3.2675,0,1537,Car5,DSim,I,F,4,0.862,NA
10/3/19,12:25:27,2,25,1,44803,44822,2.172073677,4.493595,2.647525766,19.9115,24.92901,22.6095,24.37,3.4335,-5.14E-14,1538,Car5,DSim,I,F,4,1.274,NA
10/3/19,12:35:27,3,27,1,45379,45398,1.827507191,4.06773,2.242444102,19.78,24.930405,22.62,24.3,3.352,2.14E-15,1539,Car5,DSim,I,F,4,1.023,NA
10/3/19,12:40:27,4,28,1,45627,45646,2.248893055,4.572235,2.765274064,19.7385,24.93182,22.62,24.25,3.2915,5.36E-16,1540,Car5,DSim,I,F,4,1.271,NA
10/3/19,12:50:27,5,30,1,46384,46403,1.286318995,3.32087,1.546811255,20.1835,24.933455,22.62,24.25,3.479,5.36E-16,1541,Car5,DSim,U,M,4,0.655,NA
10/3/19,12:55:27,6,31,1,46687,46706,1.495530177,3.54481,1.792302509,20.252,24.931205,22.62,24.3,3.3855,1.07E-15,1542,Car5,DSim,U,M,4,0.694,NA
10/3/19,13:05:27,7,33,2,47253,47272,1.409433773,3.44922,1.726568272,19.8115,24.93159,22.6,24.584,3.3645,-1.07E-15,1543,Car5,DSim,U,M,4,0.613,NA
10/3/19,13:10:27,8,34,2,47581,47600,1.292896716,3.26912,1.583928394,19.808,24.92801,22.57,24.61,3.501,6.86E-14,1544,Car5,DSim,U,M,4,0.543,NA
10/3/19,13:20:27,9,36,2,48029,48048,1.826688031,3.825065,2.146761386,20.6475,24.927845,22.5525,24.61,3.388,1.71E-14,1545,Car5,DSim,U,F,4,0.918,NA
10/3/19,13:25:27,10,37,2,48349,48368,1.699311137,3.72172,2.055870283,20.0565,24.932285,22.5475,24.635,3.276,0,1546,Car5,DSim,U,F,4,1.001,NA
10/3/19,13:35:27,11,39,2,49045,49064,2.016599047,4.06573,2.418315913,20.233,24.931175,22.53,24.69,3.601,0.125659091,1547,Car5,DSim,U,F,4,1.13,NA
10/3/19,13:40:27,12,40,2,49374,49393,1.676400886,3.68802,2.057481501,19.7695,24.93163,22.53,24.6935,3.419,-8.57E-15,1548,Car5,DSim,U,F,4,1.026,NA
10/3/19,13:50:27,13,42,2,49926,49945,1.722795565,3.696585,2.072989676,20.1645,24.93074,22.53,24.78,3.5125,0.414663636,1549,Car5,DSim,I,M,4,0.667,NA
10/3/19,13:55:27,14,43,2,50204,50223,1.186064705,3.0434,1.426847833,20.169,24.927755,22.53,24.97,3.3025,0.478522727,1550,Car5,DSim,I,M,4,0.44,NA
10/3/19,14:05:27,15,45,2,50817,50836,1.227159433,3.51791,1.896148769,15.704,24.930655,22.55,25.2525,3.279,0,1551,Car5,DSim,I,M,4,0.641,bad flow
10/3/19,14:10:27,16,46,2,51104,51123,1.297279347,3.200905,1.569268667,20.059,24.928565,22.55,25.2945,3.4565,8.57E-15,1552,Car5,DSim,I,M,4,0.595,NA
10/3/19,14:20:27,1,48,2,51711,51730,1.494471342,3.46856,1.835155097,19.7605,24.93066,22.55,25.04,3.299,0,1537,Car5,DSim,I,F,4,0.862,NA
10/3/19,14:25:27,2,49,2,51927,51946,1.754893011,3.766955,2.134980828,19.945,24.93133,22.545,25.14,3.3465,3.43E-14,1538,Car5,DSim,I,F,4,1.274,NA
10/3/19,14:35:27,3,51,2,52527,52546,1.494212128,3.455315,1.829128589,19.82,24.93149,22.52,25.28,3.4345,2.14E-15,1539,Car5,DSim,I,F,4,1.023,NA
10/3/19,14:40:27,4,52,2,52845,52864,1.693516,3.693605,2.07887404,19.7635,24.93181,22.4945,25.32,3.4285,5.36E-16,1540,Car5,DSim,I,F,4,1.271,NA
10/3/19,14:50:27,5,54,2,53527,53546,1.0626514,2.874755,1.274557544,20.223,24.92974,22.43,25.5055,2.8675,-1.07E-15,1541,Car5,DSim,U,M,4,0.655,NA
10/3/19,14:55:27,6,55,2,53741,53760,1.335703218,3.19005,1.598315526,20.268,24.932425,22.4,25.666,3.285,0,1542,Car5,DSim,U,M,4,0.694,NA
10/4/19,10:31:05,7,9,1,37878,37897,2.075251419,5.078895,2.530761985,19.876,24.336265,22.228,30.93,3.303,2.68E-16,1559,Car5,DSim,U,F,5,1.063,NA
10/4/19,10:36:05,8,10,1,38325,38344,1.989739194,4.86606,2.434345322,19.8105,24.80767,22.21,30.93,3.497,-2.14E-15,1560,Car5,DSim,U,F,5,1.051,NA
10/4/19,10:46:05,9,12,1,38874,38893,1.601111413,4.258955,1.882986527,20.611,24.724205,22.24,30.74,3.295,-3.43E-14,1561,Car5,DSim,U,M,5,0.642,NA
10/4/19,10:51:05,10,13,1,39160,39179,1.599762562,4.245,1.932913241,20.0625,24.77844,22.24,30.58,3.185,2.68E-16,1562,Car5,DSim,U,M,5,0.667,NA
10/4/19,11:01:05,11,15,1,39710,39729,1.418096299,3.96183,1.700594022,20.215,24.50023,22.27,30.371,2.7605,5.36E-16,1563,Car5,DSim,U,M,5,0.545,NA
10/4/19,11:06:05,12,16,1,39965,39984,1.640643615,4.22653,2.015286099,19.736,24.707405,22.28,30.3,2.768,4.28E-15,1564,Car5,DSim,U,M,5,0.554,NA
10/4/19,11:16:05,13,18,1,40594,40613,1.267910179,3.67124,1.527178351,20.1265,24.497185,22.27,30.1485,2.851,0,1565,Car5,DSim,I,M,5,0.568,NA
10/4/19,11:21:05,14,19,1,40926,40945,1.24847572,3.57616,1.503215944,20.1325,24.66452,22.248,30.26,2.9325,5.36E-16,1566,Car5,DSim,I,M,5,0.528,NA
10/4/19,11:31:05,15,21,1,41469,41488,1.330847557,4.092715,2.052658126,15.716,24.568465,22.24,30.22,2.9565,0,1567,Car5,DSim,I,M,5,0.545,bad flow
10/4/19,11:36:05,16,22,1,41925,41944,1.181721707,3.43627,1.429159343,20.0405,24.75087,22.2035,30.3605,2.907,2.14E-15,1568,Car5,DSim,I,M,5,0.469,NA
10/4/19,11:46:05,1,24,1,42403,42422,1.863499288,4.280625,2.288207412,19.738,24.652185,22.2,30.06,2.9025,-6.86E-14,1553,Car5,DSim,I,F,5,1.046,NA
10/4/19,11:51:05,2,25,1,42763,42782,1.930526656,4.31291,2.350596343,19.9045,24.801735,22.19,29.87,3.026,1.71E-14,1554,Car5,DSim,I,F,5,1.05,NA
10/4/19,12:01:05,3,27,1,43281,43300,1.734830178,4.073835,2.12669574,19.7685,24.52432,22.1675,28.552,3.451,-1.34E-16,1555,Car5,DSim,I,F,5,0.981,NA
10/4/19,12:06:05,4,28,1,43683,43702,1.886410079,4.23457,2.31283665,19.7635,24.74741,22.14,28.3745,3.285,5.36E-16,1556,Car5,DSim,I,F,5,1.178,NA
10/4/19,12:16:05,5,30,1,44282,44301,1.394095087,3.5685,1.672171824,20.2015,24.649955,22.135,28.57,3.374,5.36E-16,1557,Car5,DSim,U,F,5,0.883,NA
10/4/19,12:21:05,6,31,1,44465,44484,1.429848098,3.5875,1.707616165,20.29,24.683105,22.14,28.52,3.283,-1.07E-15,1558,Car5,DSim,U,F,5,0.963,NA
10/4/19,12:31:05,7,33,2,45108,45127,1.751238899,3.9993,2.137435977,19.852,24.50345,22.12,27.78,3.3055,1.07E-15,1559,Car5,DSim,U,F,5,1.063,NA
10/4/19,12:36:05,8,34,2,45432,45451,1.655446497,3.879055,2.022428655,19.8325,24.68005,22.11,27.4,3.4645,6.43E-15,1560,Car5,DSim,U,F,5,1.051,NA
10/4/19,12:46:05,9,36,2,46031,46050,1.228771675,3.28777,1.440805746,20.6615,24.447985,22.08,27.2135,3.448,3.43E-14,1561,Car5,DSim,U,M,5,0.642,NA
10/4/19,12:51:05,10,37,2,46425,46444,1.377361077,3.49549,1.664658808,20.044,24.61237,22.06,27.45,3.44,8.57E-15,1562,Car5,DSim,U,M,5,0.667,NA
10/4/19,13:01:05,11,39,2,46992,47011,1.313244794,3.401,1.571302351,20.2495,24.713595,22.1055,26.8495,3.5695,1.07E-15,1563,Car5,DSim,U,M,5,0.545,NA
10/4/19,13:06:05,12,40,2,47255,47274,1.24563711,3.355515,1.526580766,19.7715,24.92126,22.132,26.608,3.3955,0,1564,Car5,DSim,U,M,5,0.554,NA
10/4/19,13:16:05,13,42,2,47888,47907,1.09959899,3.13317,1.321318646,20.1695,24.76259,22.2,26.0255,3.2795,-4.28E-15,1565,Car5,DSim,I,M,5,0.568,NA
10/4/19,13:21:06,14,43,2,48136,48155,1.03027987,3.035455,1.240155426,20.1355,24.87087,22.21,25.8895,3.2265,-1.07E-15,1566,Car5,DSim,I,M,5,0.528,NA
10/4/19,13:31:04,15,45,2,48669,48688,1.196021541,3.631705,1.843890984,15.722,24.75857,22.225,25.0215,3.5795,-4.28E-15,1567,Car5,DSim,I,M,5,0.545,bad flow
10/4/19,13:36:05,16,46,2,49124,49143,1.036563595,3.03742,1.252689718,20.0565,24.832905,22.2215,24.38,3.3265,0.243936364,1568,Car5,DSim,I,M,5,0.469,NA
10/7/19,11:02:03,7,9,1,39738,39757,1.683565647,4.767605,2.06223802,19.8075,24.201885,22.52,24.81,3.6065,-5.36E-16,1575,Car5,DSim,U,M,3,0.599,NA
10/7/19,11:07:03,8,10,1,40023,40042,1.750038392,4.769145,2.147727485,19.77,24.3796,22.52,24.849,3.54,5.36E-16,1576,Car5,DSim,U,M,3,0.566,NA
10/7/19,11:17:03,9,12,1,40659,40678,2.172444904,5.09146,2.562091682,20.5735,24.288975,22.53,24.69,3.5225,-1.07E-15,1577,Car5,DSim,U,F,3,0.901,NA
10/7/19,11:22:03,10,13,1,40928,40947,2.0658762,4.967275,2.506084049,20,24.376265,22.51,24.57,3.4195,5.14E-14,1578,Car5,DSim,U,F,3,0.93,NA
10/7/19,11:32:03,11,15,1,41683,41702,2.064496218,4.851925,2.479611022,20.1955,24.462045,22.44,24.43,3.3965,-2.14E-15,1579,Car5,DSim,U,F,3,1.102,NA
10/7/19,11:37:03,12,16,1,41888,41907,1.972739405,4.76972,2.430818448,19.6845,24.613115,22.43,24.4555,3.5215,-2.14E-15,1580,Car5,DSim,U,F,3,1.019,NA
10/7/19,11:47:03,13,18,1,42429,42448,1.689226781,4.34021,2.037508629,20.1085,24.38247,22.42,24.2,3.479,0,1581,Car5,DSim,I,F,3,0.818,NA
10/7/19,11:52:03,14,19,1,42881,42900,1.966366467,4.613665,2.374904092,20.0815,24.71861,22.41,24.2,3.606,-1.34E-16,1582,Car5,DSim,I,F,3,0.868,NA
10/7/19,12:02:03,15,21,1,43383,43402,1.896137835,5.14705,2.943616163,15.622,24.474865,22.391,24.24,3.4505,1.71E-14,1583,Car5,DSim,I,F,3,0.801,bad flow
10/7/19,12:07:03,16,22,1,43767,43786,1.841894118,4.364035,2.228890887,20.04,24.50385,22.3735,24.36,3.474,0.142513636,1584,Car5,DSim,I,F,3,0.994,NA
10/7/19,12:17:03,1,24,1,44344,44363,1.181757477,3.557995,1.451812324,19.739,24.574115,22.35,24.585,3.5415,-1.07E-15,1569,Car5,DSim,I,M,3,0.557,NA
10/7/19,12:22:03,2,25,1,44523,44542,1.321210556,3.6997,1.61097184,19.887,24.662805,22.35,24.691,3.5285,-2.14E-15,1570,Car5,DSim,I,M,3,0.543,NA
10/7/19,12:32:03,3,27,1,45152,45171,1.356545389,3.725985,1.66869266,19.7155,24.60061,22.39,24.95,3.454,0.262877273,1571,Car5,DSim,I,M,3,0.535,NA
10/7/19,12:37:03,4,28,1,45468,45487,1.313294327,3.642225,1.614653926,19.727,24.919655,22.41,24.95,3.3895,1.07E-15,1572,Car5,DSim,I,M,3,0.648,NA
10/7/19,12:47:03,5,30,1,46150,46169,1.205454359,3.44724,1.450904778,20.151,24.66412,22.415,25.46,3.5135,1.07E-15,1573,Car5,DSim,U,M,3,0.567,NA
10/7/19,12:52:03,6,31,1,46376,46395,1.168983532,3.38169,1.402559016,20.2145,24.73208,22.41,25.45,3.661,-1.07E-15,1574,Car5,DSim,U,M,3,0.518,NA
10/7/19,13:02:03,7,33,2,47062,47081,1.28620647,3.53277,1.575325107,19.8005,24.69647,22.38,25.674,3.5615,0,1575,Car5,DSim,U,M,3,0.599,NA
10/7/19,13:07:03,8,34,2,47223,47242,1.202893113,3.425675,1.475915854,19.765,24.743535,22.379,25.74,3.5625,0.149936364,1576,Car5,DSim,U,M,3,0.566,NA
10/7/19,13:17:03,9,36,2,47833,47852,1.683962568,3.92221,1.984034615,20.583,24.678395,22.3735,26.1,3.5445,3.21E-15,1577,Car5,DSim,U,F,3,0.901,NA
10/7/19,13:22:03,10,37,2,48123,48142,1.627196751,3.905305,1.97438948,19.986,24.80549,22.37,26.14,3.5315,5.14E-14,1578,Car5,DSim,U,F,3,0.93,NA
10/7/19,13:32:03,11,39,2,48732,48751,1.679536509,3.94406,2.020304576,20.16,24.68969,22.37,26.214,0.058,2.14E-15,1579,Car5,DSim,U,F,3,1.102,NA
10/7/19,13:37:03,12,40,2,49182,49201,1.467935734,3.72228,1.808001643,19.6905,24.93054,22.38,25.7875,0.0565,4.28E-15,1580,Car5,DSim,U,F,3,1.019,NA
10/7/19,13:47:03,13,42,2,49706,49725,1.38501883,3.57932,1.675944884,20.0415,24.73953,22.38,25.2205,0.039,4.28E-15,1581,Car5,DSim,I,F,3,0.818,NA
10/7/19,13:52:03,14,43,2,49940,49959,1.475444618,3.674025,1.782412772,20.074,24.791655,22.37,24.865,0.041,2.68E-16,1582,Car5,DSim,I,F,3,0.868,NA
10/7/19,14:02:03,15,45,2,50633,50652,1.433137639,4.089065,2.216948038,15.6755,24.66865,22.35,24.91,3.4655,-8.57E-15,1583,Car5,DSim,I,F,3,0.801,bad flow
10/7/19,14:07:03,16,46,2,50904,50923,1.441004922,3.60474,1.746008153,20.0115,24.572225,22.33,24.95,3.4665,3.43E-14,1584,Car5,DSim,I,F,3,0.994,NA
10/7/19,14:17:03,1,48,2,51553,51572,1.300876001,3.449955,1.603503488,19.668,24.568155,22.2865,25.33,3.354,0.0056,1569,Car5,DSim,I,M,3,0.557,NA
10/7/19,14:22:03,2,49,2,51779,51798,1.469046328,3.631855,1.792291639,19.87,24.629325,22.27,25.36,3.568,0.609363636,1570,Car5,DSim,I,M,3,0.543,NA
10/8/19,10:51:52,7,9,1,39113,39132,2.448380575,5.634515,2.999656659,19.752,23.363975,21.75,34.16,3.2615,0,1591,Car5,DSim,U,F,4,1.255,NA
10/8/19,10:56:52,8,10,1,39543,39562,1.926489728,4.882795,2.364666179,19.7145,23.66951,21.74,34.03,3.3775,0.589618182,1592,Car5,DSim,U,F,4,1.032,NA
10/8/19,11:06:52,9,12,1,40012,40031,1.730518449,4.52264,2.038197363,20.545,23.40226,21.73,33.701,3.3795,-1.71E-14,1593,Car5,DSim,I,F,4,0.648,NA
10/8/19,11:11:52,10,13,1,40429,40448,2.248726617,5.1388,2.729175276,19.938,23.65932,21.73,33.7,3.405,2.68E-16,1594,Car5,DSim,I,F,4,1.088,NA
10/8/19,11:21:52,11,15,1,41058,41077,1.977347583,4.73559,2.379531475,20.1095,23.62659,21.752,33.93,3.305,2.68E-16,1595,Car5,DSim,I,F,4,0.894,NA
10/8/19,11:26:52,12,16,1,41303,41322,2.071572965,4.868095,2.55129577,19.6505,23.75262,21.77,33.8,3.3085,1.34E-16,1596,Car5,DSim,I,F,4,0.932,NA
10/8/19,11:36:52,13,18,1,41812,41831,1.287533755,3.84408,1.55489535,20.0405,23.5089,21.78,33.4035,3.3855,0,1597,Car5,DSim,U,M,4,0.585,NA
10/8/19,11:41:52,14,19,1,42231,42250,1.352375094,3.87237,1.631833293,20.058,23.804625,21.79,33.31,3.4125,-1.07E-15,1598,Car5,DSim,U,M,4,0.591,NA
10/8/19,11:51:52,15,21,1,42765,42784,1.239314989,4.130325,1.91239125,15.686,23.75269,21.82,33.31,3.2075,-1.07E-15,1599,Car5,DSim,U,M,4,NA,bad flow
10/8/19,11:56:52,16,22,1,43094,43113,1.652411558,4.192355,2.0045985,19.954,23.8812,21.84,33.18,3.343,4.28E-15,1600,Car5,DSim,U,M,4,0.645,NA
10/8/19,12:06:52,1,24,1,43641,43660,1.180808137,3.62222,1.455018461,19.6475,23.69268,21.88,33.11,3.2595,1.07E-15,1585,Car5,DSim,I,M,4,0.503,NA
10/8/19,12:11:52,2,25,1,43934,43953,1.134577088,3.53022,1.386179505,19.817,23.929945,21.8975,33.1755,3.281,-1.07E-15,1586,Car5,DSim,I,M,4,0.509,NA
10/8/19,12:21:52,3,27,1,44665,44684,1.102501954,3.46153,1.357996914,19.658,23.862585,21.92,33.39,3.274,-2.68E-16,1587,Car5,DSim,I,M,4,0.528,NA
10/8/19,12:26:52,4,28,1,44820,44839,1.149415105,3.502895,1.415189932,19.6665,23.88652,21.927,33.46,3.3215,-2.14E-15,1588,Car5,DSim,I,M,4,0.535,NA
10/8/19,12:36:52,5,30,1,45544,45563,1.823089235,4.260635,2.193795137,20.122,23.82373,21.9225,33.3805,3.173,-1.07E-15,1589,Car5,DSim,U,F,4,1.143,NA
10/8/19,12:41:52,6,31,1,45872,45891,1.952019001,4.404055,2.342700742,20.1755,24.122635,21.92,33.46,3.361,0,1590,Car5,DSim,U,F,4,0.901,NA
10/8/19,12:51:52,7,33,2,46472,46491,1.978082525,4.45976,2.42157276,19.7785,23.83551,21.9075,33.371,0.021,-1.07E-15,1591,Car5,DSim,U,F,4,1.255,NA
10/8/19,12:56:52,8,34,2,46637,46656,1.456439684,3.81054,1.785466206,19.75,23.857605,21.9,33.454,0.0185,2.14E-15,1592,Car5,DSim,U,F,4,1.032,NA
10/8/19,13:06:52,9,36,2,47212,47231,1.44292458,3.703135,1.699986309,20.548,23.71055,21.862,33.23,0.029,0.022877273,1593,Car5,DSim,I,F,4,0.648,NA
10/8/19,13:11:52,10,37,2,47537,47556,1.642978467,3.96536,1.988414349,20.0015,23.81247,21.839,33.007,0.0255,1.61E-15,1594,Car5,DSim,I,F,4,1.088,NA
10/8/19,13:21:52,11,39,2,48139,48158,1.503005374,3.764985,1.807295868,20.1285,23.718255,21.8,32.44,0.0155,4.28E-15,1595,Car5,DSim,I,F,4,0.894,NA
10/8/19,13:26:52,12,40,2,48470,48489,1.675811174,4.00347,2.061868196,19.671,23.838965,21.79,32.36,0.0235,1.34E-16,1596,Car5,DSim,I,F,4,0.932,NA
10/8/19,13:36:52,13,42,2,49131,49150,1.079949609,3.221725,1.303999929,20.0415,23.78048,21.75,32.284,0.024,2.14E-15,1597,Car5,DSim,U,M,4,0.585,NA
10/8/19,13:41:52,14,43,2,49331,49350,1.100215536,3.231015,1.328145131,20.0465,23.89207,21.75,31.9205,0.0185,-2.14E-15,1598,Car5,DSim,U,M,4,0.591,NA
10/8/19,13:51:52,15,45,2,49997,50016,1.143230142,3.65614,1.76489122,15.676,24.08826,21.76,30.61,0.026,0.097518182,1599,Car5,DSim,U,M,4,NA,bad flow
10/8/19,13:56:52,16,46,2,50238,50257,1.12375308,3.254325,1.363573444,19.9455,24.04696,21.7795,30.853,0.02,8.57E-15,1600,Car5,DSim,U,M,4,0.645,NA
10/9/19,11:20:55,7,9,1,40855,40874,2.093896193,6.18834,4.724014384,10.749,24.941245,22.38,14.0115,3.2945,-1.07E-15,1607,Car5,DSim,U,M,3,0.562,NA
10/9/19,11:25:55,8,10,1,41315,41334,1.855285742,5.51658,4.191410743,10.7345,24.9391,22.38,14.408,3.482,6.69E-17,1608,Car5,DSim,U,M,3,0.519,NA
10/9/19,11:35:55,9,12,1,41755,41774,2.650962117,7.13124,5.837673762,11.0135,24.937945,22.3975,14.106,3.5025,-3.21E-15,1609,Car5,DSim,U,F,3,0.905,NA
10/9/19,11:40:55,10,13,1,42055,42074,2.378638005,6.53702,5.310007749,10.8645,24.94059,22.41,13.9215,3.426,4.28E-15,1610,Car5,DSim,U,F,3,0.829,NA
10/9/19,11:50:55,11,15,1,42655,42674,2.231514095,6.16256,4.991049173,10.8445,24.94048,22.43,13.157,3.2855,0,1611,Car5,DSim,U,F,3,1.121,NA
10/9/19,11:55:55,12,16,1,42955,42974,2.732132755,7.343315,6.213267699,10.666,24.943625,22.44,13.23,3.3225,-2.14E-15,1612,Car5,DSim,U,F,3,1.045,NA
10/9/19,12:05:55,13,18,1,43555,43574,2.268878296,6.190225,5.108383293,10.7755,24.941935,22.504,13.09,0.049,0,1613,Car5,DSim,I,F,3,1.201,NA
10/9/19,12:10:55,14,19,1,43927,43946,2.243544629,6.057225,5.046959294,10.7855,24.937045,22.5175,12.7965,0.037,3.21E-15,1614,Car5,DSim,I,F,3,1.235,NA
10/9/19,12:20:55,15,21,1,44455,44474,1.824134046,5.74592,4.768858412,9.281,24.94152,22.52,12.78,0.0505,1.07E-15,1615,Car5,DSim,I,F,3,0.796,bad flow
10/9/19,12:25:55,16,22,1,44832,44851,2.400327338,6.339075,5.404623691,10.776,24.940015,22.53,12.94,0.047,-4.28E-15,1616,Car5,DSim,I,F,3,1.318,NA
10/9/19,12:35:55,1,24,1,45355,45374,1.568488014,4.46628,3.559228427,10.6925,24.939505,22.53,12.952,0.0445,0,1601,Car5,DSim,I,M,3,0.685,NA
10/9/19,12:40:55,2,25,1,45711,45730,1.565018093,4.41327,3.552800708,10.6885,24.941825,22.54,13.0015,0.051,5.36E-16,1602,Car5,DSim,I,M,3,0.606,NA
10/9/19,12:50:55,3,27,1,46255,46274,1.388814425,3.985075,3.146580349,10.7095,24.93943,22.54,13.27,0.04,5.36E-16,1603,Car5,DSim,I,M,3,0.494,NA
10/9/19,12:55:54,4,28,1,46671,46690,1.536846793,4.3225,3.506887818,10.6335,24.936315,22.54,13.32,0.04,2.14E-15,1604,Car5,DSim,I,M,3,0.586,NA
10/9/19,13:05:55,5,30,1,47155,47174,1.707908462,4.630045,3.827556857,10.827,24.94373,22.54,13.811,3.465,3.43E-14,1605,Car5,DSim,U,M,3,0.638,NA
10/9/19,13:10:55,6,31,1,47455,47474,1.572043998,4.29033,3.511427699,10.863,24.936495,22.54,13.94,3.498,0,1606,Car5,DSim,U,M,3,0.584,NA
10/9/19,13:20:55,7,33,2,48173,48192,1.508332098,4.177415,3.417230971,10.7115,24.937835,22.58,13.99,3.267,-2.14E-15,1607,Car5,DSim,U,M,3,0.562,NA
10/9/19,13:25:55,8,34,2,48477,48496,1.332578389,3.775325,3.021764205,10.7025,24.94052,22.6,13.87,3.4355,-2.68E-16,1608,Car5,DSim,U,M,3,0.519,NA
10/9/19,13:35:55,9,36,2,48955,48974,1.96241577,5.090435,4.342676241,10.9675,24.939465,22.62,13.747,3.352,4.28E-15,1609,Car5,DSim,U,F,3,0.905,NA
10/9/19,13:40:55,10,37,2,49344,49363,1.854829102,4.91017,4.176796558,10.7785,24.94176,22.6265,13.55,3.296,-1.71E-14,1610,Car5,DSim,U,F,3,0.829,NA
10/9/19,13:50:55,11,39,2,50009,50028,2.062431838,5.34941,4.62848916,10.815,24.94139,22.62,13.43,3.335,1.07E-15,1611,Car5,DSim,U,F,3,1.121,NA
10/9/19,13:55:55,12,40,2,50155,50174,2.02607756,5.335825,4.619784058,10.644,24.94276,22.6095,13.425,3.3105,-4.28E-15,1612,Car5,DSim,U,F,3,1.045,NA
10/9/19,14:05:54,13,42,2,50754,50773,1.819949987,4.7997,4.092260248,10.794,24.93953,22.625,13.55,3.272,5.36E-16,1613,Car5,DSim,I,F,3,1.201,NA
10/9/19,14:10:55,14,43,2,51159,51178,1.920617237,5.039535,4.341276799,10.739,24.94021,22.6575,13.52,3.2935,-2.14E-15,1614,Car5,DSim,I,F,3,1.235,NA
10/9/19,14:20:54,15,45,2,51654,51673,1.474978468,4.56348,3.868255762,9.2575,24.939935,22.6925,13.3615,3.5355,-6.43E-15,1615,Car5,DSim,I,F,3,0.796,bad flow
10/9/19,14:25:54,16,46,2,51954,51973,1.981198807,5.169895,4.478311801,10.7405,24.942015,22.71,13.36,3.3585,0,1616,Car5,DSim,I,F,3,1.318,NA
10/9/19,14:35:54,1,48,2,52624,52643,1.385276478,3.837735,3.158701764,10.6495,24.93937,22.766,13.21,3.426,2.14E-15,1601,Car5,DSim,I,M,3,0.685,NA
10/9/19,14:40:55,2,49,2,52855,52874,1.367606449,3.768725,3.101841294,10.7065,24.940325,22.77,13.1475,3.3645,0,1602,Car5,DSim,I,M,3,0.606,NA
10/9/19,14:50:54,3,51,2,53454,53473,1.131213539,3.227925,2.566450388,10.702,24.94007,22.73,13.02,3.3775,0,1603,Car5,DSim,I,M,3,0.494,NA
10/9/19,14:55:54,4,52,2,53798,53817,1.812117743,4.79239,4.121742342,10.674,24.93748,22.71,12.94,3.4065,1.757718182,1604,Car5,DSim,I,M,3,0.586,NA
10/9/19,15:05:54,5,54,2,54501,54520,1.872112971,4.862415,4.202974872,10.8135,24.938515,22.69,13.097,3.4165,0.317240909,1605,Car5,DSim,U,M,3,0.638,NA
10/9/19,15:10:54,6,55,2,54659,54678,1.298677911,3.560765,2.909641496,10.8355,24.94036,22.6885,13.226,3.446,-2.14E-15,1606,Car5,DSim,U,M,3,0.584,NA
10/9/19,15:20:54,7,57,3,55254,55273,1.272316369,3.53318,2.889732016,10.688,24.940925,22.67,13.16,3.4415,-2.14E-15,1607,Car5,DSim,U,M,3,0.562,NA
10/9/19,15:25:55,8,58,3,55668,55687,1.202514983,3.382425,2.735833673,10.6695,24.940635,22.66,13.1105,3.3995,5.36E-16,1608,Car5,DSim,U,M,3,0.519,NA
10/14/19,11:46:35,7,9,1,42395,42414,2.304886227,6.907035,5.465496712,10.2105,24.94025,21.9,25.1,3.651,-2.68E-16,1623,Car5,DSim,U,F,3,0.744,NA
10/14/19,11:51:35,8,10,1,42695,42714,2.389389906,7.024845,5.686590702,10.1725,24.938645,21.88,24.98,3.8145,5.36E-16,1624,Car5,DSim,U,F,3,0.768,NA
10/14/19,12:01:35,9,12,1,43295,43314,2.46123228,6.965595,5.712459681,10.4285,24.93924,21.81,24.86,3.5375,-8.57E-15,1625,Car5,DSim,I,F,3,0.961,NA
10/14/19,12:06:35,10,13,1,43620,43639,2.181496969,6.332015,5.146046829,10.26,24.937025,21.79,24.7,3.5665,-4.28E-15,1626,Car5,DSim,I,F,3,0.829,NA
10/14/19,12:16:35,11,15,1,44195,44214,1.844161587,5.455185,4.329593673,10.308,24.93918,21.76,24.483,3.63,-1.34E-16,1627,Car5,DSim,I,F,3,0.749,NA
10/14/19,12:21:35,12,16,1,44495,44514,2.029032496,5.89947,4.84456585,10.135,24.940055,21.74,24.53,3.463,1.34E-16,1628,Car5,DSim,I,F,3,0.719,NA
10/14/19,12:31:35,13,18,1,45095,45114,1.327124931,4.121,3.126440161,10.27,24.93868,21.68,24.61,3.5025,1.34E-16,1629,Car5,DSim,U,M,3,0.332,NA
10/14/19,12:36:35,14,19,1,45554,45573,1.436917146,4.31233,3.39009742,10.254,24.93614,21.66,24.5355,3.4635,0,1630,Car5,DSim,U,M,3,0.297,NA
10/14/19,12:46:35,15,21,1,45995,46014,1.210870375,4.19801,3.289576675,8.9045,24.939645,21.67,24.2125,3.522,-1.07E-15,1631,Car5,DSim,U,M,3,0.474,bad flow
10/14/19,12:51:35,16,22,1,46427,46446,1.47589996,4.369005,3.501085302,10.199,24.938615,21.68,24.1,3.681,-1.07E-15,1632,Car5,DSim,U,M,3,0.55,NA
10/14/19,13:01:35,1,24,1,46895,46914,1.428182647,4.26187,3.409098828,10.136,24.936675,21.69,23.829,3.6535,2.14E-15,1617,Car5,DSim,I,M,3,0.568,NA
10/14/19,13:06:35,2,25,1,47353,47372,1.409527468,4.169325,3.357691489,10.157,24.936955,21.7,23.59,3.584,1.34E-16,1618,Car5,DSim,I,M,3,0.555,NA
10/14/19,13:16:35,3,27,1,47919,47938,1.745020277,4.979875,4.182281504,10.096,24.94012,21.72,23.43,3.44,-1.07E-15,1619,Car5,DSim,I,M,3,0.62,NA
10/14/19,13:21:35,4,28,1,48233,48252,1.36390251,4.05543,3.273947839,10.0805,24.94043,21.7245,23.19,3.539,0,1620,Car5,DSim,I,M,3,0.436,NA
10/14/19,13:31:35,5,30,1,48695,48714,1.554501873,4.413025,3.639319748,10.3355,24.93995,21.72,23.08,3.3785,1.34E-16,1621,Car5,DSim,U,F,3,0.524,NA
10/14/19,13:36:35,6,31,1,49092,49111,1.620004583,4.570595,3.815776048,10.273,24.941015,21.72,22.92,3.6865,-5.36E-16,1622,Car5,DSim,U,F,3,0.569,NA
10/14/19,13:46:35,7,33,2,49595,49614,1.723738414,4.844425,4.100652578,10.171,24.93778,21.72,22.7925,0.0795,-1.07E-15,1623,Car5,DSim,U,F,3,0.744,NA
10/14/19,13:51:35,8,34,2,49895,49914,1.900724851,5.24344,4.51726801,10.181,24.939185,21.703,22.703,0.108,-5.36E-16,1624,Car5,DSim,U,F,3,0.768,NA
10/14/19,14:01:35,9,36,2,50495,50514,2.007687301,5.36845,4.661153052,10.4215,24.940865,21.69,22.6385,0.139,1.71E-14,1625,Car5,DSim,I,F,3,0.961,NA
10/14/19,14:06:35,10,37,2,50892,50911,1.883267953,5.1218,4.441881636,10.258,24.93934,21.69,22.72,0.2325,-8.57E-15,1626,Car5,DSim,I,F,3,0.829,NA
10/14/19,14:16:35,11,39,2,51395,51414,1.533700866,4.28163,3.611036376,10.276,24.937455,21.68,22.688,0.192,0,1627,Car5,DSim,I,F,3,0.749,NA
10/14/19,14:21:35,12,40,2,51695,51714,1.724287063,4.785955,4.125380386,10.1115,24.939895,21.66,22.64,0.124,0,1628,Car5,DSim,I,F,3,0.719,NA
10/14/19,14:31:35,13,42,2,52295,52314,1.085371555,3.20065,2.552657948,10.285,24.938375,21.64,22.751,0.0635,-2.68E-16,1629,Car5,DSim,U,M,3,0.332,NA
10/14/19,14:36:35,14,43,2,52595,52614,1.041621753,3.08343,2.451473055,10.278,24.93992,21.63,22.747,0.047,-5.36E-16,1630,Car5,DSim,U,M,3,0.297,NA
10/14/19,14:46:35,15,45,2,53195,53214,1.011394516,3.35612,2.737151491,8.9355,24.94094,21.58,22.54,3.4885,-2.14E-15,1631,Car5,DSim,U,M,3,0.474,bad flow
10/14/19,14:51:35,16,46,2,53620,53639,1.226556781,3.501095,2.895019584,10.2455,24.939325,21.54,22.74,0.057,4.28E-15,1632,Car5,DSim,U,M,3,0.55,NA
10/14/19,15:01:35,1,48,2,54095,54114,1.106560178,3.239715,2.633825245,10.1595,24.937195,21.54,22.78,0.058,3.21E-15,1617,Car5,DSim,I,M,3,0.568,NA
10/14/19,15:06:35,2,49,2,54395,54414,1.107547667,3.244975,2.636387975,10.1605,24.93896,21.58,22.7,0.106,1.34E-16,1618,Car5,DSim,I,M,3,0.555,NA
10/14/19,15:16:35,3,51,2,55064,55083,1.261412479,3.61084,3.004019504,10.157,24.93993,21.616,22.442,0.159,-1.07E-15,1619,Car5,DSim,I,M,3,0.62,NA
10/14/19,15:21:35,4,52,2,55295,55314,1.222227547,3.51789,2.914898736,10.1425,24.93994,21.6215,22.32,0.2295,5.36E-16,1620,Car5,DSim,I,M,3,0.436,NA
10/14/19,15:31:35,5,54,2,55895,55914,1.364051107,3.80929,3.21195788,10.273,24.937635,21.63,22.27,0.3175,-2.68E-16,1621,Car5,DSim,U,F,3,0.524,NA
10/14/19,15:36:35,6,55,2,56277,56296,1.192636324,3.389345,2.800418008,10.302,24.94214,21.63,22.5185,0.06,1.07E-15,1622,Car5,DSim,U,F,3,0.569,NA
10/14/19,15:46:35,7,57,3,56955,56974,1.648773102,4.510855,3.911573674,10.1955,24.936075,21.61,22.6405,0.0605,-8.57E-15,1623,Car5,DSim,U,F,3,0.744,NA
10/14/19,15:51:35,8,58,3,57095,57114,1.704413582,4.663255,4.058035357,10.159,24.93852,21.609,22.55,0.1245,0,1624,Car5,DSim,U,F,3,0.768,NA
10/15/19,10:55:00,7,9,1,39300,39319,2.611860918,7.482115,6.26672289,10.112,24.937975,22.524,21.53,3.6605,-1.34E-16,1639,Car5,DSim,I,F,4,1.028,NA
10/15/19,11:00:00,8,10,1,39690,39709,2.381454119,6.84856,5.755326141,10.0405,24.93876,22.55,21.57,3.701,5.36E-16,1640,Car5,DSim,I,F,4,0.863,NA
10/15/19,11:10:00,9,12,1,40200,40219,2.376676413,6.627715,5.589925795,10.3175,24.941725,22.57,21.57,3.834,1.07E-15,1641,Car5,DSim,U,F,4,0.701,NA
10/15/19,11:15:00,10,13,1,40659,40678,2.218485394,6.221215,5.291683036,10.175,24.93972,22.61,21.65,3.687,2.68E-16,1642,Car5,DSim,U,F,4,0.585,NA
10/15/19,11:25:00,11,15,1,41100,41119,2.140403464,6.004525,5.094461705,10.1975,24.93813,22.62,21.76,3.744,-1.07E-15,1643,Car5,DSim,U,F,4,0.715,NA
10/15/19,11:30:00,12,16,1,41460,41479,2.1358835,6.04575,5.182923699,10.003,24.936865,22.649,21.85,3.7885,5.36E-16,1644,Car5,DSim,U,F,4,0.838,NA
10/15/19,11:40:00,13,18,1,42000,42019,1.499076585,4.40501,3.576053161,10.1775,24.936665,22.7,21.824,3.792,-2.14E-15,1645,Car5,DSim,I,M,4,0.482,NA
10/15/19,11:44:59,14,19,1,42299,42318,1.600329494,4.608365,3.824434889,10.1595,24.94172,22.72,21.82,3.8125,1.07E-15,1646,Car5,DSim,I,M,4,0.599,NA
10/15/19,11:55:00,15,21,1,42900,42919,1.436424061,4.687895,3.945686358,8.837,24.938885,22.73,21.7,3.8195,4.28E-15,1647,Car5,DSim,I,M,4,0.514,bad flow
10/15/19,12:00:00,16,22,1,43279,43298,1.329078591,3.884115,3.18886634,10.119,24.93726,22.71,21.82,3.948,8.57E-15,1648,Car5,DSim,I,M,4,0.375,NA
10/15/19,12:10:00,1,24,1,43814,43833,1.407271161,4.066255,3.397536312,10.0555,24.940505,22.69,21.9,3.6425,-2.68E-16,1633,Car5,DSim,U,M,4,0.392,NA
10/15/19,12:15:00,2,25,1,44219,44238,1.353271176,3.876425,3.250934269,10.105,24.939015,22.67,21.86,3.7965,-5.36E-16,1634,Car5,DSim,U,M,4,0.474,NA
10/15/19,12:25:00,3,27,1,44700,44719,1.315067989,3.76802,3.160028891,10.1015,24.9385,22.6555,21.82,3.846,-1.34E-16,1635,Car5,DSim,U,M,4,0.472,NA
10/15/19,12:30:00,4,28,1,45159,45178,1.350589887,3.824935,3.259864712,10.057,24.93809,22.66,21.9,3.6955,-1.07E-15,1636,Car5,DSim,U,M,4,0.562,NA
10/15/19,12:40:00,5,30,1,45600,45619,1.627770781,4.422895,3.86393489,10.226,24.9393,22.65,21.935,3.933,-4.28E-15,1637,Car5,DSim,I,F,4,0.663,NA
10/15/19,12:45:00,6,31,1,45996,46015,1.715693311,4.61292,4.069641885,10.2325,24.9405,22.63,22,0.3065,2.14E-15,1638,Car5,DSim,I,F,4,0.743,NA
10/15/19,12:54:59,7,33,2,46499,46518,1.828071122,4.905755,4.372583216,10.147,24.9397,22.61,22.0545,0.3495,5.36E-16,1639,Car5,DSim,I,F,4,1.028,NA
10/15/19,12:59:59,8,34,2,46799,46818,1.858495285,4.97259,4.456087692,10.121,24.94117,22.576,22.08,0.3425,0.435709091,1640,Car5,DSim,I,F,4,0.863,NA
10/15/19,13:09:59,9,36,2,47399,47418,1.753843782,4.622045,4.121808902,10.325,24.938575,22.5535,22.1765,0.336,0,1641,Car5,DSim,U,F,4,0.701,NA
10/15/19,13:14:59,10,37,2,47762,47781,1.619665281,4.35547,3.874273575,10.1445,24.93584,22.56,22.28,0.358,-1.07E-15,1642,Car5,DSim,U,F,4,0.585,NA
10/15/19,13:24:59,11,39,2,48299,48318,1.378729877,3.753255,3.284791608,10.185,24.93762,22.56,22.4,0.3055,0,1643,Car5,DSim,U,F,4,0.715,NA
10/15/19,13:29:59,12,40,2,48658,48677,1.60984879,4.329275,3.880624561,10.0665,24.937465,22.56,22.543,0.299,-2.14E-15,1644,Car5,DSim,U,F,4,0.838,NA
10/15/19,13:39:59,13,42,2,49359,49378,1.278137926,3.474775,3.03641209,10.2125,24.939805,22.51,22.47,0.4155,0,1645,Car5,DSim,I,M,4,0.482,NA
10/15/19,13:44:59,14,43,2,49654,49673,1.200462911,3.297265,2.86317079,10.171,24.938235,22.47,22.394,0.4515,1.07E-15,1646,Car5,DSim,I,M,4,0.599,NA
10/15/19,13:54:59,15,45,2,50099,50118,1.046580078,3.294935,2.866731376,8.8555,24.93954,22.42,22.4355,0.472,2.14E-15,1647,Car5,DSim,I,M,4,0.514,bad flow
10/15/19,13:59:59,16,46,2,50468,50487,1.061332246,2.946265,2.534248279,10.157,24.93738,22.4,22.426,3.6035,0.194472727,1648,Car5,DSim,I,M,4,0.375,NA
10/16/19,10:55:50,7,9,1,39350,39369,1.771258443,5.47759,4.265798771,10.065,24.937045,22.24,27.819,3.2195,-4.28E-15,1655,Car5,DSim,U,M,5,0.554,NA
10/16/19,11:00:50,8,10,1,39724,39743,1.811806889,5.51339,4.387876064,10.009,24.93851,22.243,27.7255,3.308,0,1656,Car5,DSim,U,M,5,0.493,NA
10/16/19,11:10:50,9,12,1,40371,40390,1.827635221,5.337805,4.30275813,10.297,24.937285,22.2705,27.58,3.29,0.011045455,1657,Car5,DSim,I,M,5,0.445,NA
10/16/19,11:15:50,10,13,1,40550,40569,1.715743201,5.076095,4.089950763,10.1695,24.939415,22.271,27.5,3.426,0,1658,Car5,DSim,I,M,5,0.451,NA
10/16/19,11:25:50,11,15,1,41226,41245,1.827675527,5.256885,4.353206781,10.178,24.94021,22.27,27.46,3.113,0.561909091,1659,Car5,DSim,I,M,5,0.418,NA
10/16/19,11:30:50,12,16,1,41607,41626,1.581166843,4.66284,3.826200677,10.018,24.94013,22.27,27.42,3.1345,1.71E-14,1660,Car5,DSim,I,M,5,0.443,NA
10/16/19,11:40:50,13,18,1,42050,42069,2.183534277,6.02782,5.214560596,10.1505,24.94029,22.27,27.326,0.093,0.939427273,1661,Car5,DSim,U,F,5,1.053,NA
10/16/19,11:45:50,14,19,1,42350,42369,2.248290242,6.13284,5.368647345,10.152,24.939305,22.26,27.23,0.116,-2.14E-15,1662,Car5,DSim,U,F,5,0.934,NA
10/16/19,11:55:50,15,21,1,42950,42969,1.246234902,4.14456,3.424666919,8.8215,24.93773,22.24,27.34,0.0995,-2.14E-15,1663,Car5,DSim,U,F,5,0.462,"bad flow, looked male, Mady collected"
10/16/19,12:00:50,16,22,1,43319,43338,1.613475024,4.52137,3.848711373,10.1615,24.93654,22.23,27.38,0.1435,0,1664,Car5,DSim,U,F,5,0.479,"looked male, Mady collected"
10/16/19,12:10:49,1,24,1,43849,43868,1.573363081,4.43372,3.783784631,10.078,24.93861,22.2,27.5955,0.1985,3.43E-14,1649,Car5,DSim,I,F,5,0.68,NA
10/16/19,12:15:50,2,25,1,44274,44293,1.944604148,5.305155,4.687994173,10.053,24.938445,22.1885,27.58,0.188,-2.14E-15,1650,Car5,DSim,I,F,5,1.076,NA
10/16/19,12:25:50,3,27,1,44750,44769,1.783394397,4.899125,4.292624988,10.068,24.937625,22.17,27.626,0.2235,6.69E-17,1651,Car5,DSim,I,F,5,0.839,NA
10/16/19,12:30:50,4,28,1,45160,45179,1.829847575,5.001165,4.417308421,10.0385,24.938885,22.16,27.7,0.062,-8.57E-15,1652,Car5,DSim,I,F,5,0.979,NA
10/16/19,12:40:50,5,30,1,45650,45669,1.266731602,3.578225,3.005117035,10.2135,24.939145,22.13,27.62,0.3045,-5.36E-16,1653,Car5,DSim,U,M,5,0.519,NA
10/16/19,12:45:50,6,31,1,46109,46128,1.206195204,3.4196,2.872942327,10.1725,24.940295,22.11,27.128,0.271,-2.14E-15,1654,Car5,DSim,U,M,5,0.539,NA
10/16/19,12:55:50,7,33,2,46550,46569,1.263418833,3.574385,3.035803245,10.083,24.939,22.09,26.69,0.303,8.57E-15,1655,Car5,DSim,U,M,5,0.554,NA
10/16/19,13:00:49,8,34,2,46849,46868,1.361936274,3.785905,3.264572534,10.107,24.936435,22.08,26.3415,3.5725,0,1656,Car5,DSim,U,M,5,0.493,NA
10/16/19,13:10:50,9,36,2,47450,47469,1.128638676,3.145055,2.640290102,10.3555,24.941115,22.06,26.173,3.852,1.71E-14,1657,Car5,DSim,I,M,5,0.445,NA
10/16/19,13:15:49,10,37,2,47749,47768,1.240273326,3.447335,2.95824538,10.1565,24.9419,22.06,26.14,3.932,-4.28E-15,1658,Car5,DSim,I,M,5,0.451,NA
10/16/19,13:25:49,11,39,2,48349,48368,1.548153117,4.145275,3.665095651,10.232,24.93784,22.07,26.4465,3.9285,0.011931818,1659,Car5,DSim,I,M,5,0.418,NA
10/16/19,13:30:49,12,40,2,48707,48726,1.277406789,3.564215,3.084102326,10.0345,24.9394,22.08,26.189,3.905,0.108636364,1660,Car5,DSim,I,M,5,0.443,NA
10/16/19,13:40:49,13,42,2,49249,49268,1.713637079,4.56004,4.08339007,10.1675,24.93903,22.1,26.18,4.0185,3.43E-14,1661,Car5,DSim,U,F,5,1.053,NA
10/16/19,13:45:49,14,43,2,49549,49568,1.758798367,4.66368,4.195003765,10.158,24.94066,22.1085,26.18,4.02,4.28E-15,1662,Car5,DSim,U,F,5,0.934,NA
10/16/19,13:55:49,15,45,2,50149,50168,1.003938618,3.23011,2.767427514,8.79,24.93961,22.1325,26.47,4.062,4.28E-15,1663,Car5,DSim,U,F,5,0.462,"bad flow, looked male, Mady collected"
10/16/19,14:00:49,16,46,2,50449,50468,1.325823742,3.63846,3.179226036,10.106,24.93573,22.16,26.3985,3.9385,-2.14E-15,1664,Car5,DSim,U,F,5,0.479,"looked male, Mady collected"
10/16/19,14:10:49,1,48,2,51049,51068,1.37118147,3.755625,3.294534942,10.087,24.93617,22.1935,26.4695,3.992,1.71E-14,1649,Car5,DSim,I,F,5,0.68,NA
10/16/19,14:15:49,2,49,2,51349,51368,1.675586123,4.50548,4.035576409,10.0635,24.938675,22.214,26.3955,3.951,0,1650,Car5,DSim,I,F,5,1.076,NA
10/17/19,10:38:18,7,10,1,38298,38317,1.737070553,5.226315,4.185267457,10.063,24.937035,22.32,23.962,3.3185,6.69E-17,1671,Car5,DSim,U,M,3,0.572,NA
10/17/19,10:43:18,8,11,1,38697,38716,1.556464823,4.688225,3.767216288,10.0175,24.938955,22.315,24.12,3.3885,1.07E-15,1672,Car5,DSim,U,M,3,0.365,NA
10/17/19,10:53:18,9,13,1,39198,39217,2.213782539,6.133455,5.257650278,10.209,24.940345,22.32,24.12,3.535,1.07E-15,1673,Car5,DSim,I,F,3,0.944,NA
10/17/19,10:58:18,10,14,1,39498,39517,2.286731161,6.31981,5.499590116,10.082,24.938225,22.33,24.16,3.389,-2.14E-15,1674,Car5,DSim,I,F,3,0.887,NA
10/17/19,11:08:18,11,16,1,40098,40117,2.204189637,6.03473,5.267530291,10.1465,24.938145,22.35,24.01,3.6535,2.57E-14,1675,Car5,DSim,I,F,3,0.854,NA
10/17/19,11:13:18,12,17,1,40398,40417,2.082235315,5.7856,5.068473052,9.9625,24.940345,22.366,23.96,3.452,0,1676,Car5,DSim,I,F,3,0.851,NA
10/17/19,11:23:18,13,19,1,41153,41172,1.54675794,4.355835,3.714928491,10.0975,24.93731,22.384,23.96,3.7325,0.844890909,1677,Car5,DSim,I,M,3,0.423,NA
10/17/19,11:28:18,14,20,1,41298,41317,1.647375991,4.564815,3.948336444,10.1185,24.93971,22.38,24.01,3.6,0,1678,Car5,DSim,I,M,3,0.474,NA
10/17/19,11:38:18,15,22,1,41898,41917,1.294901689,4.139005,3.56504249,8.8085,24.937955,22.37,24.0705,3.5905,1.71E-14,1679,Car5,DSim,I,M,3,0.493,bad flow
10/17/19,11:43:18,16,23,1,42337,42356,1.611455705,4.419685,3.893048425,10.038,24.939495,22.37,24.233,3.4435,0.102054545,1680,Car5,DSim,I,M,3,0.627,NA
10/17/19,11:53:18,1,25,1,42798,42817,1.512895724,4.184345,3.673526555,9.987,24.93892,22.37,24.24,3.5065,-8.57E-15,1665,Car5,DSim,U,F,3,0.639,NA
10/17/19,11:58:18,2,26,1,43098,43117,1.826967439,4.89033,4.408538835,10.05,24.93677,22.38,24.2,3.481,-5.36E-16,1666,Car5,DSim,U,F,3,0.875,NA
10/17/19,12:08:18,3,28,1,43698,43717,1.830375023,4.890045,4.431070576,10.017,24.94068,22.36,24.28,3.4815,2.14E-15,1667,Car5,DSim,U,F,3,0.874,NA
10/17/19,12:13:18,4,29,1,44148,44167,1.684014641,4.52928,4.092601696,9.9775,24.935365,22.341,24.43,3.4465,6.43E-15,1668,Car5,DSim,U,F,3,0.777,NA
10/17/19,12:23:18,5,31,1,44598,44617,1.254081238,3.424835,2.996471821,10.1475,24.939045,22.32,24.52,3.3205,0,1669,Car5,DSim,U,M,3,0.429,NA
10/17/19,12:28:18,6,32,1,44898,44917,1.245544836,3.381775,2.970436438,10.166,24.941905,22.3,24.59,3.255,0,1670,Car5,DSim,U,M,3,0.42,NA
10/17/19,12:38:18,7,34,2,45498,45517,1.307051471,3.53979,3.14761211,10.0655,24.93888,22.24,25.175,3.398,5.36E-16,1671,Car5,DSim,U,M,3,0.572,NA
10/17/19,12:43:18,8,35,2,45798,45817,1.077042155,2.96062,2.590546581,10.078,24.937435,22.24,25.487,2.98,-1.07E-15,1672,Car5,DSim,U,M,3,0.365,NA
10/17/19,12:53:18,9,37,2,46398,46417,1.565898791,4.062285,3.705413296,10.243,24.939375,22.216,26.319,3.2855,0,1673,Car5,DSim,I,F,3,0.944,NA
10/17/19,12:58:18,10,38,2,46698,46717,1.7898404,4.652005,4.296784314,10.0965,24.9404,22.22,26.67,3.3945,8.57E-15,1674,Car5,DSim,I,F,3,0.887,NA
10/17/19,13:08:18,11,40,2,47298,47317,1.705979642,4.42897,4.083333009,10.1275,24.93763,22.24,27.705,3.552,3.43E-14,1675,Car5,DSim,I,F,3,0.854,NA
10/17/19,13:13:18,12,41,2,47598,47617,1.664168207,4.37085,4.045253636,9.972,24.9392,22.24,28.135,3.4115,-2.14E-15,1676,Car5,DSim,I,F,3,0.851,NA
10/17/19,13:23:18,13,43,2,48198,48217,1.113781388,2.992385,2.677163212,10.086,24.936325,22.2775,28.5985,3.239,-1.37E-13,1677,Car5,DSim,I,M,3,0.423,NA
10/17/19,13:28:18,14,44,2,48603,48622,1.164024249,3.1203,2.802112242,10.072,24.94306,22.3165,28.55,3.4185,0.195309091,1678,Car5,DSim,I,M,3,0.474,NA
10/17/19,13:38:18,15,46,2,49098,49117,1.038539707,3.180135,2.862969745,8.7955,24.93748,22.3285,28.62,3.4455,-5.14E-14,1679,Car5,DSim,I,M,3,0.493,bad flow
10/17/19,13:43:18,16,47,2,49518,49537,1.335063865,3.530965,3.218647941,10.0575,24.93879,22.33,28.9285,3.4045,0.908154545,1680,Car5,DSim,I,M,3,0.627,NA
10/22/19,11:01:36,7,9,1,39696,39715,1.779052821,5.50229,4.37564635,9.858,24.937085,22.32,34.9805,3.307,0,1687,Car5,DSim,U,M,4,0.512,NA
10/22/19,11:06:36,8,10,1,39998,40017,1.802180755,5.450415,4.418405904,9.8895,24.93975,22.32,35.158,3.3525,2.68E-16,1688,Car5,DSim,U,M,4,0.527,NA
10/22/19,11:16:36,9,12,1,40596,40615,1.499823105,4.539325,3.591299904,10.1255,24.93898,22.308,35.0935,3.4245,-2.14E-15,1689,Car5,DSim,I,M,4,0.481,NA
10/22/19,11:21:36,10,13,1,40943,40962,1.527669386,4.569675,3.706045373,9.9935,24.939495,22.2875,34.982,3.4515,2.68E-16,1690,Car5,DSim,I,M,4,0.392,NA
10/22/19,11:31:36,11,15,1,41656,41675,1.496053755,4.40734,3.622124417,10.013,24.94115,22.275,34.78,3.3225,-4.28E-15,1691,Car5,DSim,I,M,4,0.482,NA
10/22/19,11:36:36,12,16,1,41796,41815,1.532548632,4.536705,3.775001802,9.842,24.93677,22.28,34.7695,3.515,1.07E-15,1692,Car5,DSim,I,M,4,0.55,NA
10/22/19,11:46:36,13,18,1,42396,42415,2.035675322,5.640775,4.926892915,10.017,24.93871,22.28,34.8085,3.5075,0,1693,Car5,DSim,I,F,4,0.726,NA
10/22/19,11:51:36,14,19,1,42777,42796,2.141135337,5.85256,5.19562,9.991,24.9367,22.29,34.8465,3.3905,2.14E-15,1694,Car5,DSim,I,F,4,0.726,NA
10/22/19,12:01:36,15,21,1,43296,43315,1.779427738,5.599065,4.96736195,8.6845,24.939585,22.29,34.895,3.6095,8.57E-15,1695,Car5,DSim,I,F,4,0.79,bad flow
10/22/19,12:06:36,16,22,1,43702,43721,2.30510961,6.198885,5.604835691,9.9715,24.94066,22.3105,34.9,3.603,2.14E-15,1696,Car5,DSim,I,F,4,0.824,NA
10/22/19,12:16:36,1,24,1,44196,44215,2.006625098,5.48775,4.912779947,9.9035,24.93769,22.32,35,3.478,8.57E-15,1681,Car5,DSim,U,F,4,0.831,NA
10/22/19,12:21:36,2,25,1,44656,44675,1.77249297,4.87822,4.350102678,9.8795,24.93625,22.3225,35.2,3.5325,-1.07E-15,1682,Car5,DSim,U,F,4,0.62,NA
10/22/19,12:31:36,3,27,1,45096,45115,1.678214113,4.630985,4.110596277,9.899,24.939115,22.33,35.5,3.5405,2.14E-15,1683,Car5,DSim,U,F,4,0.759,NA
10/22/19,12:36:36,4,28,1,45556,45575,1.837332124,5.005865,4.509492142,9.8795,24.93814,22.34,35.73,3.51,0,1684,Car5,DSim,U,F,4,0.643,NA
10/22/19,12:46:36,5,30,1,45996,46015,1.454003774,4.000665,3.517373341,10.024,24.936745,22.35,36.107,0.117,2.14E-15,1685,Car5,DSim,U,M,4,0.649,NA
10/22/19,12:51:36,6,31,1,46456,46475,1.358421898,3.7241,3.285512598,10.0255,24.939885,22.34,36.29,0.112,-2.68E-16,1686,Car5,DSim,U,M,4,0.547,NA
10/22/19,13:01:36,7,33,2,46896,46915,1.199421485,3.3643,2.932272994,9.918,24.940195,22.32,36.12,0.0715,-1.71E-14,1687,Car5,DSim,U,M,4,0.512,NA
10/22/19,13:06:36,8,34,2,47354,47373,1.281898288,3.56606,3.153969808,9.853,24.942065,22.27,36.04,0.13,0,1688,Car5,DSim,U,M,4,0.527,NA
10/22/19,13:16:36,9,36,2,47796,47815,1.061968305,2.95266,2.549214657,10.098,24.93583,22.24,36.228,0.3675,-4.28E-15,1689,Car5,DSim,I,M,4,0.481,NA
10/22/19,13:21:36,10,37,2,48254,48273,1.12927037,3.11238,2.737738268,9.9975,24.939745,22.21,35.7845,0.373,5.36E-16,1690,Car5,DSim,I,M,4,0.392,NA
10/22/19,13:31:36,11,39,2,48696,48715,1.101435792,3.03261,2.662577865,10.0255,24.93768,22.1885,35.277,0.426,0.175859091,1691,Car5,DSim,I,M,4,0.482,NA
10/22/19,13:36:36,12,40,2,49008,49027,1.176736695,3.25902,2.898351147,9.839,24.9363,22.17,34.6565,0.344,-1.07E-15,1692,Car5,DSim,I,M,4,0.55,NA
10/22/19,13:46:36,13,42,2,49596,49615,1.307876368,3.52744,3.173241474,9.987,24.940655,22.14,33.6405,0.255,-4.28E-15,1693,Car5,DSim,I,F,4,0.726,NA
10/22/19,13:51:36,14,43,2,49896,49915,1.330296416,3.576615,3.226455865,9.991,24.94033,22.14,33.6,0.344,0,1694,Car5,DSim,I,F,4,0.726,NA
10/22/19,14:01:36,15,45,2,50496,50515,1.273321517,3.894995,3.547069384,8.699,24.937705,22.1335,33.46,3.7885,2.57E-14,1695,Car5,DSim,I,F,4,0.79,bad flow
10/22/19,14:06:36,16,46,2,50936,50955,1.754917496,4.61982,4.27172879,9.9545,24.94144,22.13,33.31,4.148,2.14E-15,1696,Car5,DSim,I,F,4,0.824,NA
10/23/19,11:15:04,7,9,1,40504,40523,2.552819499,7.42158,6.276006971,9.863,24.939075,22.34,22.85,3.5305,-1.34E-16,1703,Car5,DSim,I,F,5,0.935,NA
10/23/19,11:20:04,8,10,1,40963,40982,2.468301732,7.09525,6.094312444,9.8205,24.938325,22.33,22.803,3.506,1.61E-15,1704,Car5,DSim,I,F,5,0.946,NA
10/23/19,11:30:04,9,12,1,41404,41423,1.478688938,4.525305,3.55713842,10.08,24.93954,22.33,22.85,3.5945,-5.36E-16,1705,Car5,DSim,U,M,5,0.461,NA
10/23/19,11:35:04,10,13,1,41792,41811,1.678086066,4.98606,4.106166631,9.9095,24.93931,22.34,22.85,3.4235,-2.68E-16,1706,Car5,DSim,U,M,5,0.504,NA
10/23/19,11:45:05,11,15,1,42304,42323,1.409422032,4.26364,3.425442396,9.977,24.93706,22.3215,22.54,3.721,2.14E-15,1707,Car5,DSim,U,M,5,0.449,NA
10/23/19,11:50:04,12,16,1,42677,42696,1.646201607,4.83503,4.063522609,9.823,24.936995,22.33,22.54,1.8705,0.239727273,1708,Car5,DSim,U,M,5,0.569,NA
10/23/19,12:00:04,13,18,1,43204,43223,1.888951453,5.33092,4.595096065,9.9675,24.940235,22.32,22.386,3.3725,4.28E-15,1709,Car5,DSim,U,F,5,0.824,NA
10/23/19,12:05:05,14,19,1,43504,43523,2.226321558,6.121835,5.428705633,9.943,24.9393,22.31,22.46,3.4205,5.36E-16,1710,Car5,DSim,U,F,5,0.863,NA
10/23/19,12:15:04,15,21,1,44104,44123,1.505077602,4.8577,4.203462964,8.6795,24.93757,22.24,22.29,3.265,1.07E-15,1711,Car5,DSim,U,F,5,0.683,bad flow
10/23/19,12:20:04,16,22,1,44531,44550,1.746718423,4.884895,4.279358718,9.894,24.941195,22.24,21.751,3.1855,-5.36E-16,1712,Car5,DSim,U,F,5,0.669,NA
10/23/19,12:30:04,1,24,1,45005,45024,1.229071666,3.61096,3.022737609,9.856,24.937625,22.24,21.539,3.275,0,1697,Car5,DSim,I,M,5,0.466,NA
10/23/19,12:35:05,2,25,1,45463,45482,1.474002926,4.164315,3.620279337,9.8685,24.935075,22.216,21.419,3.1965,0,1698,Car5,DSim,I,M,5,0.508,NA
10/23/19,12:45:04,3,27,1,45905,45924,1.017862979,3.0198,2.489360115,9.91,24.93619,22.18,21.22,3.3565,-2.14E-15,1699,Car5,DSim,I,M,5,0.325,NA
10/23/19,12:50:05,4,28,1,46205,46224,1.414132791,3.990825,3.489539486,9.821,24.93916,22.1735,21.16,3.403,0,1700,Car5,DSim,I,M,5,0.634,NA
10/23/19,13:00:05,5,30,1,46805,46824,1.553127649,4.26289,3.782348842,9.9495,24.936375,22.1185,20.851,3.522,-2.68E-16,1701,Car5,DSim,I,F,5,0.829,NA
10/23/19,13:05:05,6,31,1,47265,47284,1.675049566,4.528185,4.062818999,9.989,24.93604,22.1,20.7345,3.9535,-1.71E-14,1702,Car5,DSim,I,F,5,0.826,NA
10/23/19,13:15:05,7,33,2,47705,47724,1.627469488,4.452415,3.992490687,9.876,24.937975,22.1,20.4805,3.8515,0,1703,Car5,DSim,I,F,5,0.935,NA
10/23/19,13:20:05,8,34,2,48007,48026,1.602886787,4.391205,3.943240094,9.8485,24.94127,22.1,20.287,3.8525,2.14E-15,1704,Car5,DSim,I,F,5,0.946,NA
10/23/19,13:30:05,9,36,2,48605,48624,1.108207727,3.09982,2.663736215,10.08,24.93938,22.11,19.746,3.9135,1.07E-15,1705,Car5,DSim,U,M,5,0.461,NA
10/23/19,13:35:05,10,37,2,49026,49045,1.288690179,3.56621,3.147187305,9.9215,24.940715,22.12,19.264,3.678,0,1706,Car5,DSim,U,M,5,0.504,NA
10/23/19,13:45:05,11,39,2,49661,49680,1.168771659,3.247695,2.846797107,9.948,24.937255,22.13,18.97,3.368,-2.14E-15,1707,Car5,DSim,U,M,5,0.449,NA
10/23/19,13:50:05,12,40,2,49805,49824,1.279323282,3.54817,3.155422523,9.824,24.93994,22.13,19.0195,3.537,8.57E-15,1708,Car5,DSim,U,M,5,0.569,NA
10/23/19,14:00:05,13,42,2,50405,50424,1.472567017,3.9771,3.592082853,9.933,24.938235,22.1335,18.82,3.3925,6.43E-15,1709,Car5,DSim,U,F,5,0.824,NA
10/23/19,14:05:05,14,43,2,50865,50884,1.524183629,4.12082,3.729183864,9.9035,24.9364,22.13,19.1685,3.4255,0,1710,Car5,DSim,U,F,5,0.863,NA
10/23/19,14:15:05,15,45,2,51305,51324,1.218266068,3.795955,3.40449771,8.671,24.9386,22.1115,19.468,3.447,0,1711,Car5,DSim,U,F,5,0.683,bad flow
10/23/19,14:20:05,16,46,2,51671,51690,1.466920335,3.978205,3.587639515,9.9065,24.93798,22.1,19.75,3.8375,2.14E-15,1712,Car5,DSim,U,F,5,0.669,NA
10/23/19,14:30:05,1,48,2,52205,52224,0.998619182,2.84177,2.457719323,9.8435,24.940245,22.07,19.79,3.727,-2.14E-15,1697,Car5,DSim,I,M,5,0.466,NA
10/23/19,14:35:05,2,49,2,52505,52524,1.053263685,2.946965,2.577422318,9.8995,24.93761,22.06,20.02,3.979,-2.14E-15,1698,Car5,DSim,I,M,5,0.508,NA
10/24/19,11:27:20,7,9,1,41240,41259,1.825832465,5.568495,4.482993504,9.8725,24.93737,22.24,20.9275,0.28,-6.69E-17,1719,CSBerk,DMel_CSBerk,I,M,4,0.623,NA
10/24/19,11:32:20,8,10,1,41540,41559,1.968871945,5.855415,4.853061333,9.834,24.93713,22.24,20.962,0.268,0,1720,CSBerk,DMel_CSBerk,I,M,4,0.676,NA
10/24/19,11:42:20,9,12,1,42225,42244,2.732707823,7.507865,6.597271416,10.0395,24.93606,22.21,20.51,0.291,1.583972727,1721,CSBerk,DMel_CSBerk,U,F,4,1.029,NA
10/24/19,11:47:20,10,13,1,42593,42612,3.327385054,8.96689,8.133124455,9.9155,24.93969,22.2,20.55,0.3085,-4.28E-15,1722,CSBerk,DMel_CSBerk,U,F,4,1.341,NA
10/24/19,11:57:21,11,15,1,43040,43059,2.983103746,8.09793,7.284502663,9.9255,24.93961,22.22,20.47,3.4325,1.945095455,1723,CSBerk,DMel_CSBerk,U,F,4,1.085,NA
10/24/19,12:02:20,12,16,1,43500,43519,2.995810053,8.17164,7.418220364,9.789,24.94111,22.2385,20.3385,3.6085,0.768072727,1724,CSBerk,DMel_CSBerk,U,F,4,1.205,NA
10/24/19,12:12:20,13,18,1,43940,43959,1.368861025,4.08078,3.349429974,9.906,24.93981,22.24,20.08,3.612,0,1725,CSBerk,DMel_CSBerk,U,M,4,0.612,NA
10/24/19,12:17:20,14,19,1,44240,44259,1.604181743,4.613645,3.930550545,9.893,24.939355,22.24,20.039,3.4855,-1.71E-14,1726,CSBerk,DMel_CSBerk,U,M,4,0.812,NA
10/24/19,12:27:20,15,21,1,44840,44859,1.480360991,4.80083,4.157044178,8.6325,24.940055,22.26,19.96,3.4455,-1.71E-14,1727,CSBerk,DMel_CSBerk,U,M,4,0.795,bad flow
10/24/19,12:32:20,16,22,1,45227,45246,1.618993877,4.572735,3.964942378,9.899,24.93902,22.275,20.052,3.4075,-3.43E-14,1728,CSBerk,DMel_CSBerk,U,M,4,0.749,NA
10/24/19,12:42:20,1,24,1,45740,45759,2.254605496,6.144665,5.556854764,9.8365,24.94003,22.29,20.159,3.509,-3.43E-14,1713,CSBerk,DMel_CSBerk,I,F,4,1.003,NA
10/24/19,12:47:20,2,25,1,46181,46200,2.47968807,6.65758,6.111688319,9.837,24.937305,22.31,20.09,3.3285,0.147968182,1714,CSBerk,DMel_CSBerk,I,F,4,1.146,NA
10/24/19,12:57:20,3,27,1,46640,46659,1.88490243,5.193,4.657113689,9.814,24.93956,22.33,20.13,3.448,0.010227273,1715,CSBerk,DMel_CSBerk,I,F,4,1.013,NA
10/24/19,13:02:21,4,28,1,47049,47068,2.568175258,6.866425,6.353582755,9.801,24.937335,22.33,20.2345,3.4435,0.258645455,1716,CSBerk,DMel_CSBerk,I,F,4,1.016,NA
10/24/19,13:12:20,5,30,1,47540,47559,1.321552485,3.726645,3.227675622,9.928,24.93863,22.33,20.0575,3.336,-1.71E-14,1717,CSBerk,DMel_CSBerk,I,M,4,0.615,NA
10/24/19,13:17:21,6,31,1,47840,47859,1.353064728,3.77495,3.300221891,9.9415,24.938765,22.34,19.66,3.2845,0,1718,CSBerk,DMel_CSBerk,I,M,4,0.811,NA
10/24/19,13:27:21,7,33,2,48441,48460,1.22600008,3.479825,3.025968088,9.824,24.938985,22.33,19.7,3.3675,-1.07E-15,1719,CSBerk,DMel_CSBerk,I,M,4,0.623,NA
10/24/19,13:32:21,8,34,2,48741,48760,1.416534397,3.92267,3.485434432,9.8545,24.9371,22.33,19.77,3.6435,3.43E-14,1720,CSBerk,DMel_CSBerk,I,M,4,0.676,NA
10/24/19,13:42:21,9,36,2,49397,49416,2.087495594,5.48268,5.053228721,10.0165,24.93863,22.33,19.689,3.4265,0.106945455,1721,CSBerk,DMel_CSBerk,U,F,4,1.029,NA
10/24/19,13:47:21,10,37,2,49648,49667,2.172555268,5.73978,5.3081546,9.924,24.939655,22.33,19.77,3.444,-1.29E-14,1722,CSBerk,DMel_CSBerk,U,F,4,1.341,NA
10/24/19,13:57:21,11,39,2,50337,50356,2.755409535,7.15455,6.735028077,9.9195,24.937915,22.32,19.739,3.1905,2.188631818,1723,CSBerk,DMel_CSBerk,U,F,4,1.085,NA
10/24/19,14:02:21,12,40,2,50642,50661,2.049922683,5.489075,5.087827412,9.769,24.939265,22.32,19.883,3.3365,0,1724,CSBerk,DMel_CSBerk,U,F,4,1.205,NA
10/24/19,14:12:21,13,42,2,51141,51160,1.11022759,3.112475,2.717421728,9.9055,24.939145,22.297,19.82,3.4465,-5.36E-16,1725,CSBerk,DMel_CSBerk,U,M,4,0.612,NA
10/24/19,14:17:21,14,43,2,51441,51460,1.289273851,3.542685,3.152473613,9.915,24.939175,22.28,19.8,3.428,3.43E-14,1726,CSBerk,DMel_CSBerk,U,M,4,0.812,NA
10/24/19,14:27:21,15,45,2,52041,52060,1.184895767,3.720485,3.336680821,8.609,24.937745,22.27,20.1635,3.5,0,1727,CSBerk,DMel_CSBerk,U,M,4,0.795,bad flow
10/24/19,14:32:21,16,46,2,52360,52379,1.369077317,3.74213,3.367370008,9.8565,24.941405,22.28,19.997,3.5775,-1.71E-14,1728,CSBerk,DMel_CSBerk,U,M,4,0.749,NA
10/25/19,10:25:48,7,9,1,37548,37567,1.972627451,6.07529,4.866313846,9.826,24.937865,22.24,24.07,3.685,1.71E-14,1735,CSBerk,DMel_CSBerk,U,M,5,0.715,NA
10/25/19,10:30:48,8,10,1,37848,37867,1.852637007,5.695135,4.577237812,9.811,24.939845,22.24,24.0535,3.514,0.109454545,1736,CSBerk,DMel_CSBerk,U,M,5,0.769,NA
10/25/19,10:40:49,9,12,1,38448,38467,2.263715957,6.50689,5.466959769,10.0365,24.939605,22.236,24.11,3.6235,1.006909091,1737,CSBerk,DMel_CSBerk,I,F,5,1.021,NA
10/25/19,10:45:48,10,13,1,38765,38784,2.178600977,6.308915,5.333871467,9.9,24.93624,22.22,24.14,3.566,-2.14E-15,1738,CSBerk,DMel_CSBerk,I,F,5,0.974,NA
10/25/19,10:55:48,11,15,1,39348,39367,2.79131517,7.742695,6.81711792,9.924,24.937385,22.22,24.3115,3.5205,1.131090909,1739,CSBerk,DMel_CSBerk,I,F,5,1.077,NA
10/25/19,11:00:48,12,16,1,39808,39827,2.25586963,6.465685,5.604938591,9.7555,24.937035,22.23,24.18,3.5835,0.155881818,1740,CSBerk,DMel_CSBerk,I,F,5,0.964,NA
10/25/19,11:10:48,13,18,1,40248,40267,1.449103882,4.383995,3.546353063,9.9055,24.936895,22.24,24.061,3.634,2.68E-16,1741,CSBerk,DMel_CSBerk,I,M,5,0.638,NA
10/25/19,11:15:48,14,19,1,40548,40567,1.92994406,5.51716,4.72994025,9.8905,24.93848,22.24,23.79,3.532,0.791945455,1742,CSBerk,DMel_CSBerk,I,M,5,0.645,NA
10/25/19,11:25:48,15,21,1,41148,41167,1.279985028,4.34103,3.594541595,8.631,24.93825,22.24,23.71,3.66,-2.68E-16,1743,CSBerk,DMel_CSBerk,I,M,5,0.681,bad flow
10/25/19,11:30:48,16,22,1,41448,41467,1.519108312,4.44086,3.722733316,9.891,24.93929,22.231,23.75,3.526,0,1744,CSBerk,DMel_CSBerk,I,M,5,0.707,NA
10/25/19,11:40:49,1,24,1,42156,42175,2.364678894,6.54613,5.855420134,9.7875,24.93827,22.19,23.9005,3.675,0.000586364,1729,CSBerk,DMel_CSBerk,U,F,5,1.095,NA
10/25/19,11:45:48,2,25,1,42450,42469,2.625219894,7.163645,6.487037783,9.8075,24.937265,22.18,23.992,3.7115,0.163854545,1730,CSBerk,DMel_CSBerk,U,F,5,1.106,NA
10/25/19,11:55:48,3,27,1,42948,42967,2.420424297,6.6475,5.98522162,9.801,24.93709,22.1875,24.1065,3.4895,0.448959091,1731,CSBerk,DMel_CSBerk,U,F,5,1.169,NA
10/25/19,12:00:48,4,28,1,43332,43351,2.694462116,7.284705,6.655314173,9.812,24.940345,22.19,24.11,3.852,0.148177273,1732,CSBerk,DMel_CSBerk,U,F,5,1.056,NA
10/25/19,12:10:48,5,30,1,43848,43867,1.200319713,3.527965,2.915464423,9.9775,24.941285,22.1825,24.27,3.5455,0,1733,CSBerk,DMel_CSBerk,U,M,5,0.612,NA
10/25/19,12:15:48,6,31,1,44148,44167,2.144476304,5.812935,5.222598821,9.951,24.937285,22.18,24.3,3.5245,1.202686364,1734,CSBerk,DMel_CSBerk,U,M,5,0.63,NA
10/25/19,12:25:48,7,33,2,44748,44767,1.301470707,3.776975,3.205112279,9.8405,24.9391,22.17,24.46,3.4855,-1.71E-14,1735,CSBerk,DMel_CSBerk,U,M,5,0.715,NA
10/25/19,12:30:48,8,34,2,45184,45203,1.363088964,3.92698,3.375151645,9.786,24.938995,22.1355,24.74,3.557,3.43E-14,1736,CSBerk,DMel_CSBerk,U,M,5,0.769,NA
10/25/19,12:40:48,9,36,2,45682,45701,2.101288905,5.59982,5.058968281,10.063,24.93752,22.09,24.84,3.5645,0.299572727,1737,CSBerk,DMel_CSBerk,I,F,5,1.021,NA
10/25/19,12:45:48,10,37,2,45969,45988,1.712341949,4.711075,4.186789058,9.908,24.93752,22.07,25.11,3.317,0.477336364,1738,CSBerk,DMel_CSBerk,I,F,5,0.974,NA
10/25/19,12:55:48,11,39,2,46548,46567,1.760457778,4.80777,4.29452728,9.929,24.93937,22.03,25.2195,3.5325,1.37E-13,1739,CSBerk,DMel_CSBerk,I,F,5,1.077,NA
10/25/19,13:00:48,12,40,2,46957,46976,1.848230145,5.071145,4.56570875,9.805,24.939345,22.0175,25.353,3.5165,1.37E-13,1740,CSBerk,DMel_CSBerk,I,F,5,0.964,NA
10/25/19,13:10:49,13,42,2,47449,47468,1.172382317,3.36796,2.864335701,9.914,24.94011,22.014,25.47,3.384,1.07E-15,1741,CSBerk,DMel_CSBerk,I,M,5,0.638,NA
10/25/19,13:15:49,14,43,2,47749,47768,1.693416737,4.6398,4.13769818,9.9135,24.93754,22.029,25.499,3.536,0.196431818,1742,CSBerk,DMel_CSBerk,I,M,5,0.645,NA
10/30/19,11:18:06,7,9,1,40687,40706,3.161115091,5.36381,4.987592436,15.4175,7.999545,23.29,9.73,3.996,0.484522727,1751,CSBerk,DMel_CSBerk,I,F,5,1.045,NA
10/30/19,11:23:07,8,10,1,41096,41115,3.310578654,5.498765,5.259337682,15.314,8.263925,23.31,10.4875,3.996,0.230754545,1752,CSBerk,DMel_CSBerk,I,F,5,1.22,NA
10/30/19,11:33:07,9,12,1,41747,41766,2.099554333,3.363335,3.227041403,15.831,8.1699,23.37,10.496,4.0985,6.69E-17,1753,CSBerk,DMel_CSBerk,U,M,5,0.802,NA
10/30/19,11:38:07,10,13,1,41935,41954,2.132708275,3.439465,3.357005944,15.4595,8.260565,23.39,10.475,4.1,3.43E-14,1754,CSBerk,DMel_CSBerk,U,M,5,0.789,NA
10/30/19,11:48:07,11,15,1,42500,42519,2.621789118,4.120415,4.105740754,15.541,8.078495,23.43,10.405,4.1245,0.8143,1755,CSBerk,DMel_CSBerk,U,M,5,0.793,NA
10/30/19,11:53:07,12,16,1,42900,42919,2.020007354,3.15543,3.233367139,15.206,8.322515,23.46,10.2845,4.12,0,1756,CSBerk,DMel_CSBerk,U,M,5,0.823,NA
10/30/19,12:03:07,13,18,1,43433,43452,2.148813631,3.25797,3.379112838,15.4805,8.15234,23.51,10.3075,0.37,0.15,1757,CSBerk,DMel_CSBerk,I,M,5,0.681,NA
10/30/19,12:08:07,14,19,1,43755,43774,2.203955743,3.2841,3.460513707,15.5055,8.35886,23.53,10.17,0.4,1.03E-13,1758,CSBerk,DMel_CSBerk,I,M,5,0.743,NA
10/30/19,12:18:06,15,21,1,44336,44355,1.742027052,3.11533,3.341184945,12.695,8.197145,23.57,9.8935,0.4385,8.57E-15,1759,CSBerk,DMel_CSBerk,I,M,5,0.671,bad flow
10/30/19,12:23:06,16,22,1,44645,44664,1.946302402,2.779015,3.059988829,15.4875,8.35104,23.571,9.771,0.4545,0.362340909,1760,CSBerk,DMel_CSBerk,I,M,5,0.754,NA
10/30/19,12:33:07,1,24,1,45275,45294,1.717137225,2.411965,2.740679754,15.2555,8.236475,23.57,9.64,0.498,1.71E-14,1745,CSBerk,DMel_CSBerk,U,F,5,0.742,NA
10/30/19,12:38:07,2,25,1,45554,45573,2.059470731,2.903775,3.268216824,15.3435,8.42032,23.57,9.6,0.457,2.14E-15,1746,CSBerk,DMel_CSBerk,U,F,5,1.262,NA
10/30/19,12:48:06,3,27,1,46214,46233,2.246159726,3.174455,3.573405136,15.304,8.276255,23.55,9.53,0.5445,0.304445455,1747,CSBerk,DMel_CSBerk,U,F,5,0.905,NA
10/30/19,12:53:07,4,28,1,46505,46524,2.356533915,3.34073,3.763989462,15.2425,8.393295,23.5385,9.49,0.511,0.161209091,1748,CSBerk,DMel_CSBerk,U,F,5,1.004,NA
10/30/19,13:03:06,5,30,1,47041,47060,1.8510585,2.452725,2.893797221,15.5715,8.181255,23.5035,9.4,4.413,-1.37E-13,1749,CSBerk,DMel_CSBerk,I,F,5,0.677,NA
10/30/19,13:08:06,6,31,1,47337,47356,2.719301871,3.782095,4.244842752,15.594,8.34034,23.49,9.44,4.482,0.76475,1750,CSBerk,DMel_CSBerk,I,F,5,1.312,NA
10/30/19,13:18:07,7,33,2,48032,48051,2.413581424,3.33536,3.824391149,15.3625,8.320225,23.49,9.4265,4.468,-6.86E-14,1751,CSBerk,DMel_CSBerk,I,F,5,1.045,NA
10/30/19,13:23:07,8,34,2,48320,48339,2.417286085,3.338495,3.845997872,15.3,8.428345,23.49,9.566,4.3815,0.869109091,1752,CSBerk,DMel_CSBerk,I,F,5,1.22,NA
10/30/19,13:33:06,9,36,2,48825,48844,1.485435488,1.76293,2.280745905,15.852,8.1643,23.4525,9.519,4.4985,2.14E-15,1753,CSBerk,DMel_CSBerk,U,M,5,0.802,NA
10/30/19,13:38:06,10,37,2,49097,49116,1.467795715,1.779755,2.310543185,15.4605,8.27175,23.43,9.583,4.3415,-1.71E-14,1754,CSBerk,DMel_CSBerk,U,M,5,0.789,NA
10/30/19,13:48:06,11,39,2,49701,49720,1.482842617,1.76888,2.315473605,15.583,8.13276,23.3765,9.676,4.5155,1.37E-13,1755,CSBerk,DMel_CSBerk,U,M,5,0.793,NA
10/30/19,13:53:06,12,40,2,49986,50005,1.495605086,1.82345,2.38630775,15.249,8.246525,23.3465,9.73,4.5275,-5.36E-16,1756,CSBerk,DMel_CSBerk,U,M,5,0.823,NA
10/30/19,14:03:06,13,42,2,50626,50645,2.034347824,2.597725,3.181606723,15.5505,8.077275,23.221,10,4.483,0.398704545,1757,CSBerk,DMel_CSBerk,I,M,5,0.681,NA
10/30/19,14:08:06,14,43,2,50983,51002,1.462939034,1.676995,2.284784324,15.5695,8.205825,23.17,10.11,4.412,6.86E-14,1758,CSBerk,DMel_CSBerk,I,M,5,0.743,NA
10/30/19,14:18:06,15,45,2,51486,51505,1.477689045,2.196995,2.81021086,12.781,8.089485,23.056,10.132,4.496,0.065104545,1759,CSBerk,DMel_CSBerk,I,M,5,0.671,bad flow
10/30/19,14:23:06,16,46,2,51812,51831,1.86645211,2.30295,2.917604164,15.5455,8.11747,22.98,10.17,4.486,0.615145455,1760,CSBerk,DMel_CSBerk,I,M,5,0.754,NA
10/30/19,14:33:06,1,48,2,52536,52555,1.547549834,1.82284,2.452299851,15.329,8.04048,22.86,10.2635,4.2945,1.223377273,1745,CSBerk,DMel_CSBerk,U,F,5,0.742,NA
10/30/19,14:38:06,2,49,2,52835,52854,1.756726925,2.12501,2.769631203,15.4045,8.14006,22.809,10.2415,4.507,3.43E-14,1746,CSBerk,DMel_CSBerk,U,F,5,1.262,NA
10/31/19,10:27:34,7,9,1,37659,37678,2.10638563,3.600215,3.360714706,15.259,7.903185,23.53,13.096,3.7305,0.493109091,1767,CSBerk,DMel_CSBerk,U,M,3,0.567,NA
10/31/19,10:32:34,8,10,1,38009,38028,2.33781515,3.86349,3.741612768,15.211,8.117025,23.52,12.994,3.5685,4.28E-15,1768,CSBerk,DMel_CSBerk,U,M,3,0.748,NA
10/31/19,10:42:34,9,12,1,38665,38684,3.119113383,4.852375,4.820089045,15.7535,8.0152,23.51,12.77,3.6145,1.182463636,1769,CSBerk,DMel_CSBerk,I,F,3,1.06,NA
10/31/19,10:47:34,10,13,1,38871,38890,2.430679343,3.831235,3.842728741,15.3985,8.118915,23.51,12.9065,3.4195,1.07E-15,1770,CSBerk,DMel_CSBerk,I,F,3,1.045,NA
10/31/19,10:57:34,11,15,1,39600,39619,3.166402323,4.882315,4.980655952,15.4775,8.070895,23.53,12.89,3.6085,1.717386364,1771,CSBerk,DMel_CSBerk,I,F,3,1.136,NA
10/31/19,11:02:34,12,16,1,39754,39773,2.92557207,4.577155,4.705925616,15.135,8.126495,23.53,12.9355,3.796,0.213290909,1772,CSBerk,DMel_CSBerk,I,F,3,1.063,NA
10/31/19,11:12:34,13,18,1,40371,40390,2.430565142,3.65308,3.830505764,15.4485,7.980035,23.54,12.811,3.58,0.357131818,1773,CSBerk,DMel_CSBerk,U,F,3,0.967,NA
10/31/19,11:17:34,14,19,1,40723,40742,3.145691123,4.745585,4.959442782,15.4425,8.20376,23.54,12.8075,3.6135,0,1774,CSBerk,DMel_CSBerk,U,F,3,0.969,NA
10/31/19,11:27:34,15,21,1,41297,41316,2.266805036,4.14223,4.391370507,12.5665,8.023355,23.517,12.62,3.856,0.686636364,1775,CSBerk,DMel_CSBerk,U,F,3,1.052,bad flow
10/31/19,11:32:34,16,22,1,41693,41712,2.042232056,2.91975,3.22600856,15.409,8.18484,23.47,12.54,4.1075,-8.57E-15,1776,CSBerk,DMel_CSBerk,U,F,3,1.101,NA
10/31/19,11:42:34,1,24,1,42190,42209,2.04368582,2.94821,3.27837798,15.1705,7.96935,23.41,12.65,3.922,0.698522727,1761,CSBerk,DMel_CSBerk,I,M,3,0.599,NA
10/31/19,11:47:34,2,25,1,42476,42495,2.378529761,3.419495,3.783378452,15.298,8.154805,23.3825,12.62,4.027,0.380890909,1762,CSBerk,DMel_CSBerk,I,M,3,0.658,NA
10/31/19,11:57:34,3,27,1,43098,43117,1.55041484,2.090905,2.479299541,15.2145,8.0044,23.34,12.68,3.9465,6.86E-14,1763,CSBerk,DMel_CSBerk,I,M,3,0.733,NA
10/31/19,12:02:34,4,28,1,43443,43462,1.711402054,2.33581,2.738368161,15.204,8.20978,23.31,12.75,4.0145,0.39465,1764,CSBerk,DMel_CSBerk,I,M,3,0.527,NA
10/31/19,12:12:34,5,30,1,43982,44001,2.335756846,3.237345,3.657538443,15.5345,7.974585,23.2825,12.91,3.857,0.17215,1765,CSBerk,DMel_CSBerk,U,M,3,0.719,NA
10/31/19,12:17:34,6,31,1,44347,44366,2.440898891,3.36512,3.818523664,15.548,8.18492,23.26,12.91,3.696,1.328181818,1766,CSBerk,DMel_CSBerk,U,M,3,0.713,NA
10/31/19,12:27:34,7,33,2,44854,44873,1.87383068,2.51809,2.988552405,15.249,7.956345,23.2325,12.9475,4.0345,0.85245,1767,CSBerk,DMel_CSBerk,U,M,3,0.567,NA
10/31/19,12:32:34,8,34,2,45173,45192,1.503458898,1.907645,2.402982614,15.2165,8.15773,23.224,12.94,4.1335,0,1768,CSBerk,DMel_CSBerk,U,M,3,0.748,NA
10/31/19,12:42:34,9,36,2,45881,45900,2.650266246,3.568675,4.086540138,15.77,8.07345,23.18,12.968,3.9645,0.419772727,1769,CSBerk,DMel_CSBerk,I,F,3,1.06,NA
10/31/19,12:47:34,10,37,2,46072,46091,1.754878222,2.2379,2.763801083,15.44,8.15698,23.18,12.9955,4.1725,2.14E-15,1770,CSBerk,DMel_CSBerk,I,F,3,1.045,NA
10/31/19,12:57:34,11,39,2,46771,46790,2.489169525,3.37585,3.902180714,15.5115,8.065985,23.18,13.13,4.4125,1.073409091,1771,CSBerk,DMel_CSBerk,I,F,3,1.136,NA
10/31/19,13:02:34,12,40,2,46954,46973,2.459475845,3.41662,3.938537607,15.185,8.12511,23.18,13.13,4.2225,0.733959091,1772,CSBerk,DMel_CSBerk,I,F,3,1.063,NA
10/31/19,13:12:34,13,42,2,47713,47732,1.611074508,2.01294,2.541940395,15.4105,8.081775,23.1525,13,4.2015,-1.37E-13,1773,CSBerk,DMel_CSBerk,U,F,3,0.967,NA
10/31/19,13:17:34,14,43,2,47958,47977,2.693152825,3.703765,4.24225147,15.436,8.188415,23.1515,13,4.186,0.056627273,1774,CSBerk,DMel_CSBerk,U,F,3,0.969,NA
10/31/19,13:27:34,15,45,2,48502,48521,1.503506635,2.354955,2.903778486,12.589,8.007525,23.14,13.12,4.089,-3.43E-14,1775,CSBerk,DMel_CSBerk,U,F,3,1.052,bad flow
10/31/19,13:32:34,16,46,2,48825,48844,1.70884125,2.13753,2.700549003,15.3835,8.137055,23.11,13.187,4.028,-1.71E-14,1776,CSBerk,DMel_CSBerk,U,F,3,1.101,NA
10/31/19,13:42:34,1,48,2,49370,49389,1.887564078,2.450225,3.019833256,15.195,7.90423,23.0905,13.16,4.042,1.13335,1761,CSBerk,DMel_CSBerk,I,M,3,0.599,NA
10/31/19,13:47:34,2,49,2,49723,49742,2.250850141,3.002185,3.577276956,15.295,8.14644,23.0785,13.12,3.8805,1.828595455,1762,CSBerk,DMel_CSBerk,I,M,3,0.658,NA
10/31/19,13:57:34,3,51,2,50304,50323,1.371495677,1.606,2.188049941,15.233,7.935395,23.0035,13.27,3.8805,0,1763,CSBerk,DMel_CSBerk,I,M,3,0.733,NA
10/31/19,14:02:34,4,52,2,50607,50626,1.209883196,1.3424,1.933559794,15.2055,8.094065,22.98,13.42,3.937,0.106613636,1764,CSBerk,DMel_CSBerk,I,M,3,0.527,NA
11/1/19,10:19:34,7,9,1,37174,37193,3.492665032,5.7783,5.593971931,15.2065,7.78377,23.65,12.843,0.2025,0.110454545,1783,CSBerk,DMel_CSBerk,U,F,3,1.156,NA
11/1/19,10:24:34,8,10,1,37595,37614,3.019595921,4.91017,4.855171041,15.1485,8.03241,23.67,12.78,0.2005,0.036590909,1784,CSBerk,DMel_CSBerk,U,F,3,1.055,NA
11/1/19,10:34:34,9,12,1,38074,38093,2.93188575,4.56142,4.553808158,15.6815,7.79954,23.665,12.85,0.2085,1.120563636,1785,CSBerk,DMel_CSBerk,I,F,3,1.074,NA
11/1/19,10:39:34,10,13,1,38383,38402,2.734797139,4.27895,4.348858164,15.3165,7.97167,23.66,12.78,0.21,0.625195455,1786,CSBerk,DMel_CSBerk,I,F,3,1.265,NA
11/1/19,10:49:34,11,15,1,39022,39041,2.291251529,3.47041,3.614397257,15.438,7.824435,23.62,12.97,0.226,0.025572727,1787,CSBerk,DMel_CSBerk,I,F,3,0.713,NA
11/1/19,10:54:34,12,16,1,39409,39428,2.057343231,3.103605,3.321315968,15.085,8.03933,23.6165,13.08,0.2345,0.248736364,1788,CSBerk,DMel_CSBerk,I,F,3,0.643,NA
11/1/19,11:04:34,13,18,1,39876,39895,1.698951656,2.459125,2.698570069,15.332,7.846265,23.62,13.16,0.2375,0.018263636,1789,CSBerk,DMel_CSBerk,U,M,3,0.681,NA
11/1/19,11:09:34,14,19,1,40213,40232,1.739934587,2.483125,2.761425866,15.3455,8.041205,23.64,13.12,0.243,-4.28E-15,1790,CSBerk,DMel_CSBerk,U,M,3,0.553,NA
11/1/19,11:19:34,15,21,1,40934,40953,2.139283769,3.8377,4.15943587,12.527,7.968915,23.66,13.23,0.22,0.523977273,1791,CSBerk,DMel_CSBerk,U,M,3,0.557,bad flow
11/1/19,11:24:34,16,22,1,41196,41215,2.112785658,3.01418,3.361607682,15.3075,8.07441,23.65,13.223,0.238,1.204422727,1792,CSBerk,DMel_CSBerk,U,M,3,0.572,NA
11/1/19,11:34:34,1,24,1,41686,41705,1.609229457,2.224315,2.594476561,15.106,7.83127,23.64,13.35,0.258,8.57E-15,1777,CSBerk,DMel_CSBerk,I,M,3,0.724,NA
11/1/19,11:39:34,2,25,1,42101,42120,1.299729633,1.661125,2.084301012,15.187,8.108525,23.64,13.35,0.3075,-1.07E-15,1778,CSBerk,DMel_CSBerk,I,M,3,0.498,NA
11/1/19,11:49:34,3,27,1,42734,42753,1.54424483,2.034355,2.483121026,15.146,8.00887,23.64,13.4165,0.323,0,1779,CSBerk,DMel_CSBerk,I,M,3,0.647,NA
11/1/19,11:54:34,4,28,1,42946,42965,1.481040649,1.93021,2.393739738,15.0685,8.09544,23.64,13.42,0.371,3.43E-14,1780,CSBerk,DMel_CSBerk,I,M,3,0.646,NA
11/1/19,12:04:34,5,30,1,43559,43578,2.848776673,4.007145,4.498334868,15.422,7.948395,23.61,13.62,0.4005,0.085390909,1781,CSBerk,DMel_CSBerk,U,F,3,1.038,NA
11/1/19,12:09:34,6,31,1,43921,43940,1.524973354,1.87713,2.403541395,15.4495,8.10938,23.5875,13.86,0.4195,-1.37E-13,1782,CSBerk,DMel_CSBerk,U,F,3,1.13,NA
11/1/19,12:19:34,7,33,2,44476,44495,2.97917134,4.238255,4.772317867,15.1995,7.95332,23.56,13.94,3.535,0.938359091,1783,CSBerk,DMel_CSBerk,U,F,3,1.156,NA
11/1/19,12:24:34,8,34,2,44757,44776,2.485952034,3.44516,3.985853119,15.1845,8.07516,23.5345,13.7,4.3045,1.37E-13,1784,CSBerk,DMel_CSBerk,U,F,3,1.055,NA
11/1/19,12:34:34,9,36,2,45367,45386,2.76909378,3.74589,4.298631204,15.679,7.916745,23.4545,13.89,4.4335,0.038290909,1785,CSBerk,DMel_CSBerk,I,F,3,1.074,NA
11/1/19,12:39:34,10,37,2,45720,45739,2.026443616,2.645445,3.214062637,15.3435,8.059565,23.41,13.998,4.3235,1.37E-13,1786,CSBerk,DMel_CSBerk,I,F,3,1.265,NA
11/1/19,12:49:34,11,39,2,46334,46353,1.873820663,2.37475,2.95420382,15.4335,7.95732,23.36,14.1075,4.317,0.388086364,1787,CSBerk,DMel_CSBerk,I,F,3,0.713,NA
11/1/19,12:54:34,12,40,2,46483,46502,1.987257282,2.609215,3.193702012,15.1395,7.99618,23.3465,14.11,4.287,0.866631818,1788,CSBerk,DMel_CSBerk,I,F,3,0.643,NA
11/1/19,13:04:34,13,42,2,47222,47241,1.806319936,2.260505,2.856874308,15.38,7.934605,23.28,14.1935,4.4025,0.113040909,1789,CSBerk,DMel_CSBerk,U,M,3,0.681,NA
11/1/19,13:09:34,14,43,2,47374,47393,1.31134049,1.47748,2.077388108,15.354,7.970805,23.26,14.11,4.4735,-8.57E-15,1790,CSBerk,DMel_CSBerk,U,M,3,0.553,NA
11/4/19,10:36:24,7,9,1,38212,38231,2.163961323,4.016365,3.481905418,15.0995,7.56977,22.92,22.9,3.4395,-1.34E-16,1799,auraL2,auraria_bronski,I,M,3,0.716,NA
11/4/19,10:41:24,8,10,1,38587,38606,1.797802189,3.348445,2.906107524,15.031,7.77705,22.94,22.9,3.224,-5.36E-16,1800,auraL2,auraria_bronski,I,M,3,0.7,NA
11/4/19,10:51:24,9,12,1,39084,39103,2.177565411,3.79958,3.40267676,15.553,7.62397,23.014,22.9215,3.563,0.08095,1801,auraL2,auraria_bronski,U,M,3,0.737,NA
11/4/19,10:56:24,10,13,1,39509,39528,1.802945934,3.182485,2.881076853,15.211,7.818865,23.06,22.88,3.4185,-2.14E-15,1802,auraL2,auraria_bronski,U,M,3,0.651,NA
11/4/19,11:06:24,11,15,1,39984,40003,2.081940957,3.576025,3.308565135,15.296,7.626175,23.09,23.08,3.4205,1.785954545,1803,auraL2,auraria_bronski,U,M,3,0.672,NA
11/4/19,11:11:24,12,16,1,40284,40303,1.705852129,2.984715,2.772736332,14.957,7.78152,23.11,23.172,3.377,2.68E-16,1804,auraL2,auraria_bronski,U,M,3,0.732,NA
11/4/19,11:21:24,13,18,1,40884,40903,2.58417134,4.269945,4.111558411,15.283,7.660025,23.1715,23.01,3.4235,-2.68E-16,1805,auraL2,auraria_bronski,I,F,3,1.032,NA
11/4/19,11:26:24,14,19,1,41343,41362,2.225942368,3.63135,3.551809341,15.239,7.841375,23.169,22.804,3.308,-5.36E-16,1806,auraL2,auraria_bronski,I,F,3,1.005,NA
11/4/19,11:36:24,15,21,1,41787,41806,2.96458248,5.854025,5.790708458,12.447,7.69306,23.13,22.84,3.535,2.14E-15,1807,auraL2,auraria_bronski,I,F,3,1.195,bad flow
11/4/19,11:41:23,16,22,1,42109,42128,2.739936253,4.40954,4.381267879,15.2035,7.800945,23.11,22.92,3.5005,-2.14E-15,1808,auraL2,auraria_bronski,I,F,3,1.191,NA
11/4/19,11:51:24,1,24,1,42685,42704,2.485818664,4.028835,4.033996065,14.979,7.60853,23.072,22.88,3.4175,1.07E-15,1793,auraL2,auraria_bronski,U,F,3,1.323,NA
11/4/19,11:56:24,2,25,1,43088,43107,2.499998718,3.95929,4.019131616,15.1195,7.82291,23.06,22.88,3.506,1.07E-15,1794,auraL2,auraria_bronski,U,F,3,1.414,NA
11/4/19,12:06:24,3,27,1,43648,43667,2.716776956,4.295255,4.388172583,15.047,7.68466,23.02,22.9865,3.457,8.03E-16,1795,auraL2,auraria_bronski,U,F,3,1.34,NA
11/4/19,12:11:24,4,28,1,43919,43938,0.626288136,0.88639,1.013184237,15.0225,7.785365,23.01,23,3.5095,5.36E-16,1796,auraL2,auraria_bronski,U,F,3,NA,empty
11/4/19,12:21:23,5,30,1,44492,44511,2.128337243,3.226435,3.375944276,15.32,7.612145,22.98,23.02,3.4725,0.166031818,1797,auraL2,auraria_bronski,I,M,3,0.828,NA
11/4/19,12:26:24,6,31,1,44836,44855,1.613717311,2.39088,2.555047694,15.347,7.831225,22.97,23.06,3.4495,1.110381818,1798,auraL2,auraria_bronski,I,M,3,0.646,NA
11/4/19,12:36:24,7,33,2,45403,45422,1.719310919,2.59252,2.768871152,15.0905,7.66347,23.0015,23.008,3.5115,0.219513636,1799,auraL2,auraria_bronski,I,M,3,0.716,NA
11/4/19,12:41:24,8,34,2,45693,45712,1.352425809,1.99462,2.184986032,15.044,7.834995,23.03,23.069,3.4025,-1.29E-14,1800,auraL2,auraria_bronski,I,M,3,0.7,NA
11/4/19,12:51:24,9,36,2,46310,46329,1.627031637,2.33897,2.540711458,15.5665,7.69386,23.0775,23.24,3.5005,0.315286364,1801,auraL2,auraria_bronski,U,M,3,0.737,NA
11/4/19,12:56:24,10,37,2,46694,46713,1.299575628,1.86575,2.076428199,15.214,7.897265,23.08,23.31,3.467,4.28E-15,1802,auraL2,auraria_bronski,U,M,3,0.651,NA
11/4/19,13:06:24,11,39,2,47344,47363,1.664415844,2.42685,2.647934435,15.281,7.82092,23.145,23.195,3.4035,0.145536364,1803,auraL2,auraria_bronski,U,M,3,0.672,NA
11/4/19,13:11:24,12,40,2,47644,47663,1.585402977,2.34079,2.571247264,14.993,7.929795,23.17,23.2045,3.4385,0,1804,auraL2,auraria_bronski,U,M,3,0.732,NA
11/4/19,13:21:23,13,42,2,48143,48162,1.984047084,2.92151,3.162470166,15.2555,7.73637,23.171,23.16,3.483,0,1805,auraL2,auraria_bronski,I,F,3,1.032,NA
11/4/19,13:26:23,14,43,2,48445,48464,1.72141065,2.48569,2.742915291,15.2605,7.883085,23.17,23.2275,3.3745,-1.07E-15,1806,auraL2,auraria_bronski,I,F,3,1.005,NA
11/4/19,13:36:23,15,45,2,48983,49002,2.738622365,5.090625,5.353737004,12.4385,7.75856,23.17,23.5195,3.6915,1.07E-15,1807,auraL2,auraria_bronski,I,F,3,1.195,bad flow
11/4/19,13:41:24,16,46,2,49314,49333,2.495000178,3.725725,3.98908487,15.209,8.124405,23.18,23.64,3.6355,-4.28E-15,1808,auraL2,auraria_bronski,I,F,3,1.191,NA
11/4/19,13:51:23,1,48,2,49973,49992,2.502999497,3.78376,4.054566022,15.0115,7.777015,23.18,23.92,3.5545,4.28E-15,1793,auraL2,auraria_bronski,U,F,3,1.323,NA
11/4/19,13:56:23,2,49,2,50255,50274,2.244762114,3.3261,3.606339131,15.136,7.91338,23.18,24.114,0.054,-1.07E-15,1794,auraL2,auraria_bronski,U,F,3,1.414,NA
11/4/19,14:06:23,3,51,2,50804,50823,2.611916031,3.93325,4.221564161,15.0465,7.728655,23.2095,24.32,0.062,1.07E-15,1795,auraL2,auraria_bronski,U,F,3,1.34,NA
11/4/19,14:11:23,4,52,2,51228,51247,0.493120549,0.497195,0.799070353,15.0065,7.940115,23.18,24.1005,0.045,0,1796,auraL2,auraria_bronski,U,F,3,NA,empty
11/4/19,14:21:23,5,54,2,51683,51702,1.469028436,2.02931,2.332783247,15.313,7.67388,23.18,24.468,0.04,0.037881818,1797,auraL2,auraria_bronski,I,M,3,0.828,NA
11/4/19,14:26:23,6,55,2,51984,52003,1.500685144,2.07209,2.377455916,15.349,7.843395,23.17,24.6775,0.0405,0.165604545,1798,auraL2,auraria_bronski,I,M,3,0.646,NA
11/5/19,10:20:51,7,9,1,37377,37396,2.667532988,4.583365,4.30859984,15.057,7.62591,23.22,23.286,3.632,0.544518182,1815,CSBerk,DMel_CSBerk,U,F,4,0.815,NA
11/5/19,10:25:51,8,10,1,37655,37674,3.17902681,5.32927,5.14693373,15.0195,7.74219,23.18,23.452,3.6995,0.001754545,1816,CSBerk,DMel_CSBerk,U,F,4,1.015,NA
11/5/19,10:35:51,9,12,1,38151,38170,2.342283704,3.78865,3.663136282,15.547,7.533915,23.1435,23.764,3.8315,0.882486364,1817,CSBerk,DMel_CSBerk,I,M,4,0.628,NA
11/5/19,10:40:51,10,13,1,38533,38552,2.513086746,4.0436,4.021462979,15.1915,7.685325,23.09,23.98,3.8855,0.04275,1818,CSBerk,DMel_CSBerk,I,M,4,0.701,NA
11/5/19,10:50:51,11,15,1,39167,39186,2.214195557,3.479805,3.523145001,15.2745,7.580615,23.023,24.26,3.7895,0.000204545,1819,CSBerk,DMel_CSBerk,I,M,4,0.695,NA
11/5/19,10:55:51,12,16,1,39374,39393,2.528910209,4.025605,4.104187956,14.9755,7.678015,23.022,24.34,3.848,-1.37E-13,1820,CSBerk,DMel_CSBerk,I,M,4,0.749,NA
11/5/19,11:05:51,13,18,1,40011,40030,2.883675976,4.48558,4.612948417,15.1945,7.58062,23.05,24.42,3.935,0.088272727,1821,CSBerk,DMel_CSBerk,I,F,4,1.253,NA
11/5/19,11:10:51,14,19,1,40347,40366,2.951793613,4.54424,4.713884101,15.222,7.76096,23.078,24.516,3.7975,1.71E-14,1822,CSBerk,DMel_CSBerk,I,F,4,1.263,NA
11/5/19,11:20:51,15,21,1,40851,40870,3.016203266,5.70742,5.897012369,12.4335,7.60012,23.08,24.65,3.929,0,1823,CSBerk,DMel_CSBerk,I,F,4,1.162,bad flow
11/5/19,11:25:51,16,22,1,41235,41254,2.679430263,4.061215,4.282536922,15.209,7.72642,23.08,24.6785,3.9345,0.071618182,1824,CSBerk,DMel_CSBerk,I,F,4,1.128,NA
11/5/19,11:35:51,1,24,1,41895,41914,1.874863104,2.782495,3.039817909,14.9965,7.699375,23.15,24.597,3.9995,0.116263636,1809,CSBerk,DMel_CSBerk,U,M,4,0.654,NA
11/5/19,11:40:51,2,25,1,42052,42071,1.274644828,1.78351,2.057443453,15.0645,7.744395,23.17,24.6245,4.028,0.035827273,1810,CSBerk,DMel_CSBerk,U,M,4,0.439,NA
11/5/19,11:50:51,3,27,1,42651,42670,1.033566779,1.36771,1.670021819,15.0495,7.56526,23.18,24.67,3.9895,4.28E-15,1811,CSBerk,DMel_CSBerk,U,M,4,0.352,NA
11/5/19,11:55:51,4,28,1,42952,42971,1.477691355,2.072555,2.399391056,14.976,7.739675,23.18,24.63,3.908,-2.68E-16,1812,CSBerk,DMel_CSBerk,U,M,4,0.675,NA
11/5/19,12:05:51,5,30,1,43698,43717,2.691771607,3.949075,4.290771867,15.255,7.713985,23.18,24.72,0.2665,0.313377273,1813,CSBerk,DMel_CSBerk,U,F,4,1.081,NA
11/5/19,12:10:50,6,31,1,43869,43888,2.503660461,3.63703,3.979427025,15.299,7.76771,23.18,24.75,0.2515,1.002622727,1814,CSBerk,DMel_CSBerk,U,F,4,1.035,NA
11/5/19,12:20:51,7,33,2,44545,44564,1.915311572,2.735895,3.090767213,15.069,7.66896,23.18,24.87,0.284,0.90275,1815,CSBerk,DMel_CSBerk,U,F,4,0.815,NA
11/5/19,12:25:51,8,34,2,44884,44903,2.644017594,3.88969,4.262543428,15.083,7.814315,23.1715,24.9405,0.3,0.618395455,1816,CSBerk,DMel_CSBerk,U,F,4,1.015,NA
11/5/19,12:35:50,9,36,2,45463,45482,1.957727542,2.68553,3.066802382,15.521,7.6852,23.1425,25.01,0.2995,0.000140909,1817,CSBerk,DMel_CSBerk,I,M,4,0.628,NA
11/5/19,12:40:51,10,37,2,45766,45785,2.148514591,3.05181,3.44124897,15.1795,7.80885,23.14,25.17,0.3515,0.108809091,1818,CSBerk,DMel_CSBerk,I,M,4,0.701,NA
11/5/19,12:50:50,11,39,2,46322,46341,1.721927187,2.345415,2.742317414,15.2665,7.648105,23.1375,25.25,0.3635,0,1819,CSBerk,DMel_CSBerk,I,M,4,0.695,NA
11/5/19,12:55:51,12,40,2,46710,46729,2.080092511,2.966965,3.375462143,14.9825,7.80782,23.13,25.2355,0.399,0.525427273,1820,CSBerk,DMel_CSBerk,I,M,4,0.749,NA
11/5/19,13:05:51,13,42,2,47295,47314,2.546898673,3.64972,4.065934677,15.227,7.6914,23.08,25.2,0.3965,1.37E-13,1821,CSBerk,DMel_CSBerk,I,F,4,1.253,NA
11/5/19,13:10:50,14,43,2,47557,47576,2.529219458,3.60813,4.031465753,15.2495,7.765245,23.06,25.2015,0.4095,0.056759091,1822,CSBerk,DMel_CSBerk,I,F,4,1.263,NA
11/5/19,13:20:51,15,45,2,48174,48193,2.521428004,4.48682,4.92739132,12.4355,7.64715,22.9865,25.3945,0.362,0.863013636,1823,CSBerk,DMel_CSBerk,I,F,4,1.162,bad flow
11/5/19,13:25:50,16,46,2,48350,48369,2.693461093,3.867525,4.318925957,15.1545,7.66152,22.97,25.402,0.3125,0.315318182,1824,CSBerk,DMel_CSBerk,I,F,4,1.128,NA
11/5/19,13:35:50,1,48,2,49042,49061,2.179421002,3.066175,3.530235662,14.999,7.579825,22.9175,25.71,3.947,0.083768182,1809,CSBerk,DMel_CSBerk,U,M,4,0.654,NA
11/5/19,13:40:50,2,49,2,49377,49396,1.02979418,1.18907,1.656503388,15.1005,7.680945,22.86,25.83,4.0285,3.43E-14,1810,CSBerk,DMel_CSBerk,U,M,4,0.439,NA
11/5/19,13:50:50,3,51,2,49933,49952,0.920507952,1.00997,1.486933991,15.034,7.551305,22.79,26.01,3.95,3.43E-14,1811,CSBerk,DMel_CSBerk,U,M,4,0.352,NA
11/5/19,13:55:50,4,52,2,50152,50171,1.30096993,1.61682,2.103165147,15.021,7.601125,22.77,26.04,4.0465,-4.28E-15,1812,CSBerk,DMel_CSBerk,U,M,4,0.675,NA
11/6/19,11:10:23,7,9,1,40309,40328,2.501100588,4.316135,4.035587094,15.0575,7.397115,22.92,14.596,3.826,0.000745455,1831,CSBerk,DMel_CSBerk,I,M,5,0.75,NA
11/6/19,11:15:23,8,10,1,40528,40547,2.294305595,3.930235,3.708820074,15.029,7.46234,22.91,14.56,3.7925,0.4009,1832,CSBerk,DMel_CSBerk,I,M,5,0.749,NA
11/6/19,11:25:23,9,12,1,41163,41182,2.95452809,4.757435,4.618681424,15.5385,7.359495,22.86,14.72,3.9825,0.643381818,1833,CSBerk,DMel_CSBerk,I,F,5,1.32,NA
11/6/19,11:30:22,10,13,1,41536,41555,3.07221231,4.953775,4.899181033,15.2305,7.49892,22.824,14.8775,3.9635,0.226172727,1834,CSBerk,DMel_CSBerk,I,F,5,1.163,NA
11/6/19,11:40:22,11,15,1,42030,42049,2.541161587,4.05869,4.042852459,15.264,7.35117,22.78,14.98,3.9625,1.252604545,1835,CSBerk,DMel_CSBerk,I,F,5,1.049,NA
11/6/19,11:45:22,12,16,1,42369,42388,2.280692673,3.655135,3.703419959,14.9545,7.48645,22.77,15.1,3.8805,-2.14E-15,1836,CSBerk,DMel_CSBerk,I,F,5,1.058,NA
11/6/19,11:55:22,13,18,1,42988,43007,1.441334575,2.221515,2.311377051,15.142,7.39117,22.76,15.1,3.888,0,1837,CSBerk,DMel_CSBerk,U,M,5,0.615,NA
11/6/19,12:00:23,14,19,1,43223,43242,2.165170355,3.354985,3.466971888,15.1655,7.49012,22.77,15.18,3.9955,0.516586364,1838,CSBerk,DMel_CSBerk,U,M,5,0.668,NA
11/6/19,12:10:22,15,21,1,43824,43843,1.270651927,2.346465,2.484513471,12.4195,7.41369,22.78,15.2725,0.3265,5.36E-16,1839,CSBerk,DMel_CSBerk,U,M,5,0.455,bad flow
11/6/19,12:15:22,16,22,1,44192,44211,1.615600698,2.420425,2.587011254,15.167,7.541675,22.81,15.3,0.292,-8.57E-15,1840,CSBerk,DMel_CSBerk,U,M,5,0.763,NA
11/6/19,12:25:22,1,24,1,44882,44901,2.476681347,3.82326,4.025448761,14.945,7.528235,22.86,15.3145,0.3525,0,1825,CSBerk,DMel_CSBerk,U,F,5,1.139,NA
11/6/19,12:30:22,2,25,1,45092,45111,2.209435604,3.342775,3.565192273,15.054,7.575395,22.87,15.2645,0.333,0.399363636,1826,CSBerk,DMel_CSBerk,U,F,5,0.975,NA
11/6/19,12:40:22,3,27,1,45677,45696,2.017442527,3.043,3.279785199,14.9425,7.43483,22.88,15.39,0.3975,1.71E-14,1827,CSBerk,DMel_CSBerk,U,F,5,0.871,NA
11/6/19,12:45:22,4,28,1,46040,46059,2.175243919,3.292375,3.53857157,14.936,7.620755,22.94,15.23,0.362,5.36E-16,1828,CSBerk,DMel_CSBerk,U,F,5,1.211,NA
11/6/19,12:55:22,5,30,1,46636,46655,2.066925587,3.031935,3.292384908,15.2555,7.495685,22.979,15.3265,3.312,0.280345455,1829,CSBerk,DMel_CSBerk,I,M,5,0.725,NA
11/6/19,13:00:22,6,31,1,46896,46915,2.161129922,3.158415,3.432658379,15.298,7.571845,22.96,15.43,3.699,0.404036364,1830,CSBerk,DMel_CSBerk,I,M,5,0.786,NA
11/6/19,13:10:22,7,33,2,47447,47466,1.535490312,2.19571,2.484969062,15.0125,7.42707,22.92,15.697,0.444,0.36655,1831,CSBerk,DMel_CSBerk,I,M,5,0.75,NA
11/6/19,13:15:22,8,34,2,47815,47834,1.574116869,2.246685,2.559641917,14.941,7.625295,22.918,15.75,0.396,2.74E-13,1832,CSBerk,DMel_CSBerk,I,M,5,0.749,NA
11/6/19,13:25:22,9,36,2,48385,48404,2.427180851,3.48491,3.802437874,15.5095,7.467555,22.94,15.7955,0.3055,0.004654545,1833,CSBerk,DMel_CSBerk,I,F,5,1.32,NA
11/6/19,13:30:22,10,37,2,48622,48641,2.757478095,4.09421,4.411300361,15.1885,7.571015,22.95,15.79,0.3275,0.126390909,1834,CSBerk,DMel_CSBerk,I,F,5,1.163,NA
11/6/19,13:40:22,11,39,2,49226,49245,1.792844172,2.538455,2.858977341,15.2375,7.43398,22.9585,15.898,0.3005,-2.74E-13,1835,CSBerk,DMel_CSBerk,I,F,5,1.049,NA
11/6/19,13:45:22,12,40,2,49640,49659,2.027890909,2.980725,3.312860691,14.874,7.61848,22.96,15.894,0.301,0.076454545,1836,CSBerk,DMel_CSBerk,I,F,5,1.058,NA
11/6/19,13:55:22,13,42,2,50253,50272,1.399411331,1.90351,2.241767316,15.1695,7.531425,22.98,16.03,0.3025,6.86E-14,1837,CSBerk,DMel_CSBerk,U,M,5,0.615,NA
11/6/19,14:00:22,14,43,2,50557,50576,2.063669189,2.96976,3.313475275,15.135,7.64161,22.99,16.1,1.1175,1.37E-13,1838,CSBerk,DMel_CSBerk,U,M,5,0.668,NA
11/6/19,14:10:22,15,45,2,51177,51196,1.068619661,1.747385,2.09296885,12.406,7.49712,22.95,16.06,3.84,-2.14E-15,1839,CSBerk,DMel_CSBerk,U,M,5,0.455,bad flow
11/6/19,14:15:22,16,46,2,51482,51501,1.42826693,1.94648,2.293403028,15.1305,7.585945,22.92,16.1,3.7985,-4.28E-15,1840,CSBerk,DMel_CSBerk,U,M,5,0.763,NA
11/6/19,14:25:22,1,48,2,52017,52036,1.95242914,2.81663,3.173133504,14.945,7.420855,22.84,16.34,3.877,0.262213636,1825,CSBerk,DMel_CSBerk,U,F,5,1.139,NA
11/6/19,14:30:22,2,49,2,52354,52373,2.131030029,3.07062,3.441442272,15.0375,7.51101,22.78,16.32,3.8295,0.745931818,1826,CSBerk,DMel_CSBerk,U,F,5,0.975,NA
11/6/19,14:40:22,3,51,2,52851,52870,1.590212622,2.1907,2.571302538,15.014,7.35182,22.695,16.52,3.7835,0.964318182,1827,CSBerk,DMel_CSBerk,U,F,5,0.871,NA
11/6/19,14:45:22,4,52,2,53122,53141,1.895344844,2.685785,3.080385382,14.9355,7.483015,22.66,16.64,3.877,-2.14E-15,1828,CSBerk,DMel_CSBerk,U,F,5,1.211,NA
11/7/19,10:23:16,7,9,1,37467,37486,2.426902042,4.004875,3.950557227,14.962,7.515175,23.65,16.32,3.8085,0.128781818,1847,CSBerk,DMel_CSBerk,I,M,4,0.578,NA
11/7/19,10:28:16,8,10,1,37811,37830,2.8902381,4.636255,4.69756547,14.9855,7.657825,23.66,16.23,3.795,1.736736364,1848,CSBerk,DMel_CSBerk,I,M,4,0.678,NA
11/7/19,10:38:16,9,12,1,38323,38342,3.265573216,5.039455,5.147041297,15.4535,7.46702,23.67,16.28,3.79,1.005768182,1849,CSBerk,DMel_CSBerk,I,F,4,1.216,NA
11/7/19,10:43:16,10,13,1,38732,38751,2.789311427,4.321935,4.502584159,15.09,7.67939,23.69,16.1995,3.7505,0.002504545,1850,CSBerk,DMel_CSBerk,I,F,4,1.029,NA
11/7/19,10:53:16,11,15,1,39206,39225,2.743692433,4.190415,4.401943057,15.184,7.480375,23.72,16.21,3.9175,1.466431818,1851,CSBerk,DMel_CSBerk,I,F,4,0.97,NA
11/7/19,10:58:16,12,16,1,39563,39582,2.163376583,3.26672,3.541956643,14.8795,7.66366,23.7225,16.29,3.792,0.149977273,1852,CSBerk,DMel_CSBerk,I,F,4,0.84,NA
11/7/19,11:08:16,13,18,1,40182,40201,2.256537003,3.31519,3.632934129,15.132,7.540895,23.73,16.41,3.877,0.336813636,1853,CSBerk,DMel_CSBerk,U,F,4,0.75,NA
11/7/19,11:13:16,14,19,1,40519,40538,2.359621994,3.42506,3.78067293,15.205,7.688565,23.73,16.45,4.006,0.70935,1854,CSBerk,DMel_CSBerk,U,F,4,0.904,NA
11/7/19,11:23:16,15,21,1,40996,41015,2.38089821,4.310755,4.681988941,12.3885,7.544815,23.729,16.52,3.9805,0.689254545,1855,CSBerk,DMel_CSBerk,U,F,4,0.793,bad flow
11/7/19,11:28:16,16,22,1,41299,41318,1.880960079,2.63587,3.031427683,15.116,7.631805,23.723,16.48,3.937,0,1856,CSBerk,DMel_CSBerk,U,F,4,0.919,NA
11/7/19,11:38:16,1,24,1,41973,41992,1.998434908,2.82838,3.259389656,14.937,7.583165,23.73,16.61,0.313,0.433363636,1841,CSBerk,DMel_CSBerk,U,M,4,0.613,NA
11/7/19,11:43:16,2,25,1,42218,42237,1.57035328,2.095805,2.553018334,14.985,7.687105,23.73,16.61,0.2755,0,1842,CSBerk,DMel_CSBerk,U,M,4,0.677,NA
11/7/19,11:53:16,3,27,1,42803,42822,1.451658986,1.88481,2.365792198,14.9485,7.50164,23.7275,16.61,0.3375,1.34E-16,1843,CSBerk,DMel_CSBerk,U,M,4,0.644,NA
11/7/19,11:58:16,4,28,1,43216,43235,1.568369968,2.05076,2.555926692,14.948,7.717495,23.71,16.64,0.283,1.225404545,1844,CSBerk,DMel_CSBerk,U,M,4,0.699,NA
11/7/19,12:08:16,5,30,1,43775,43794,1.448165923,1.79508,2.318090028,15.218,7.573295,23.7,16.68,0.2835,-8.57E-15,1845,CSBerk,DMel_CSBerk,I,M,4,0.646,NA
11/7/19,12:13:16,6,31,1,44063,44082,1.463901517,1.80085,2.34450308,15.21,7.705865,23.7,16.6765,0.3575,0,1846,CSBerk,DMel_CSBerk,I,M,4,0.616,NA
11/7/19,12:23:16,7,33,2,44631,44650,1.845899585,2.43158,2.988549191,15.0445,7.542725,23.6725,16.75,0.316,2.286945455,1847,CSBerk,DMel_CSBerk,I,M,4,0.578,NA
11/7/19,12:28:16,8,34,2,45024,45043,2.30200679,3.16168,3.732909933,15.02,7.72217,23.66,16.86,0.346,1.462286364,1848,CSBerk,DMel_CSBerk,I,M,4,0.678,NA
11/7/19,12:38:16,9,36,2,45537,45556,2.555683267,3.44567,4.020585564,15.481,7.54549,23.6405,16.87,0.3425,0.000227273,1849,CSBerk,DMel_CSBerk,I,F,4,1.216,NA
11/7/19,12:43:16,10,37,2,45894,45913,2.206969048,2.97213,3.551609563,15.134,7.71179,23.64,16.9525,0.328,1.284613636,1850,CSBerk,DMel_CSBerk,I,F,4,1.029,NA
11/7/19,12:53:16,11,39,2,46456,46475,2.293116574,3.079775,3.669603319,15.218,7.559605,23.62,17.139,4.1895,1.598031818,1851,CSBerk,DMel_CSBerk,I,F,4,0.97,NA
11/7/19,12:58:16,12,40,2,46856,46875,1.940527918,2.55427,3.164013206,14.935,7.717975,23.6,17.15,4.1405,0.111186364,1852,CSBerk,DMel_CSBerk,I,F,4,0.84,NA
11/7/19,13:08:16,13,42,2,47333,47352,2.042458037,2.64752,3.273769042,15.188,7.47666,23.515,17.091,4.356,0.823659091,1853,CSBerk,DMel_CSBerk,U,F,4,0.75,NA
11/7/19,13:13:16,14,43,2,47709,47728,1.615547367,1.930555,2.593010375,15.1635,7.61477,23.4375,17.1165,4.2505,-6.86E-14,1854,CSBerk,DMel_CSBerk,U,F,4,0.904,NA
11/7/19,13:23:16,15,45,2,48211,48230,1.925258018,3.10627,3.777341894,12.4025,7.5355,23.3775,17.21,4.1145,0.660945455,1855,CSBerk,DMel_CSBerk,U,F,4,0.793,bad flow
11/7/19,13:28:16,16,46,2,48656,48675,1.478729993,1.694515,2.375367473,15.145,7.584815,23.32,17.24,4.208,6.86E-14,1856,CSBerk,DMel_CSBerk,U,F,4,0.919,NA
11/7/19,13:38:16,1,48,2,49256,49275,2.024043918,2.607015,3.296946744,14.932,7.478395,23.2485,17.4815,4.1235,0.489627273,1841,CSBerk,DMel_CSBerk,U,M,4,0.613,NA
11/7/19,13:43:16,2,49,2,49476,49495,1.863850339,2.325955,3.02262769,14.9965,7.545235,23.22,17.55,4.128,0.011454545,1842,CSBerk,DMel_CSBerk,U,M,4,0.677,NA
11/7/19,13:53:16,3,51,2,50109,50128,1.220986568,1.29279,1.986251286,14.948,7.508985,23.18,17.79,4.1165,0,1843,CSBerk,DMel_CSBerk,U,M,4,0.644,NA
11/7/19,13:58:16,4,52,2,50456,50475,1.375275041,1.554775,2.23971691,14.9315,7.60621,23.18,17.79,3.94,2.74E-13,1844,CSBerk,DMel_CSBerk,U,M,4,0.699,NA
11/8/19,10:53:30,7,9,1,39296,39315,2.197564754,3.51613,3.574827495,14.9615,7.48005,23.44,17.57,3.822,2.68E-16,1863,auraL2,auraria_bronski,U,F,3,0.849,NA
11/8/19,10:58:30,8,10,1,39510,39529,3.262918689,5.18445,5.312572815,14.947,7.4932,23.41,17.64,3.683,-1.71E-14,1864,auraL2,auraria_bronski,U,F,3,1.295,NA
11/8/19,11:08:30,9,12,1,40155,40174,0.796077,1.03163,1.256019255,15.4195,7.49994,23.32,17.7465,4.062,-1.34E-16,1865,auraL2,auraria_bronski,I,F,3,NA,empty
11/8/19,11:13:30,10,13,1,40466,40485,2.072354248,3.04223,3.340185804,15.0925,7.5495,23.29,17.789,3.874,6.69E-17,1866,auraL2,auraria_bronski,I,F,3,0.898,NA
11/8/19,11:23:30,11,15,1,41164,41183,2.087227746,2.96357,3.34783198,15.1625,7.50347,23.22,17.87,3.983,0.434618182,1867,auraL2,auraria_bronski,I,F,3,1.065,NA
11/8/19,11:28:30,12,16,1,41460,41479,0.761964088,0.80116,1.247501515,14.8525,7.537315,23.18,17.972,3.937,-2.68E-16,1868,auraL2,auraria_bronski,I,F,3,NA,empty
11/8/19,11:38:30,13,18,1,41981,42000,1.577748682,2.055515,2.528321679,15.1745,7.53872,23.18,18.07,3.9895,0.112131818,1869,auraL2,auraria_bronski,I,M,3,0.556,NA
11/8/19,11:43:30,14,19,1,42370,42389,1.608006357,2.06707,2.583288429,15.136,7.592945,23.169,18.1315,3.93,-2.68E-16,1870,auraL2,auraria_bronski,I,M,3,0.662,NA
11/8/19,11:53:30,15,21,1,42892,42911,1.813267938,3.028215,3.56931137,12.3515,7.544555,23.135,18.13,3.8985,0.250331818,1871,auraL2,auraria_bronski,I,M,3,0.59,bad flow
11/8/19,11:58:30,16,22,1,43132,43151,1.833648859,2.378115,2.946238612,15.1305,7.50359,23.11,18.22,4.1605,-6.86E-14,1872,auraL2,auraria_bronski,I,M,3,0.689,NA
11/8/19,12:08:30,1,24,1,43820,43839,2.004697739,2.66795,3.271305,14.897,7.530825,23.0825,18.41,3.9925,-2.14E-15,1857,auraL2,auraria_bronski,U,M,3,0.683,NA
11/8/19,12:13:30,2,25,1,44113,44132,1.440770491,1.714035,2.340170469,14.966,7.5892,23.08,18.37,4.0015,5.36E-16,1858,auraL2,auraria_bronski,U,M,3,0.602,NA
11/8/19,12:23:30,3,27,1,44624,44643,1.368340064,1.57836,2.225600654,14.944,7.46097,23.0525,18.29,4.034,0,1859,auraL2,auraria_bronski,U,M,3,0.683,NA
11/8/19,12:28:30,4,28,1,45009,45028,1.779930208,2.21602,2.906012756,14.886,7.56519,23.02,18.418,3.954,0,1860,auraL2,auraria_bronski,U,M,3,0.696,NA
11/8/19,12:38:30,5,30,1,45670,45689,2.375444155,3.105795,3.80467164,15.174,7.5777,23.02,18.45,4.027,1.07E-15,1861,auraL2,auraria_bronski,U,F,3,1.182,NA
11/8/19,12:43:30,6,31,1,45830,45849,1.980757473,2.46388,3.163339854,15.218,7.57996,23.02,18.45,4.1675,1.803109091,1862,auraL2,auraria_bronski,U,F,3,0.873,NA
11/8/19,12:53:30,7,33,2,46490,46509,1.740688074,2.113525,2.825066675,14.973,7.541415,22.98,18.64,4.097,1.07E-15,1863,auraL2,auraria_bronski,U,F,3,0.849,NA
11/8/19,12:58:30,8,34,2,46839,46858,2.542659569,3.396445,4.127211703,14.9695,7.58331,22.959,18.697,4.0965,5.14E-14,1864,auraL2,auraria_bronski,U,F,3,1.295,NA
11/8/19,13:08:30,9,36,2,47324,47343,0.512866866,0.07054,0.805688796,15.4645,7.51848,22.902,18.67,4.013,0,1865,auraL2,auraria_bronski,I,F,3,NA,empty
11/8/19,13:13:30,10,37,2,47670,47689,1.730809106,2.03649,2.776825441,15.141,7.60879,22.87,18.6905,4.0415,0,1866,auraL2,auraria_bronski,I,F,3,0.898,NA
11/8/19,13:23:30,11,39,2,48210,48229,1.581934586,1.787845,2.533625064,15.166,7.501185,22.85,18.6015,4.1095,0,1867,auraL2,auraria_bronski,I,F,3,1.065,NA
11/8/19,13:28:30,12,40,2,48625,48644,0.527986385,0.10477,0.86273788,14.864,7.50774,22.8285,18.4715,3.92,0,1868,auraL2,auraria_bronski,I,F,3,NA,empty
11/8/19,13:38:30,13,42,2,49160,49179,1.306537964,1.32711,2.09466565,15.149,7.5275,22.82,18.181,3.874,3.43E-14,1869,auraL2,auraria_bronski,I,M,3,0.556,NA
11/8/19,13:43:30,14,43,2,49513,49532,1.561548232,1.7263,2.509620825,15.1135,7.62288,22.84,18.2,4.0215,0.000518182,1870,auraL2,auraria_bronski,I,M,3,0.662,NA
11/8/19,13:53:30,15,45,2,50047,50066,1.490011521,2.141505,2.927006612,12.365,7.58764,22.86,18.36,3.421,0.001527273,1871,auraL2,auraria_bronski,I,M,3,0.59,bad flow
11/8/19,13:58:30,16,46,2,50390,50409,1.472653775,1.588175,2.372050936,15.08,7.562465,22.85,18.547,3.874,0.086909091,1872,auraL2,auraria_bronski,I,M,3,0.689,NA
11/12/19,10:25:18,5,7,1,37645,37664,1.865856363,3.273825,3.028363817,15.0005,7.022215,23.54,14.6195,3.234,2.14E-15,1877,CSBerk,DMel_CSBerk,I,M,3,0.546,NA
11/12/19,10:30:18,6,8,1,37878,37897,2.821653387,4.740405,4.572645672,15.0225,7.01295,23.5185,14.5695,3.1855,3.290127273,1878,CSBerk,DMel_CSBerk,I,M,3,0.711,NA
11/12/19,10:40:18,7,10,1,38418,38437,2.33689521,3.93403,3.833327906,14.8385,6.995325,23.47,14.476,3.2865,1.562513636,1879,CSBerk,DMel_CSBerk,I,M,3,0.572,NA
11/12/19,10:45:18,8,11,1,38855,38874,0.815081038,1.33782,1.340704622,14.796,6.99068,23.43,14.451,3.1235,-2.68E-16,1880,CSBerk,DMel_CSBerk,I,M,3,NA,empty
11/12/19,10:55:18,9,13,1,39320,39339,2.555744797,4.049455,4.077069268,15.2545,7.010875,23.4,14.68,3.325,2.028577273,1881,CSBerk,DMel_CSBerk,U,F,3,0.827,NA
11/12/19,11:00:18,10,14,1,39714,39733,2.719500569,4.34622,4.424847015,14.9555,7.01077,23.388,14.958,3.367,1.670240909,1882,CSBerk,DMel_CSBerk,U,F,3,0.992,NA
11/12/19,11:10:18,11,16,1,40232,40251,2.457370484,3.867875,3.980988186,15.019,7.001675,23.3515,14.914,3.121,1.605663636,1883,CSBerk,DMel_CSBerk,U,F,3,0.818,NA
11/12/19,11:15:18,12,17,1,40669,40688,2.365633731,3.720775,3.909928725,14.719,6.995595,23.31,15.03,3.125,1.159531818,1884,CSBerk,DMel_CSBerk,U,F,3,0.806,NA
11/12/19,11:25:18,13,19,1,41161,41180,2.123809928,3.237255,3.451495999,14.9675,6.987045,23.275,15.03,3.1645,0.681345455,1885,CSBerk,DMel_CSBerk,U,M,3,0.541,NA
11/12/19,11:30:18,14,20,1,41436,41455,1.375755104,1.98954,2.238643294,14.9485,6.95433,23.2715,14.94,3.352,6.86E-14,1886,CSBerk,DMel_CSBerk,U,M,3,0.543,NA
11/12/19,11:40:19,15,22,1,42048,42067,1.4561037,2.62494,2.903466011,12.1975,7.060705,23.24,14.74,3.2255,-1.07E-15,1887,CSBerk,DMel_CSBerk,U,M,3,0.58,bad flow
11/12/19,11:45:18,16,23,1,42350,42369,1.521769415,2.185105,2.48309765,14.9045,6.964875,23.218,14.67,3.179,-8.57E-15,1888,CSBerk,DMel_CSBerk,U,M,3,0.636,NA
11/12/19,11:55:19,1,25,1,43034,43053,2.596457545,3.960335,4.281713544,14.746,6.971595,23.18,14.71,3.351,2.74E-13,1873,CSBerk,DMel_CSBerk,I,F,3,0.98,NA
11/12/19,12:00:18,2,26,1,43293,43312,1.764743865,2.567495,2.904189302,14.776,6.97335,23.174,14.7255,3.2415,3.43E-14,1874,CSBerk,DMel_CSBerk,I,F,3,0.912,NA
11/12/19,12:10:19,3,28,1,43959,43978,3.002180592,4.575705,4.936262776,14.787,6.995825,23.13,14.81,3.204,0.155181818,1875,CSBerk,DMel_CSBerk,I,F,3,1.065,NA
11/12/19,12:15:19,4,29,1,44238,44257,2.834779054,4.286405,4.665821062,14.7705,7.01499,23.11,14.953,3.2095,2.74E-13,1876,CSBerk,DMel_CSBerk,I,F,3,1.072,NA
11/12/19,12:25:19,5,31,2,44833,44852,1.739761275,2.42505,2.817074692,15.014,6.9758,23.11,14.85,3.1935,1.375468182,1877,CSBerk,DMel_CSBerk,I,M,3,0.546,NA
11/12/19,12:30:19,6,32,2,45025,45044,2.200753113,3.153595,3.552870126,15.0585,6.95571,23.1,14.85,3.313,0.844654545,1878,CSBerk,DMel_CSBerk,I,M,3,0.711,NA
11/12/19,12:40:18,7,34,2,45717,45736,1.792015437,2.533055,2.943739671,14.7985,6.98574,23.09,15.06,3.164,0.308831818,1879,CSBerk,DMel_CSBerk,I,M,3,0.572,NA
11/12/19,12:45:19,8,35,2,46078,46097,0.519088144,0.434865,0.853880494,14.7775,6.992685,23.08,15.1755,3.269,5.36E-16,1880,CSBerk,DMel_CSBerk,I,M,3,NA,empty
11/12/19,12:55:19,9,37,2,46630,46649,1.576360599,2.08488,2.510076791,15.2655,6.96473,23.0675,15.16,3.234,0,1881,CSBerk,DMel_CSBerk,U,F,3,0.827,NA
11/12/19,13:00:19,10,38,2,46819,46838,1.748508255,2.420255,2.850119021,14.9125,6.94559,23.07,15.13,0.025,2.74E-13,1882,CSBerk,DMel_CSBerk,U,F,3,0.992,NA
11/12/19,13:10:19,11,40,2,47419,47438,1.537148648,2.06197,2.49264089,14.9905,7.010595,23.08,15.25,0.0255,5.48E-13,1883,CSBerk,DMel_CSBerk,U,F,3,0.818,NA
11/12/19,13:15:19,12,41,2,47786,47805,2.108235928,3.062585,3.483680391,14.7125,7.00886,23.11,15.13,0.0225,0.958868182,1884,CSBerk,DMel_CSBerk,U,F,3,0.806,NA
11/12/19,13:25:19,13,43,2,48401,48420,1.808321199,2.50947,2.934316682,14.983,6.980125,23.126,15.13,0.0185,0.411927273,1885,CSBerk,DMel_CSBerk,U,M,3,0.541,NA
11/12/19,13:30:19,14,44,2,48622,48641,1.178591928,1.485625,1.917158689,14.9455,6.94447,23.11,15.13,0.021,6.86E-14,1886,CSBerk,DMel_CSBerk,U,M,3,0.543,NA
11/13/19,10:12:25,7,9,1,36795,36814,2.570111447,4.3745,4.343580024,14.3815,8.542495,23.032,24.635,3.438,2.341740909,1895,CSBerk,DMel_CSBerk,I,M,3,0.627,NA
11/13/19,10:17:25,8,10,1,37047,37066,1.923443143,3.20203,3.247991338,14.393,8.626055,23.03,24.5825,0.031,1.527904545,1896,CSBerk,DMel_CSBerk,I,M,3,0.516,NA
11/13/19,10:27:25,9,12,1,37721,37740,2.944668519,4.6749,4.826942342,14.827,8.575185,23.03,24.7,3.3475,1.475954545,1897,CSBerk,DMel_CSBerk,I,F,3,0.984,NA
11/13/19,10:32:25,10,13,1,37945,37964,3.101734639,4.97066,5.182631156,14.5455,8.684975,23.03,24.736,3.409,0.006077273,1898,CSBerk,DMel_CSBerk,I,F,3,1.048,NA
11/13/19,10:42:25,11,15,1,38662,38681,2.973514437,4.654,4.956965213,14.579,8.57735,23.02,24.836,3.31,0.455736364,1899,CSBerk,DMel_CSBerk,I,F,3,1.124,NA
11/13/19,10:47:25,12,16,1,38913,38932,2.908511832,4.599275,4.948719648,14.283,8.66962,23,24.98,3.4795,0.044359091,1900,CSBerk,DMel_CSBerk,I,F,3,1.019,NA
11/13/19,10:57:24,13,18,1,39444,39463,2.146984916,3.207035,3.58919931,14.536,8.60843,22.98,25.31,3.4565,2.439081818,1901,CSBerk,DMel_CSBerk,U,F,3,0.846,NA
11/13/19,11:02:25,14,19,1,39839,39858,2.184435308,3.23312,3.657755791,14.5115,8.7327,22.961,25.43,3.452,1.71E-14,1902,CSBerk,DMel_CSBerk,U,F,3,0.955,NA
11/13/19,11:12:25,15,21,1,40394,40413,2.088537518,3.80029,4.255353405,11.9255,8.66681,22.95,25.75,3.468,1.028895455,1903,CSBerk,DMel_CSBerk,U,F,3,0.691,bad flow
11/13/19,11:17:26,16,22,1,40665,40684,1.923068426,2.73027,3.219204075,14.5145,8.71599,22.9395,25.7675,3.387,0.008240909,1904,CSBerk,DMel_CSBerk,U,F,3,0.913,NA
11/13/19,11:27:25,1,24,1,41394,41413,1.48500132,1.98232,2.519702162,14.318,8.697435,22.9055,26.128,3.5525,2.74E-13,1889,CSBerk,DMel_CSBerk,U,M,3,0.644,NA
11/13/19,11:32:25,2,25,1,41545,41564,1.700255022,2.317525,2.870986623,14.387,8.75631,22.9,26.1,3.543,0.200090909,1890,CSBerk,DMel_CSBerk,U,M,3,0.584,NA
11/13/19,11:42:25,3,27,1,42202,42221,2.276699372,3.274285,3.852459411,14.358,8.68129,22.92,26.08,3.5995,0.749109091,1891,CSBerk,DMel_CSBerk,U,M,3,0.638,NA
11/13/19,11:47:25,4,28,1,42445,42464,1.345219745,1.69342,2.280415134,14.332,8.781035,22.92,26.18,3.457,5.36E-16,1892,CSBerk,DMel_CSBerk,U,M,3,0.613,NA
11/13/19,11:57:24,5,30,1,43107,43126,1.314815183,1.59935,2.190608597,14.5835,8.706305,22.94,26.3385,3.3205,-1.37E-13,1893,CSBerk,DMel_CSBerk,I,M,3,0.679,NA
11/13/19,12:02:24,6,31,1,43356,43375,1.321179197,1.60466,2.193499585,14.6345,8.817635,22.94,26.42,0.068,0,1894,CSBerk,DMel_CSBerk,I,M,3,0.602,NA
11/13/19,12:12:24,7,33,2,43964,43983,1.386300993,1.752445,2.345375339,14.3625,8.684475,22.96,26.34,0.056,5.48E-13,1895,CSBerk,DMel_CSBerk,I,M,3,0.627,NA
11/13/19,12:17:25,8,34,2,44290,44309,1.166468189,1.3692,1.974494093,14.356,8.861995,22.98,26.22,0.049,0,1896,CSBerk,DMel_CSBerk,I,M,3,0.516,NA
11/13/19,12:27:25,9,36,2,44900,44919,2.330984433,3.19848,3.815678159,14.846,8.751715,23,26.28,0.048,1.129404545,1897,CSBerk,DMel_CSBerk,I,F,3,0.984,NA
11/13/19,12:32:25,10,37,2,45300,45319,2.623452462,3.75193,4.384812874,14.54,8.968315,23,26.193,0.0565,0.963868182,1898,CSBerk,DMel_CSBerk,I,F,3,1.048,NA
11/13/19,12:42:25,11,39,2,45788,45807,2.310997556,3.20826,3.850157415,14.587,8.77153,23,26.12,0.1825,0.74195,1899,CSBerk,DMel_CSBerk,I,F,3,1.124,NA
11/13/19,12:47:25,12,40,2,46071,46090,1.856085912,2.494285,3.150038701,14.3195,8.906455,23,26.077,0.097,2.74E-13,1900,CSBerk,DMel_CSBerk,I,F,3,1.019,NA
11/13/19,12:57:25,13,42,2,46719,46738,1.405899533,1.67797,2.344238217,14.573,8.769495,22.969,26.26,3.571,4.11E-13,1901,CSBerk,DMel_CSBerk,U,F,3,0.846,NA
11/13/19,13:02:25,14,43,2,46979,46998,1.849909476,2.409085,3.079810202,14.5955,8.927505,22.96,26.4365,3.8695,0.559363636,1902,CSBerk,DMel_CSBerk,U,F,3,0.955,NA
11/13/19,13:12:25,15,45,2,47684,47703,1.462213669,2.29966,2.985723984,11.899,8.85959,22.9365,26.74,0.085,0,1903,CSBerk,DMel_CSBerk,U,F,3,0.691,bad flow
11/13/19,13:17:25,16,46,2,47952,47971,1.703341278,2.15756,2.856615752,14.487,8.941315,22.92,26.74,0.0915,-6.86E-14,1904,CSBerk,DMel_CSBerk,U,F,3,0.913,NA
11/14/19,10:29:15,7,9,1,37915,37934,1.797669637,4.507625,2.926617267,14.93,24.94172,23.05,24.18,3.555,-1.37E-13,1911,CSBerk,DMel_CSBerk,U,M,4,0.596,NA
11/14/19,10:34:15,8,10,1,38133,38152,1.967930345,4.721345,3.203807754,14.9305,24.944815,23.0575,24.14,3.6835,0.141118182,1912,CSBerk,DMel_CSBerk,U,M,4,0.629,NA
11/14/19,10:44:15,9,12,1,38686,38705,2.732787385,5.76368,4.308026848,15.4185,24.9432,23.05,24.2525,3.717,1.494740909,1913,CSBerk,DMel_CSBerk,U,F,4,0.936,NA
11/14/19,10:49:15,10,13,1,39098,39117,2.604443756,5.559545,4.19436232,15.092,24.9411,23.035,24.323,3.6525,0.055418182,1914,CSBerk,DMel_CSBerk,U,F,4,0.849,NA
11/14/19,10:59:15,11,15,1,39705,39724,1.928588252,4.408195,3.097222485,15.132,24.94569,22.99,24.33,3.563,-8.57E-15,1915,CSBerk,DMel_CSBerk,U,F,4,0.928,NA
11/14/19,11:04:15,12,16,1,40015,40034,2.835133672,5.905625,4.648324154,14.821,24.943,22.971,24.3695,3.673,0.941568182,1916,CSBerk,DMel_CSBerk,U,F,4,0.819,NA
11/14/19,11:14:15,13,18,1,40552,40571,2.399773142,5.099265,3.866358818,15.082,24.9427,22.96,24.17,3.5685,0.200468182,1917,CSBerk,DMel_CSBerk,I,F,4,0.911,NA
11/14/19,11:19:15,14,19,1,40786,40805,2.821014468,5.75301,4.543607013,15.0865,24.94298,22.958,24.17,3.5535,0,1918,CSBerk,DMel_CSBerk,I,F,4,1.1,NA
11/14/19,11:29:15,15,21,1,41513,41532,1.98644063,5.089285,3.917266234,12.321,24.94567,22.9375,24.2,3.5745,0.140877273,1919,CSBerk,DMel_CSBerk,I,F,4,0.883,bad flow
11/14/19,11:34:15,16,22,1,41743,41762,2.453401191,5.115265,3.962024747,15.0455,24.94451,22.94,24.17,0.1055,0.449540909,1920,CSBerk,DMel_CSBerk,I,F,4,1.012,NA
11/14/19,11:44:15,1,24,1,42410,42429,1.56306394,3.68289,2.558572277,14.8455,24.940195,22.979,24.0465,0.226,0,1905,CSBerk,DMel_CSBerk,I,M,4,0.628,NA
11/14/19,11:49:15,2,25,1,42715,42734,2.285254951,4.816375,3.715930259,14.945,24.940375,22.99,24.01,0.4165,0.240104545,1906,CSBerk,DMel_CSBerk,I,M,4,0.719,NA
11/14/19,11:59:15,3,27,1,43315,43334,1.752825252,3.94081,2.8604961,14.8915,24.939265,23,24.148,0.22,3.43E-14,1907,CSBerk,DMel_CSBerk,I,M,4,0.66,NA
11/14/19,12:04:15,4,28,1,43462,43481,1.404314916,3.36872,2.298250406,14.8495,24.94445,23,24.2195,0.2085,2.74E-13,1908,CSBerk,DMel_CSBerk,I,M,4,0.649,NA
11/14/19,12:14:15,5,30,1,44164,44183,1.27442432,3.092795,2.050259936,15.1075,24.94156,23.03,24.02,0.1305,-4.28E-15,1909,CSBerk,DMel_CSBerk,U,M,4,0.573,NA
11/14/19,12:19:15,6,31,1,44486,44505,1.339842744,3.168975,2.14946222,15.151,24.939685,23.05,24.02,0.123,0,1910,CSBerk,DMel_CSBerk,U,M,4,0.625,NA
11/14/19,12:29:15,7,33,2,45054,45073,1.344615018,3.208355,2.193667827,14.8995,24.944265,23.07,24.02,0.109,0.058786364,1911,CSBerk,DMel_CSBerk,U,M,4,0.596,NA
11/14/19,12:34:15,8,34,2,45274,45293,1.328893371,3.181465,2.168773658,14.895,24.941395,23.08,24.02,0.118,2.06E-13,1912,CSBerk,DMel_CSBerk,U,M,4,0.629,NA
11/14/19,12:44:15,9,36,2,45883,45902,2.055146253,4.249865,3.241332973,15.4145,24.942775,23.11,24.057,0.154,0.575190909,1913,CSBerk,DMel_CSBerk,U,F,4,0.936,NA
11/14/19,12:49:15,10,37,2,46174,46193,2.153391864,4.47641,3.473040192,15.074,24.941695,23.115,23.98,0.21,0.972754545,1914,CSBerk,DMel_CSBerk,U,F,4,0.849,NA
11/14/19,12:59:15,11,39,2,46915,46934,1.89806174,4.04605,3.049113078,15.136,24.94246,23.15,23.91,0.1655,0.723436364,1915,CSBerk,DMel_CSBerk,U,F,4,0.928,NA
11/14/19,13:04:15,12,40,2,47121,47140,2.209214176,4.619775,3.625515778,14.817,24.94323,23.17,23.9425,0.254,2.27E-05,1916,CSBerk,DMel_CSBerk,U,F,4,0.819,NA
11/14/19,13:14:15,13,42,2,47701,47720,1.614547007,3.59066,2.598156819,15.111,24.94322,23.18,23.881,0.2205,1.37E-13,1917,CSBerk,DMel_CSBerk,I,F,4,0.911,NA
11/14/19,13:19:15,14,43,2,48115,48134,2.069728238,4.324945,3.33341063,15.0975,24.942945,23.1615,23.8725,0.4485,1.71E-14,1918,CSBerk,DMel_CSBerk,I,F,4,1.1,NA
11/14/19,13:29:15,15,45,2,48555,48574,1.677100204,4.29189,3.302596283,12.3475,24.940955,23.1535,23.912,0.411,6.86E-14,1919,CSBerk,DMel_CSBerk,I,F,4,0.883,bad flow
11/14/19,13:34:15,16,46,2,49008,49027,2.176240246,4.500905,3.519371477,15.033,24.941345,23.11,24.11,0.4325,1.256727273,1920,CSBerk,DMel_CSBerk,I,F,4,1.012,NA
11/15/19,10:36:53,7,9,1,38213,38232,1.680110061,4.350385,2.744054543,14.8775,24.939755,22.96,23.1,3.5895,-5.36E-16,1927,CSBerk,DMel_CSBerk,I,M,5,0.588,NA
11/15/19,10:41:53,8,10,1,38663,38682,2.100853274,4.90614,3.424426631,14.905,24.940855,22.9185,23.3,3.7245,0.773468182,1928,CSBerk,DMel_CSBerk,I,M,5,0.708,NA
11/15/19,10:51:53,9,12,1,39258,39277,2.560632803,5.471505,4.050258058,15.357,24.9454,22.8615,23.53,0.111,0.595354545,1929,CSBerk,DMel_CSBerk,U,F,5,0.885,NA
11/15/19,10:56:53,10,13,1,39556,39575,2.656960495,5.6602,4.298733651,15.014,24.942345,22.87,23.46,3.228,2.120804545,1930,CSBerk,DMel_CSBerk,U,F,5,0.975,NA
11/15/19,11:06:53,11,15,1,40122,40141,1.469475158,3.686815,2.367780924,15.0765,24.941065,22.888,23.0495,3.7985,0,1931,CSBerk,DMel_CSBerk,U,F,5,0.469,NA
11/15/19,11:11:53,12,16,1,40385,40404,2.516385221,5.421895,4.143789913,14.7525,24.944275,22.89,22.969,3.8715,2.085527273,1932,CSBerk,DMel_CSBerk,U,F,5,0.83,NA
11/15/19,11:21:53,13,18,1,41073,41092,2.110662917,4.621295,3.405550029,15.0565,24.94295,22.9,23.0285,3.221,0.498359091,1933,CSBerk,DMel_CSBerk,U,M,5,0.62,NA
11/15/19,11:26:53,14,19,1,41295,41314,1.461479656,3.538415,2.358854742,15.051,24.938925,22.885,23.06,3.458,-1.07E-15,1934,CSBerk,DMel_CSBerk,U,M,5,0.608,NA
11/15/19,11:36:53,15,21,1,41854,41873,1.44206215,3.99132,2.839761177,12.335,24.943675,22.86,23.4845,3.6085,-1.07E-15,1935,CSBerk,DMel_CSBerk,U,M,5,0.624,bad flow
11/15/19,11:41:53,16,22,1,42273,42292,1.416669084,3.413005,2.295210557,14.994,24.942215,22.88,23.38,3.6205,0,1936,CSBerk,DMel_CSBerk,U,M,5,0.601,NA
11/15/19,11:51:53,1,24,1,42788,42807,2.089270187,4.53917,3.429963159,14.7995,24.93877,22.93,23.3585,3.644,0.741745455,1921,CSBerk,DMel_CSBerk,I,F,5,0.833,NA
11/15/19,11:56:53,2,25,1,43062,43081,2.042051753,4.43067,3.331943572,14.891,24.944355,22.94,23.3245,3.778,-6.69E-17,1922,CSBerk,DMel_CSBerk,I,F,5,1.107,NA
11/15/19,12:06:53,3,27,1,43670,43689,2.707880431,5.520015,4.440279973,14.818,24.941955,22.95,23.3,3.7075,0.383004545,1923,CSBerk,DMel_CSBerk,I,F,5,1.173,NA
11/15/19,12:11:53,4,28,1,43941,43960,2.290053313,4.821725,3.762888672,14.788,24.93993,22.96,23.26,3.7675,0.901068182,1924,CSBerk,DMel_CSBerk,I,F,5,0.963,NA
11/15/19,12:21:53,5,30,1,44546,44565,1.234396275,3.02753,1.986745862,15.0975,24.937945,22.96,23.34,3.4465,-1.34E-16,1925,CSBerk,DMel_CSBerk,I,M,5,0.566,NA
11/15/19,12:26:53,6,31,1,44928,44947,1.482790391,3.40789,2.383890683,15.114,24.942855,22.96,23.34,3.5665,0.140077273,1926,CSBerk,DMel_CSBerk,I,M,5,0.747,NA
11/15/19,12:36:53,7,33,2,45418,45437,1.290634273,3.126315,2.105604256,14.893,24.94091,22.94,23.34,3.5515,0,1927,CSBerk,DMel_CSBerk,I,M,5,0.588,NA
11/15/19,12:41:53,8,34,2,45717,45736,1.354809384,3.2358,2.217076396,14.847,24.941595,22.93,23.38,3.5195,-6.86E-14,1928,CSBerk,DMel_CSBerk,I,M,5,0.708,NA
11/15/19,12:51:53,9,36,2,46402,46421,2.090612877,4.311685,3.303629149,15.3745,24.942675,22.91,23.53,3.579,0.009290909,1929,CSBerk,DMel_CSBerk,U,F,5,0.885,NA
11/15/19,12:56:53,10,37,2,46728,46747,2.315220136,4.739625,3.745844292,15.016,24.94234,22.91,23.61,3.5415,0.725681818,1930,CSBerk,DMel_CSBerk,U,F,5,0.975,NA
11/15/19,13:06:53,11,39,2,47213,47232,1.421619974,3.279265,2.289440121,15.085,24.942145,22.9,23.5,3.681,0.196268182,1931,CSBerk,DMel_CSBerk,U,F,5,0.469,NA
11/15/19,13:11:53,12,40,2,47609,47628,2.104368965,4.437225,3.452199033,14.808,24.942155,22.88,23.53,3.5885,0,1932,CSBerk,DMel_CSBerk,U,F,5,0.83,NA
11/15/19,13:21:53,13,42,2,48113,48132,1.365182409,3.186725,2.201523518,15.064,24.94202,22.88,23.66,3.493,0,1933,CSBerk,DMel_CSBerk,U,M,5,0.62,NA
11/15/19,13:26:53,14,43,2,48418,48437,1.227333131,2.96797,1.980257338,15.057,24.94128,22.9,23.66,3.6475,4.28E-15,1934,CSBerk,DMel_CSBerk,U,M,5,0.608,NA
11/15/19,13:36:53,15,45,2,49013,49032,1.276524253,3.50357,2.518996027,12.3115,24.94166,22.91,23.61,3.6865,0,1935,CSBerk,DMel_CSBerk,U,M,5,0.624,bad flow
11/15/19,13:41:53,16,46,2,49473,49492,1.220118969,2.94715,1.978535999,14.9815,24.941235,22.9,23.77,3.4605,0.008240909,1936,CSBerk,DMel_CSBerk,U,M,5,0.601,NA
11/15/19,13:51:53,1,48,2,49961,49980,1.955787929,4.18013,3.206193808,14.82,24.940635,22.91,23.7565,3.643,0.087890909,1921,CSBerk,DMel_CSBerk,I,F,5,0.833,NA
11/15/19,13:56:53,2,49,2,50213,50232,1.749261514,3.83417,2.852209845,14.8995,24.942225,22.901,23.69,3.6335,-2.68E-16,1922,CSBerk,DMel_CSBerk,I,F,5,1.107,NA
11/18/19,10:47:53,5,7,1,39033,39052,1.938609925,5.428175,3.467832717,13.578,24.941665,22.84,32.589,4,0,1941,CSBerk,DMel_CSBerk,U,M,3,0.481,NA
11/18/19,10:52:53,6,8,1,39333,39352,1.921880836,5.31268,3.437484831,13.58,24.941185,22.84,32.7035,4.014,6.86E-14,1942,CSBerk,DMel_CSBerk,U,M,3,0.583,NA
11/18/19,11:02:53,7,10,1,39933,39952,1.569325663,4.65595,2.856218528,13.344,24.944915,22.81,32.844,4.0705,8.57E-15,1943,CSBerk,DMel_CSBerk,U,M,3,0.564,NA
11/18/19,11:07:53,8,11,1,40128,40147,1.909800152,5.224035,3.473317819,13.353,24.9405,22.79,32.96,4.132,3.43E-14,1944,CSBerk,DMel_CSBerk,U,M,3,0.59,NA
11/18/19,11:17:53,9,13,1,40776,40795,2.762991767,6.559785,4.86488973,13.7895,24.9419,22.7245,32.69,3.8715,0.240518182,1945,CSBerk,DMel_CSBerk,I,F,3,1.035,NA
11/18/19,11:22:53,10,14,1,41024,41043,2.346904417,5.87788,4.211829236,13.5285,24.94076,22.71,32.651,3.818,2.358563636,1946,CSBerk,DMel_CSBerk,I,F,3,0.944,NA
11/18/19,11:32:53,11,16,1,41627,41646,2.647382137,6.347865,4.722107227,13.6085,24.938985,22.65,33.014,4.194,0.150268182,1947,CSBerk,DMel_CSBerk,I,F,3,1.057,NA
11/18/19,11:37:53,12,17,1,41895,41914,1.930832729,5.10911,3.522070464,13.306,24.939795,22.63,33.1,4.0655,0.058413636,1948,CSBerk,DMel_CSBerk,I,F,3,0.81,NA
11/18/19,11:47:53,13,19,1,42473,42492,1.408038186,4.073185,2.519940063,13.5615,24.939405,22.62,33.22,3.8485,0.111977273,1949,CSBerk,DMel_CSBerk,I,M,3,0.664,NA
11/18/19,11:52:53,14,20,1,42796,42815,1.357059614,3.95603,2.433925559,13.5315,24.93781,22.6,33.3225,3.742,0.000140909,1950,CSBerk,DMel_CSBerk,I,M,3,0.491,NA
11/18/19,12:02:53,15,22,1,43529,43548,1.997765582,5.77523,4.300811407,11.2715,24.94463,22.5505,33.472,3.8665,0.3315,1951,CSBerk,DMel_CSBerk,I,M,3,0.689,bad flow
11/18/19,12:07:53,16,23,1,43833,43852,1.341715336,3.84619,2.407507916,13.5225,24.938685,22.5385,33.57,3.615,-1.71E-14,1952,CSBerk,DMel_CSBerk,I,M,3,0.626,NA
11/18/19,12:17:53,1,25,1,44431,44450,2.304602608,5.612505,4.191436662,13.3395,24.939615,22.5,33.38,3.77,-6.86E-14,1937,CSBerk,DMel_CSBerk,U,F,3,0.913,NA
11/18/19,12:22:53,2,26,1,44677,44696,1.475256038,4.080825,2.673872338,13.385,24.941085,22.487,33.3555,3.612,-6.86E-14,1938,CSBerk,DMel_CSBerk,U,F,3,0.606,NA
11/18/19,12:32:53,3,28,1,45173,45192,1.623388496,4.34457,2.946831608,13.3635,24.942995,22.46,33.32,3.5485,-2.68E-16,1939,CSBerk,DMel_CSBerk,U,F,3,0.752,NA
11/18/19,12:37:53,4,29,1,45481,45500,1.791805558,4.63851,3.253747632,13.3585,24.9421,22.46,33.28,3.736,0.815577273,1940,CSBerk,DMel_CSBerk,U,F,3,0.843,NA
11/18/19,12:47:53,5,31,2,46128,46147,1.266823183,3.629155,2.258031666,13.608,24.939445,22.43,33.25,3.723,5.14E-14,1941,CSBerk,DMel_CSBerk,U,M,3,0.481,NA
11/18/19,12:52:53,6,32,2,46375,46394,1.221639192,3.54928,2.18730711,13.5465,24.94188,22.42,33.28,3.8015,-6.86E-14,1942,CSBerk,DMel_CSBerk,U,M,3,0.583,NA
11/18/19,13:02:53,7,34,2,47133,47152,1.286855198,3.665465,2.326485671,13.415,24.942605,22.4,33.46,3.7165,1.472368182,1943,CSBerk,DMel_CSBerk,U,M,3,0.564,NA
11/18/19,13:07:53,8,35,2,47367,47386,1.361298828,3.795705,2.47029549,13.3645,24.94011,22.39,33.36,3.7455,3.43E-14,1944,CSBerk,DMel_CSBerk,U,M,3,0.59,NA
11/18/19,13:17:53,9,37,2,47981,48000,1.928660544,4.696495,3.384029664,13.821,24.94081,22.37,32.9005,3.6315,0.029427273,1945,CSBerk,DMel_CSBerk,I,F,3,1.035,NA
11/18/19,13:22:53,10,38,2,48281,48300,1.88949971,4.67911,3.377464721,13.566,24.942605,22.3545,32.73,3.5605,0.629131818,1946,CSBerk,DMel_CSBerk,I,F,3,0.944,NA
11/18/19,13:32:53,11,40,2,48816,48835,2.291108844,5.372695,4.073084391,13.6395,24.94188,22.34,33.01,3.6595,0.769054545,1947,CSBerk,DMel_CSBerk,I,F,3,1.057,NA
11/18/19,13:37:53,12,41,2,49100,49119,1.459306655,3.952075,2.652162377,13.3415,24.938715,22.33,33.06,3.605,-6.86E-14,1948,CSBerk,DMel_CSBerk,I,F,3,0.81,NA
11/18/19,13:47:53,13,43,2,49674,49693,1.172349134,3.40106,2.099807918,13.537,24.941365,22.32,33.12,0.0555,8.57E-15,1949,CSBerk,DMel_CSBerk,I,M,3,0.664,NA
11/18/19,13:52:53,14,44,2,49973,49992,1.145234189,3.35414,2.050166168,13.544,24.942465,22.32,33.09,0.0395,0.093090909,1950,CSBerk,DMel_CSBerk,I,M,3,0.491,NA
11/18/19,14:02:53,15,46,2,50573,50592,1.261062248,4.012105,2.706868039,11.296,24.93967,22.3285,33.305,0.0425,2.06E-13,1951,CSBerk,DMel_CSBerk,I,M,3,0.689,bad flow
11/18/19,14:07:53,16,47,2,51009,51028,1.340327216,3.717455,2.413160075,13.4675,24.942655,22.33,33.3975,0.038,0.671286364,1952,CSBerk,DMel_CSBerk,I,M,3,0.626,NA
11/18/19,14:17:53,1,49,2,51505,51524,1.575607943,4.15826,2.853379157,13.389,24.939345,22.33,33.48,0.034,1.496286364,1937,CSBerk,DMel_CSBerk,U,F,3,0.913,NA
11/18/19,14:22:53,2,50,2,51915,51934,1.322041169,3.69843,2.391877932,13.4015,24.94035,22.32,33.58,0.039,0,1938,CSBerk,DMel_CSBerk,U,F,3,0.606,NA
11/19/19,11:22:39,7,9,1,41004,41023,2.040717381,5.48558,3.700937199,13.389,24.941815,22.75,32.37,3.4845,0.918618182,1959,CSBerk,DMel_CSBerk,U,M,4,0.599,NA
11/19/19,11:27:39,8,10,1,41388,41407,1.655079222,4.706535,3.011081496,13.346,24.942975,22.735,32.1625,3.5735,0,1960,CSBerk,DMel_CSBerk,U,M,4,0.463,NA
11/19/19,11:37:39,9,12,1,41860,41879,2.128187167,5.40246,3.742468095,13.808,24.943355,22.75,31.9555,3.4775,-1.34E-16,1961,CSBerk,DMel_CSBerk,U,F,4,0.793,NA
11/19/19,11:42:39,10,13,1,42319,42338,2.73743523,6.48052,4.912169525,13.5315,24.940325,22.75,31.86,3.509,0.607059091,1962,CSBerk,DMel_CSBerk,U,F,4,0.922,NA
11/19/19,11:52:39,11,15,1,42862,42881,2.520293548,6.048605,4.515340272,13.5535,24.940515,22.76,31.86,3.5455,0.112936364,1963,CSBerk,DMel_CSBerk,U,F,4,0.914,NA
11/19/19,11:57:39,12,16,1,43201,43220,2.21722204,5.54057,4.055697017,13.275,24.939995,22.76,31.86,3.6665,2.14E-15,1964,CSBerk,DMel_CSBerk,U,F,4,1.053,NA
11/19/19,12:07:39,13,18,1,43819,43838,1.917166738,4.88087,3.431976931,13.563,24.941,22.725,31.543,3.834,0.924672727,1965,CSBerk,DMel_CSBerk,I,M,4,0.67,NA
11/19/19,12:12:39,14,19,1,44069,44088,1.913150709,4.85273,3.4315177,13.536,24.941095,22.7185,31.268,3.689,0.1064,1966,CSBerk,DMel_CSBerk,I,M,4,0.698,NA
11/19/19,12:22:39,15,21,1,44559,44578,1.905591083,5.511005,4.111843318,11.2515,24.93919,22.71,30.87,3.585,0.045940909,1967,CSBerk,DMel_CSBerk,I,M,4,0.66,bad flow
11/19/19,12:27:39,16,22,1,44859,44878,2.003079245,4.967275,3.603934002,13.4935,24.94286,22.7175,30.94,3.5015,1.435295455,1968,CSBerk,DMel_CSBerk,I,M,4,0.613,NA
11/19/19,12:37:39,1,24,1,45619,45638,1.943387456,4.85493,3.536298032,13.342,24.93945,22.704,30.55,0.0375,0.019236364,1953,CSBerk,DMel_CSBerk,I,F,4,0.957,NA
11/19/19,12:42:39,2,25,1,45783,45802,1.900269442,4.74697,3.442200335,13.4025,24.939605,22.7,30.5655,0.044,0,1954,CSBerk,DMel_CSBerk,I,F,4,0.978,NA
11/19/19,12:52:39,3,27,1,46495,46514,2.360916612,5.59357,4.310626997,13.299,24.939895,22.75,30.8205,0.028,-3.43E-14,1955,CSBerk,DMel_CSBerk,I,F,4,1.123,NA
11/19/19,12:57:39,4,28,1,46697,46716,2.231103809,5.3366,4.060906245,13.3415,24.94175,22.77,30.83,0.0275,1.118627273,1956,CSBerk,DMel_CSBerk,I,F,4,0.984,NA
11/19/19,13:07:39,5,30,1,47259,47278,1.088481225,3.21299,1.944238229,13.5955,24.94203,22.78,30.71,0.027,0.714895455,1957,CSBerk,DMel_CSBerk,U,M,4,0.339,NA
11/19/19,13:12:39,6,31,1,47719,47738,1.171641831,3.354625,2.093768874,13.5885,24.94197,22.78,30.706,0.031,-1.71E-14,1958,CSBerk,DMel_CSBerk,U,M,4,0.551,NA
11/19/19,13:22:39,7,33,2,48185,48204,1.215625815,3.45665,2.205544855,13.3855,24.94065,22.8,30.6005,0.044,0,1959,CSBerk,DMel_CSBerk,U,M,4,0.599,NA
11/19/19,13:27:39,8,34,2,48459,48478,1.130322287,3.288825,2.054614323,13.3605,24.942535,22.8,30.59,0.068,4.28E-15,1960,CSBerk,DMel_CSBerk,U,M,4,0.463,NA
11/19/19,13:37:39,9,36,2,49115,49134,1.761080299,4.323375,3.102803226,13.7835,24.941105,22.79,30.6555,0.1035,0.37435,1961,CSBerk,DMel_CSBerk,U,F,4,0.793,NA
11/19/19,13:42:39,10,37,2,49385,49404,2.2278043,5.221755,4.005823098,13.506,24.941185,22.79,30.67,0.419,0.27235,1962,CSBerk,DMel_CSBerk,U,F,4,0.922,NA
11/19/19,13:52:39,11,39,2,50084,50103,2.030782526,4.84572,3.639004701,13.554,24.938905,22.82,30.8715,0.2165,0.085386364,1963,CSBerk,DMel_CSBerk,U,F,4,0.914,NA
11/19/19,13:57:39,12,40,2,50290,50309,2.294375838,5.39118,4.189928839,13.3,24.941855,22.8245,30.899,0.04,0.226613636,1964,CSBerk,DMel_CSBerk,U,F,4,1.053,NA
11/19/19,14:07:39,13,42,2,50948,50967,1.332100038,3.575705,2.389560592,13.538,24.94346,22.79,31.1,3.6445,1.37E-13,1965,CSBerk,DMel_CSBerk,I,M,4,0.67,NA
11/19/19,14:12:39,14,43,2,51283,51302,1.650910735,4.12316,2.954544523,13.568,24.940605,22.7565,31.06,3.754,6.86E-14,1966,CSBerk,DMel_CSBerk,I,M,4,0.698,NA
11/19/19,14:22:39,15,45,2,51759,51778,1.324122725,4.018565,2.847898848,11.288,24.94152,22.7085,31.03,4.0895,2.74E-13,1967,CSBerk,DMel_CSBerk,I,M,4,0.66,bad flow
11/19/19,14:27:39,16,46,2,52213,52232,1.251959561,3.437065,2.250863038,13.503,24.939935,22.69,30.83,3.787,1.37E-13,1968,CSBerk,DMel_CSBerk,I,M,4,0.613,NA
11/19/19,14:37:39,1,48,2,52774,52793,1.730422093,4.333605,3.152454083,13.3255,24.939585,22.68,30.95,3.63,0.4081,1953,CSBerk,DMel_CSBerk,I,F,4,0.957,NA
11/19/19,14:42:39,2,49,2,53119,53138,1.672442692,4.19194,3.018664752,13.4485,24.938065,22.66,30.91,3.6835,1.37E-13,1954,CSBerk,DMel_CSBerk,I,F,4,0.978,NA
11/20/19,10:28:45,7,9,1,37765,37784,2.463989857,6.06301,4.477253206,13.3735,24.941535,22.98,19.39,3.885,1.866931818,1975,CSBerk,DMel_CSBerk,I,M,3,0.648,NA
11/20/19,10:33:45,8,10,1,38078,38097,1.997277199,5.15471,3.643301844,13.321,24.9397,22.9655,19.595,0.212,-8.57E-15,1976,CSBerk,DMel_CSBerk,I,M,3,0.66,NA
11/20/19,10:43:45,9,12,1,38741,38760,1.881401142,4.77093,3.33654752,13.7035,24.94145,23,19.4335,0.227,0.380409091,1977,CSBerk,DMel_CSBerk,U,M,3,0.513,NA
11/20/19,10:48:45,10,13,1,39085,39104,1.688211561,4.40671,3.041481721,13.49,24.94408,23.02,19.1295,3.8635,0,1978,CSBerk,DMel_CSBerk,U,M,3,0.46,NA
11/20/19,10:58:45,11,15,1,39588,39607,1.472038213,3.97575,2.641231918,13.544,24.940465,22.9945,18.8,3.5685,-1.71E-14,1979,CSBerk,DMel_CSBerk,U,M,3,0.537,NA
11/20/19,11:03:45,12,16,1,39937,39956,1.591000456,4.20349,2.921186697,13.235,24.94067,22.98,18.7325,4.145,3.43E-14,1980,CSBerk,DMel_CSBerk,U,M,3,0.692,NA
11/20/19,11:13:44,13,18,1,40560,40579,2.293582729,5.371195,4.131053313,13.49,24.940775,22.94,18.3175,4.108,0.349095455,1981,CSBerk,DMel_CSBerk,I,F,3,0.87,NA
11/20/19,11:18:45,14,19,1,40840,40859,2.685644717,6.05172,4.846969991,13.462,24.93989,22.9255,18.241,4.0275,0.111731818,1982,CSBerk,DMel_CSBerk,I,F,3,1.037,NA
11/20/19,11:28:45,15,21,1,41485,41504,2.297000255,6.166865,4.984388209,11.1955,24.94031,22.9,18.151,4.136,0.000977273,1983,CSBerk,DMel_CSBerk,I,F,3,0.995,bad flow
11/20/19,11:33:45,16,22,1,41785,41804,2.091069135,4.952175,3.785640675,13.418,24.94054,22.873,18.029,4.1305,1.37E-13,1984,CSBerk,DMel_CSBerk,I,F,3,0.889,NA
11/20/19,11:43:45,1,24,1,42238,42257,1.329017667,3.57872,2.43086425,13.28,24.94233,22.8525,17.92,4.1735,1.71E-14,1969,CSBerk,DMel_CSBerk,U,F,3,0.618,NA
11/20/19,11:48:44,2,25,1,42533,42552,1.641407535,4.09951,2.989277058,13.3375,24.940095,22.85,18.04,4.197,-4.28E-15,1970,CSBerk,DMel_CSBerk,U,F,3,0.848,NA
11/20/19,11:58:44,3,27,1,43187,43206,1.829560346,4.418725,3.336332654,13.319,24.943795,22.83,18.236,4.26,0.152918182,1971,CSBerk,DMel_CSBerk,U,F,3,0.815,NA
11/20/19,12:03:45,4,28,1,43571,43590,1.323939297,3.486805,2.419116837,13.2925,24.941855,22.83,18.071,4.14,1.61E-15,1972,CSBerk,DMel_CSBerk,U,F,3,0.708,NA
11/20/19,12:13:44,5,30,1,44185,44204,1.717360068,4.136005,3.08336874,13.5265,24.939965,22.8,18.19,4.2295,0.200340909,1973,CSBerk,DMel_CSBerk,I,M,3,0.667,NA
11/20/19,12:18:45,6,31,1,44445,44464,1.22718038,3.24625,2.206314208,13.508,24.93926,22.8,18.108,4.1995,6.86E-14,1974,CSBerk,DMel_CSBerk,I,M,3,0.545,NA
11/20/19,12:28:45,7,33,2,44925,44944,1.555071004,3.86362,2.831472565,13.3375,24.940355,22.79,18.06,4.25,-2.74E-13,1975,CSBerk,DMel_CSBerk,I,M,3,0.648,NA
11/20/19,12:33:44,8,34,2,45268,45287,1.329896332,3.44682,2.429026204,13.2955,24.944305,22.78,18.26,0.3855,8.57E-15,1976,CSBerk,DMel_CSBerk,I,M,3,0.66,NA
11/20/19,12:43:45,9,36,2,45866,45885,1.185312867,3.109275,2.100630181,13.705,24.940985,22.8325,18.2345,0.434,0,1977,CSBerk,DMel_CSBerk,U,M,3,0.513,NA
11/20/19,12:48:44,10,37,2,46124,46143,1.229527572,3.210295,2.207547312,13.529,24.942615,22.86,18.2,0.4605,0.112118182,1978,CSBerk,DMel_CSBerk,U,M,3,0.46,NA
11/20/19,12:58:44,11,39,2,46743,46762,1.646625357,3.9584,2.962436918,13.5045,24.9412,22.921,17.64,0.545,1.446995455,1979,CSBerk,DMel_CSBerk,U,M,3,0.537,NA
11/20/19,13:03:44,12,40,2,47142,47161,1.279408303,3.33868,2.35053659,13.225,24.942725,22.9375,17.57,4.487,-6.86E-14,1980,CSBerk,DMel_CSBerk,U,M,3,0.692,NA
11/20/19,13:13:44,13,42,2,47773,47792,2.077611775,4.727675,3.746343259,13.475,24.941155,22.95,17.28,4.379,2.27E-05,1981,CSBerk,DMel_CSBerk,I,F,3,0.87,NA
11/20/19,13:18:44,14,43,2,48045,48064,2.514017228,5.508415,4.532750199,13.4765,24.93837,22.95,17.28,4.2595,3.43E-14,1982,CSBerk,DMel_CSBerk,I,F,3,1.037,NA
11/20/19,13:28:44,15,45,2,48524,48543,1.746826756,4.752095,3.77951325,11.23,24.939645,22.95,17.1705,4.143,-3.43E-14,1983,CSBerk,DMel_CSBerk,I,F,3,0.995,bad flow
11/20/19,13:33:44,16,46,2,48838,48857,1.504396383,3.68663,2.719073668,13.443,24.94054,22.94,17.132,4.199,2.74E-13,1984,CSBerk,DMel_CSBerk,I,F,3,0.889,NA
11/20/19,13:43:44,1,48,2,49424,49443,1.172536085,3.114645,2.145751242,13.277,24.940995,22.94,17.01,4.277,0,1969,CSBerk,DMel_CSBerk,U,F,3,0.618,NA
11/20/19,13:48:44,2,49,2,49874,49893,1.366974287,3.46725,2.485060817,13.365,24.94259,22.93,17.13,4.2755,-1.29E-14,1970,CSBerk,DMel_CSBerk,U,F,3,0.848,NA
11/20/19,13:58:44,3,51,2,50480,50499,1.869960471,4.39344,3.420306143,13.281,24.94256,22.88,17.28,4.173,0.044522727,1971,CSBerk,DMel_CSBerk,U,F,3,0.815,NA
11/20/19,14:03:44,4,52,2,50722,50741,1.171465747,3.106015,2.141045114,13.2905,24.942525,22.86,17.4355,4.0855,8.57E-15,1972,CSBerk,DMel_CSBerk,U,F,3,0.708,NA
11/20/19,14:13:44,5,54,2,51384,51403,1.362101362,3.413125,2.443006957,13.542,24.941055,22.8335,17.77,3.8495,3.43E-14,1973,CSBerk,DMel_CSBerk,I,M,3,0.667,NA
11/20/19,14:18:44,6,55,2,51612,51631,1.124353599,2.993935,2.017862779,13.533,24.938585,22.822,17.8,4.0115,0,1974,CSBerk,DMel_CSBerk,I,M,3,0.545,NA
11/20/19,14:28:44,7,57,3,52229,52248,1.516207685,3.75455,2.76268091,13.328,24.94249,22.79,17.8135,3.9605,-2.74E-13,1975,CSBerk,DMel_CSBerk,I,M,3,0.648,NA
11/20/19,14:33:44,8,58,3,52487,52506,1.217070569,3.22966,2.222752632,13.297,24.93972,22.785,17.83,4.067,8.57E-15,1976,CSBerk,DMel_CSBerk,I,M,3,0.66,NA
11/20/19,14:43:44,9,60,3,53025,53044,1.053570511,2.87294,1.862258867,13.7385,24.94084,22.78,17.724,3.945,0,1977,CSBerk,DMel_CSBerk,U,M,3,0.513,NA
11/20/19,14:48:44,10,61,3,53444,53463,1.134527581,3.04721,2.044343445,13.4765,24.93812,22.7775,17.6335,3.8435,1.37E-13,1978,CSBerk,DMel_CSBerk,U,M,3,0.46,NA
11/20/19,14:58:44,11,63,3,53956,53975,1.10529931,2.983765,1.980780587,13.55,24.94004,22.76,17.79,3.932,-5.48E-13,1979,CSBerk,DMel_CSBerk,U,M,3,0.537,NA
11/20/19,15:03:44,12,64,3,54369,54388,1.212953402,3.2298,2.224153308,13.2425,24.938065,22.76,17.628,3.814,1.37E-13,1980,CSBerk,DMel_CSBerk,U,M,3,0.692,NA
11/20/19,15:13:44,13,66,3,54962,54981,1.939274892,4.501305,3.488034785,13.5,24.94112,22.75,17.63,3.4445,0.001668182,1981,CSBerk,DMel_CSBerk,I,F,3,0.87,NA
11/20/19,15:18:44,14,67,3,55181,55200,2.378999769,5.28981,4.270427769,13.5275,24.94196,22.76,17.83,3.542,-6.86E-14,1982,CSBerk,DMel_CSBerk,I,F,3,1.037,NA
11/20/19,15:28:44,15,69,3,55724,55743,1.54876692,4.37182,3.345317822,11.242,24.94294,22.76,17.67,3.307,-6.86E-14,1983,CSBerk,DMel_CSBerk,I,F,3,0.995,bad flow
11/20/19,15:33:44,16,70,3,56024,56043,1.435553344,3.618815,2.583092252,13.4945,24.937425,22.75,17.67,3.6485,0,1984,CSBerk,DMel_CSBerk,I,F,3,0.889,NA
11/21/19,10:47:02,7,9,1,38905,38924,3.146745797,7.29632,5.741492869,13.333,24.940295,23.3,15.74,3.933,0.003759091,1991,CSBerk,DMel_CSBerk,I,F,4,1.072,NA
11/21/19,10:52:01,8,10,1,39229,39248,3.412167936,7.714765,6.255976768,13.2675,24.940095,23.28,15.77,3.8,0.149977273,1992,CSBerk,DMel_CSBerk,I,F,4,1.286,NA
11/21/19,11:02:01,9,12,1,39825,39844,2.545646839,5.913485,4.51898863,13.701,24.941235,23.24,16.13,3.9405,0.565168182,1993,CSBerk,DMel_CSBerk,I,M,4,0.756,NA
11/21/19,11:07:02,10,13,1,40156,40175,1.769031682,4.532615,3.202994403,13.433,24.940355,23.2385,15.781,3.857,5.36E-16,1994,CSBerk,DMel_CSBerk,I,M,4,0.675,NA
11/21/19,11:17:02,11,15,1,40622,40641,1.897396012,4.72254,3.415057225,13.5105,24.939575,23.194,15.5555,3.734,1.065963636,1995,CSBerk,DMel_CSBerk,I,M,4,0.637,NA
11/21/19,11:22:01,12,16,1,40937,40956,1.828162789,4.622655,3.35257293,13.26,24.940105,23.18,15.58,3.6045,-2.68E-16,1996,CSBerk,DMel_CSBerk,I,M,4,0.703,NA
11/21/19,11:32:01,13,18,1,41576,41595,1.448772355,3.83387,2.613173088,13.4815,24.942195,23.18,16.105,0.277,1.71E-14,1997,CSBerk,DMel_CSBerk,U,M,4,0.633,NA
11/21/19,11:37:01,14,19,1,41842,41861,1.355327843,3.627245,2.45147215,13.444,24.93925,23.18,15.9205,0.3095,-4.28E-15,1998,CSBerk,DMel_CSBerk,U,M,4,0.502,NA
11/21/19,11:47:01,15,21,1,42581,42600,1.487312262,4.37747,3.234798132,11.1805,24.942715,23.18,15.7635,0.251,-1.71E-14,1999,CSBerk,DMel_CSBerk,U,M,4,0.67,bad flow
11/21/19,11:52:01,16,22,1,42765,42784,1.660465236,4.15017,3.012596232,13.4025,24.940215,23.17,15.6565,0.2845,1.71E-14,2000,CSBerk,DMel_CSBerk,U,M,4,0.759,NA
11/21/19,12:02:01,1,24,1,43337,43356,1.738972256,4.30499,3.186129218,13.271,24.941475,23.16,15.88,0.288,0.157263636,1985,CSBerk,DMel_CSBerk,U,F,4,0.738,NA
11/21/19,12:07:01,2,25,1,43776,43795,1.781929048,4.316395,3.24350325,13.3575,24.94254,23.14,15.9875,0.2795,6.69E-17,1986,CSBerk,DMel_CSBerk,U,F,4,0.855,NA
11/21/19,12:17:01,3,27,1,44221,44240,1.627322459,4.04635,2.976356105,13.293,24.940505,23.1315,15.56,0.335,0.110486364,1987,CSBerk,DMel_CSBerk,U,F,4,0.811,NA
11/21/19,12:22:01,4,28,1,44624,44643,2.720833211,6.04809,4.982389115,13.278,24.942045,23.15,15.5405,0.3545,0.893763636,1988,CSBerk,DMel_CSBerk,U,F,4,1.138,NA
11/21/19,12:32:01,5,30,1,45161,45180,1.363788053,3.49918,2.449305232,13.5375,24.9397,23.13,15.76,3.985,-1.07E-15,1989,CSBerk,DMel_CSBerk,I,F,4,0.657,NA
11/21/19,12:37:01,6,31,1,45581,45600,2.478361259,5.45227,4.439855064,13.569,24.94019,23.08,15.7695,4.0445,0.018495455,1990,CSBerk,DMel_CSBerk,I,F,4,1.111,NA
11/21/19,12:47:01,7,33,2,46135,46154,2.140344599,4.90383,3.903935576,13.325,24.940615,23.03,15.729,2.5675,1.098313636,1991,CSBerk,DMel_CSBerk,I,F,4,1.072,NA
11/21/19,12:52:01,8,34,2,46346,46365,2.275872222,5.13592,4.146140756,13.342,24.941045,23.048,15.88,4.1665,3.43E-14,1992,CSBerk,DMel_CSBerk,I,F,4,1.286,NA
11/21/19,13:02:01,9,36,2,47005,47024,2.064061293,4.643805,3.664996882,13.6865,24.939775,23.01,15.84,4.1785,0.222995455,1993,CSBerk,DMel_CSBerk,I,M,4,0.756,NA
11/21/19,13:07:01,10,37,2,47235,47254,1.939164696,4.467165,3.492713315,13.4925,24.942185,22.999,15.8,4.133,0.922022727,1994,CSBerk,DMel_CSBerk,I,M,4,0.675,NA
11/21/19,13:17:01,11,39,2,47861,47880,1.350364645,3.40404,2.437500039,13.462,24.939495,22.97,15.79,4.2585,2.74E-13,1995,CSBerk,DMel_CSBerk,I,M,4,0.637,NA
11/21/19,13:22:01,12,40,2,48281,48300,1.492409624,3.696475,2.742241156,13.224,24.93908,22.955,15.9,0.411,0,1996,CSBerk,DMel_CSBerk,I,M,4,0.703,NA
11/21/19,13:32:01,13,42,2,48875,48894,1.214886544,3.143435,2.19421267,13.4535,24.93905,22.96,16.2375,0.3985,-3.43E-14,1997,CSBerk,DMel_CSBerk,U,M,4,0.633,NA
11/21/19,13:37:01,14,43,2,49021,49040,1.124554854,2.968405,2.021620207,13.5165,24.940965,22.96,16.1405,0.3635,8.57E-15,1998,CSBerk,DMel_CSBerk,U,M,4,0.502,NA
11/21/19,13:47:01,15,45,2,49755,49774,1.195900338,3.529435,2.588923511,11.224,24.938365,22.95,15.94,3.5195,1.71E-14,1999,CSBerk,DMel_CSBerk,U,M,4,0.67,bad flow
11/21/19,13:52:01,16,46,2,49934,49953,1.376269313,3.41802,2.479847687,13.4845,24.94102,22.94,15.9415,3.604,5.14E-14,2000,CSBerk,DMel_CSBerk,U,M,4,0.759,NA
11/22/19,10:10:11,7,9,1,36681,36700,3.052540502,7.214895,5.600407045,13.271,24.942915,23.56,15.72,3.4755,0.979977273,2007,CSBerk,DMel_CSBerk,I,F,5,0.959,NA
11/22/19,10:15:11,8,10,1,36911,36930,3.224414821,7.477615,5.921488099,13.2585,24.942375,23.57,16.003,3.733,0.001463636,2008,CSBerk,DMel_CSBerk,I,F,5,1.077,NA
11/22/19,10:25:11,9,12,1,37566,37585,2.512793985,5.946835,4.477392706,13.665,24.939575,23.57,16.1195,3.688,0.6979,2009,CSBerk,DMel_CSBerk,I,M,5,0.706,NA
11/22/19,10:30:11,10,13,1,37863,37882,1.63953021,4.383075,2.983938881,13.3785,24.942245,23.5695,16.2245,3.905,0,2010,CSBerk,DMel_CSBerk,I,M,5,0.544,NA
11/22/19,10:40:11,11,15,1,38454,38473,2.037301378,5.041125,3.68794402,13.45,24.940535,23.55,16.265,3.808,0.3338,2011,CSBerk,DMel_CSBerk,I,M,5,0.548,NA
11/22/19,10:45:11,12,16,1,38760,38779,2.330929192,5.61803,4.297028525,13.207,24.941175,23.5435,16.19,3.2785,1.484504545,2012,CSBerk,DMel_CSBerk,I,M,5,0.631,NA
11/22/19,10:55:11,13,18,1,39417,39436,1.486387355,3.974745,2.696488489,13.42,24.943135,23.53,16.1465,3.962,6.86E-14,2013,CSBerk,DMel_CSBerk,U,M,5,0.608,NA
11/22/19,11:00:11,14,19,1,39749,39768,1.526143107,4.003665,2.767804351,13.4235,24.940175,23.52,16.1,3.7255,1.07E-15,2014,CSBerk,DMel_CSBerk,U,M,5,0.623,NA
11/22/19,11:10:11,15,21,1,40211,40230,1.513807283,4.50792,3.291347621,11.196,24.94266,23.4955,16.37,4.0015,-4.28E-15,2015,CSBerk,DMel_CSBerk,U,M,5,0.608,bad flow
11/22/19,11:15:11,16,22,1,40671,40690,1.50919451,3.911575,2.749228528,13.361,24.939225,23.45,16.26,3.8005,-4.28E-15,2016,CSBerk,DMel_CSBerk,U,M,5,0.666,NA
11/22/19,11:25:11,1,24,1,41245,41264,2.459376089,5.66618,4.531604475,13.2065,24.943395,23.39,16.22,3.8515,1.71E-14,2001,CSBerk,DMel_CSBerk,U,F,5,1.006,NA
11/22/19,11:30:11,2,25,1,41496,41515,2.185249974,5.12173,4.012541257,13.252,24.93988,23.38,16.26,3.883,-8.57E-15,2002,CSBerk,DMel_CSBerk,U,F,5,0.992,NA
11/22/19,11:40:11,3,27,1,42109,42128,2.238408384,5.20274,4.112335929,13.2435,24.94119,23.35,16.29,3.892,0.268840909,2003,CSBerk,DMel_CSBerk,U,F,5,1.009,NA
11/22/19,11:45:11,4,28,1,42381,42400,2.119546515,4.97955,3.901386677,13.218,24.943355,23.34,16.439,4.0575,0.728559091,2004,CSBerk,DMel_CSBerk,U,F,5,0.887,NA
11/22/19,11:55:11,5,30,1,42914,42933,1.83288174,4.384575,3.318034659,13.4385,24.942435,23.31,16.57,3.9675,0,2005,CSBerk,DMel_CSBerk,I,F,5,1.052,NA
11/22/19,12:00:11,6,31,1,43313,43332,2.369932822,5.323195,4.278171173,13.4765,24.942045,23.3105,16.9805,4.0155,0.774431818,2006,CSBerk,DMel_CSBerk,I,F,5,1.101,NA
11/22/19,12:10:11,7,33,2,43915,43934,2.338811524,5.304985,4.277566976,13.301,24.940655,23.3,16.72,4.0785,0.206154545,2007,CSBerk,DMel_CSBerk,I,F,5,0.959,NA
11/22/19,12:15:11,8,34,2,44137,44156,2.482035364,5.558125,4.543984944,13.2875,24.9407,23.29,16.7965,4.0135,0.183313636,2008,CSBerk,DMel_CSBerk,I,F,5,1.077,NA
11/22/19,12:25:11,9,36,2,44871,44890,2.007924354,4.56846,3.568035311,13.689,24.94182,23.29,16.88,4.0605,0.403840909,2009,CSBerk,DMel_CSBerk,I,M,5,0.706,NA
11/22/19,12:30:11,10,37,2,45140,45159,1.207238218,3.188945,2.193289404,13.3895,24.940145,23.29,16.77,3.981,-2.14E-15,2010,CSBerk,DMel_CSBerk,I,M,5,0.544,NA
11/22/19,12:40:11,11,39,2,45765,45784,1.792324677,4.240125,3.238511046,13.4625,24.94002,23.28,16.77,4.0535,1.065313636,2011,CSBerk,DMel_CSBerk,I,M,5,0.548,NA
11/22/19,12:45:11,12,40,2,46048,46067,1.892074414,4.493585,3.485306439,13.2045,24.94213,23.26,16.77,4.1155,0.081613636,2012,CSBerk,DMel_CSBerk,I,M,5,0.631,NA
11/22/19,12:55:11,13,42,2,46511,46530,1.117277031,3.017935,2.018263502,13.4635,24.938325,23.23,16.84,4.0505,3.43E-14,2013,CSBerk,DMel_CSBerk,U,M,5,0.608,NA
11/22/19,13:00:11,14,43,2,46971,46990,1.248143005,3.22411,2.25773054,13.444,24.94263,23.199,16.916,4.11,2.14E-15,2014,CSBerk,DMel_CSBerk,U,M,5,0.623,NA
11/22/19,13:10:11,15,45,2,47411,47430,1.192821094,3.55179,2.591502559,11.1925,24.94024,23.18,16.927,4.2825,6.43E-15,2015,CSBerk,DMel_CSBerk,U,M,5,0.608,bad flow
11/22/19,13:15:11,16,46,2,47744,47763,1.219316716,3.15791,2.211519759,13.407,24.941485,23.18,16.92,4.009,8.57E-15,2016,CSBerk,DMel_CSBerk,U,M,5,0.666,NA
11/25/19,10:46:13,7,9,1,38811,38830,2.416621528,5.952,3.912812791,15.018,24.940575,23.17,20.6995,3.683,0.992872727,2023,CSBerk,DMel_CSBerk,I,M,3,0.624,NA
11/25/19,10:51:13,8,10,1,39151,39170,1.791066388,4.82886,2.902475149,15.005,24.937955,23.17,20.7805,3.7805,-2.14E-15,2024,CSBerk,DMel_CSBerk,I,M,3,0.55,NA
11/25/19,11:01:13,9,12,1,39748,39767,3.177259417,6.83189,4.983479725,15.501,24.939465,23.1345,21.008,3.6105,0.028127273,2025,CSBerk,DMel_CSBerk,U,F,3,1.097,NA
11/25/19,11:06:13,10,13,1,40132,40151,1.797311026,4.64152,2.882523459,15.1585,24.94175,23.11,21.178,3.7205,1.71E-14,2026,CSBerk,DMel_CSBerk,U,F,3,0.895,NA
11/25/19,11:16:13,11,15,1,40675,40694,2.280702027,5.352125,3.637973484,15.2395,24.942195,23.08,21.1985,3.6895,2.14E-15,2027,CSBerk,DMel_CSBerk,U,F,3,0.87,NA
11/25/19,11:21:12,12,16,1,40975,40994,2.089818237,5.06159,3.402686389,14.9285,24.941275,23.06,21.075,3.7205,0.099795455,2028,CSBerk,DMel_CSBerk,U,F,3,0.606,NA
11/25/19,11:31:13,13,18,1,41600,41619,3.025080712,6.45664,4.839053055,15.195,24.942105,23.05,20.77,3.92,0.347604545,2029,CSBerk,DMel_CSBerk,I,F,3,1.137,NA
11/25/19,11:36:13,14,19,1,41773,41792,2.499433063,5.58305,3.984945545,15.2455,24.940475,23.05,20.7,3.672,0.533522727,2030,CSBerk,DMel_CSBerk,I,F,3,0.866,NA
11/25/19,11:46:13,15,21,1,42532,42551,2.461441711,6.34915,4.810869197,12.4335,24.940305,22.99,20.73,0.1425,0,2031,CSBerk,DMel_CSBerk,I,F,3,1.175,bad flow
11/25/19,11:51:12,16,22,1,42814,42833,2.291495218,5.18034,3.681986812,15.1235,24.942395,22.98,20.729,3.861,0.490445455,2032,CSBerk,DMel_CSBerk,I,F,3,0.9,NA
11/25/19,12:01:12,1,24,1,43423,43442,1.321818698,3.614665,2.149206911,14.943,24.940895,22.933,20.65,4.121,-1.07E-15,2017,CSBerk,DMel_CSBerk,U,M,3,0.52,NA
11/25/19,12:06:13,2,25,1,43573,43592,1.681881162,4.1639,2.713950707,15.0565,24.938735,22.92,20.695,4.095,0.002759091,2018,CSBerk,DMel_CSBerk,U,M,3,0.588,NA
11/25/19,12:16:12,3,27,1,44183,44202,1.490340529,3.83598,2.415114919,14.9905,24.939815,22.88,20.85,3.969,0.251186364,2019,CSBerk,DMel_CSBerk,U,M,3,0.419,NA
11/25/19,12:21:12,4,28,1,44623,44642,1.766559383,4.2508,2.866458566,14.97,24.94019,22.86,20.89,3.822,2.025936364,2020,CSBerk,DMel_CSBerk,U,M,3,0.666,NA
11/25/19,12:31:12,5,30,1,45132,45151,1.943183045,4.46124,3.085992861,15.2935,24.93958,22.825,21.045,3.6695,0.370804545,2021,CSBerk,DMel_CSBerk,I,M,3,0.588,NA
11/25/19,12:36:12,6,31,1,45420,45439,2.038551481,4.598965,3.2352054,15.3035,24.944875,22.8125,21.0655,3.8085,1.884781818,2022,CSBerk,DMel_CSBerk,I,M,3,0.713,NA
11/25/19,12:46:12,7,33,2,46101,46120,1.921239347,4.454815,3.10294624,15.037,24.94039,22.8025,21.07,3.969,0.760681818,2023,CSBerk,DMel_CSBerk,I,M,3,0.624,NA
11/25/19,12:51:12,8,34,2,46273,46292,1.248098938,3.362315,2.015133513,15.0415,24.94283,22.7975,21.084,3.847,2.14E-15,2024,CSBerk,DMel_CSBerk,I,M,3,0.55,NA
11/25/19,13:01:12,9,36,2,46872,46891,2.482343378,5.20318,3.874449543,15.5585,24.94096,22.78,20.87,3.977,0.315359091,2025,CSBerk,DMel_CSBerk,U,F,3,1.097,NA
11/25/19,13:06:12,10,37,2,47251,47270,1.369406439,3.475845,2.187675263,15.2,24.94323,22.76,20.789,4.152,-1.71E-14,2026,CSBerk,DMel_CSBerk,U,F,3,0.895,NA
11/25/19,13:16:12,11,39,2,47911,47930,1.69479192,3.98277,2.703020928,15.2235,24.939795,22.73,20.47,4.029,8.57E-15,2027,CSBerk,DMel_CSBerk,U,F,3,0.87,NA
11/25/19,13:21:12,12,40,2,48202,48221,1.387113374,3.534675,2.253555271,14.945,24.939805,22.73,20.3875,3.868,0.109454545,2028,CSBerk,DMel_CSBerk,U,F,3,0.606,NA
11/25/19,13:31:12,13,42,2,48791,48810,2.732941998,5.64379,4.358817641,15.2215,24.938085,22.694,20.56,4.2155,0.959754545,2029,CSBerk,DMel_CSBerk,I,F,3,1.137,NA
11/25/19,13:36:12,14,43,2,49012,49031,2.000296478,4.481745,3.193511821,15.2055,24.94232,22.68,20.7135,4.1625,0.166136364,2030,CSBerk,DMel_CSBerk,I,F,3,0.866,NA
11/25/19,13:46:12,15,45,2,49627,49646,1.891971116,4.9827,3.694215068,12.4315,24.943075,22.65,20.829,3.93,6.86E-14,2031,CSBerk,DMel_CSBerk,I,F,3,1.175,bad flow
11/25/19,13:51:12,16,46,2,49900,49919,1.766406696,4.10994,2.823909848,15.183,24.94027,22.64,20.7705,3.56,1.064131818,2032,CSBerk,DMel_CSBerk,I,F,3,0.9,NA
11/25/19,14:01:12,1,48,2,50539,50558,1.307988271,3.391145,2.118415324,14.986,24.943255,22.625,20.4465,3.533,1.318486364,2017,CSBerk,DMel_CSBerk,U,M,3,0.52,NA
11/25/19,14:06:12,2,49,2,50772,50791,1.278559134,3.31689,2.058422685,15.0755,24.941095,22.62,20.42,3.6565,2.74E-13,2018,CSBerk,DMel_CSBerk,U,M,3,0.588,NA
12/5/19,11:42:51,7,9,1,42331,42350,3.453424035,7.452215,5.649815437,14.8515,24.940105,22.94,21.83,3.395,1.034263636,2039,CSBerk,DMel_CSBerk,I,F,4,1.22,NA
12/5/19,11:47:51,8,10,1,42495,42514,2.740354938,6.24844,4.497290378,14.805,24.94276,22.94,21.83,3.378,0.485340909,2040,CSBerk,DMel_CSBerk,I,F,4,0.91,NA
12/5/19,11:57:51,9,12,1,43186,43205,2.697883224,5.93741,4.284660858,15.299,24.938955,22.94,21.89,3.473,-3.43E-14,2041,CSBerk,DMel_CSBerk,U,F,4,0.877,NA
12/5/19,12:02:51,10,13,1,43371,43390,2.234008714,5.23318,3.620481492,14.9925,24.94369,22.94,21.875,3.5345,0,2042,CSBerk,DMel_CSBerk,U,F,4,0.76,NA
12/5/19,12:12:51,11,15,1,44131,44150,1.842999692,4.485255,2.974694171,15.0545,24.940625,22.959,21.92,3.309,0.241263636,2043,CSBerk,DMel_CSBerk,U,F,4,0.539,NA
12/5/19,12:17:51,12,16,1,44271,44290,2.351384059,5.34494,3.866026734,14.779,24.942785,22.96,21.83,3.307,0.840381818,2044,CSBerk,DMel_CSBerk,U,F,4,0.808,NA
12/5/19,12:27:51,13,18,1,44871,44890,1.703870667,4.17892,2.75399818,15.0335,24.937885,22.96,21.9,3.275,0.403018182,2045,CSBerk,DMel_CSBerk,I,M,4,0.526,NA
12/5/19,12:32:51,14,19,1,45221,45240,1.698901254,4.136195,2.753638828,14.992,24.940065,22.969,21.87,0.03,0,2046,CSBerk,DMel_CSBerk,I,M,4,0.596,NA
12/5/19,12:42:51,15,21,1,45795,45814,1.858185503,5.00974,3.654767279,12.3555,24.942035,22.99,21.84,0.035,1.060972727,2047,CSBerk,DMel_CSBerk,I,M,4,0.542,bad flow
12/5/19,12:47:51,16,22,1,46231,46250,1.857145001,4.330695,3.012984255,14.98,24.939715,23.01,21.847,0.0345,0.1297,2048,CSBerk,DMel_CSBerk,I,M,4,0.771,NA
12/5/19,12:57:51,1,24,1,46831,46850,1.707075221,4.0835,2.810921947,14.759,24.94008,23.0115,21.81,0.032,0.415672727,2033,CSBerk,DMel_CSBerk,U,M,4,0.588,NA
12/5/19,13:02:51,2,25,1,47087,47106,1.481870826,3.6553,2.421914081,14.87,24.94229,23.01,21.716,3.429,0,2034,CSBerk,DMel_CSBerk,U,M,4,0.546,NA
12/5/19,13:12:51,3,27,1,47571,47590,1.714160533,4.01845,2.803907723,14.856,24.940845,22.97,21.6,3.3535,0.160090909,2035,CSBerk,DMel_CSBerk,U,M,4,0.509,NA
12/5/19,13:17:51,4,28,1,47895,47914,1.261254856,3.257435,2.069546035,14.8075,24.940455,22.939,21.68,3.548,8.03E-16,2036,CSBerk,DMel_CSBerk,U,M,4,0.558,NA
12/5/19,13:27:51,5,30,1,48559,48578,2.6789644,5.47144,4.303446114,15.122,24.94342,22.87,22.0175,3.303,0.442181818,2037,CSBerk,DMel_CSBerk,I,F,4,1.343,NA
12/5/19,13:32:51,6,31,1,48850,48869,1.651612727,3.81389,2.656500244,15.1015,24.940495,22.85,21.99,3.4335,0,2038,CSBerk,DMel_CSBerk,I,F,4,0.879,NA
12/5/19,13:42:51,7,33,2,49411,49430,2.497346043,5.231835,4.083338243,14.8535,24.941315,22.81,21.86,3.254,0.031986364,2039,CSBerk,DMel_CSBerk,I,F,4,1.22,NA
12/5/19,13:47:51,8,34,2,49715,49734,2.005334421,4.432495,3.294033203,14.784,24.94329,22.79,21.8135,3.3865,0.15315,2040,CSBerk,DMel_CSBerk,I,F,4,0.91,NA
12/5/19,13:57:51,9,36,2,50409,50428,2.17996373,4.58211,3.467652013,15.2665,24.94213,22.7805,21.7,0.029,0.807436364,2041,CSBerk,DMel_CSBerk,U,F,4,0.877,NA
12/5/19,14:02:51,10,37,2,50731,50750,2.052998017,4.40324,3.312689566,15.05,24.94335,22.8,21.78,3.3845,-1.37E-13,2042,CSBerk,DMel_CSBerk,U,F,4,0.76,NA
12/5/19,14:12:51,11,39,2,51261,51280,1.198059842,3.00948,1.929524879,15.0785,24.939685,22.786,21.78,3.4205,1.37E-13,2043,CSBerk,DMel_CSBerk,U,F,4,0.539,NA
12/5/19,14:17:51,12,40,2,51483,51502,1.968303259,4.297895,3.227942486,14.806,24.9405,22.7625,21.82,3.4845,0.829772727,2044,CSBerk,DMel_CSBerk,U,F,4,0.808,NA
12/5/19,14:27:51,13,42,2,52071,52090,1.242025288,3.056195,1.997900242,15.093,24.93906,22.71,22.12,3.183,1.37E-13,2045,CSBerk,DMel_CSBerk,I,M,4,0.526,NA
12/5/19,14:32:51,14,43,2,52444,52463,1.405179411,3.30542,2.260263227,15.0915,24.940705,22.67,22.1815,3.1635,0,2046,CSBerk,DMel_CSBerk,I,M,4,0.596,NA
12/5/19,14:42:51,15,45,2,52971,52990,1.298624841,3.59353,2.551691593,12.352,24.938895,22.62,22.2885,3.506,0,2047,CSBerk,DMel_CSBerk,I,M,4,0.542,bad flow
12/5/19,14:47:51,16,46,2,53360,53379,1.42163238,3.34227,2.300189469,14.998,24.94108,22.57,22.24,3.3775,0,2048,CSBerk,DMel_CSBerk,I,M,4,0.771,NA
12/5/19,14:57:51,1,48,2,53874,53893,1.259906618,3.10593,2.067175699,14.788,24.94195,22.527,22.2,3.216,-6.86E-14,2033,CSBerk,DMel_CSBerk,U,M,4,0.588,NA
12/5/19,15:02:51,2,49,2,54215,54234,1.21764588,3.01613,1.986064985,14.873,24.938025,22.475,22.16,3.4355,-4.28E-15,2034,CSBerk,DMel_CSBerk,U,M,4,0.546,NA
12/5/19,15:12:51,3,51,2,54814,54833,1.053962998,2.76045,1.725730417,14.814,24.943475,22.4375,22.18,3.4365,-3.43E-14,2035,CSBerk,DMel_CSBerk,U,M,4,0.509,NA
12/5/19,15:17:51,4,52,2,55195,55214,1.063264019,2.801245,1.749181565,14.7435,24.94006,22.4215,22.11,3.381,0,2036,CSBerk,DMel_CSBerk,U,M,4,0.558,NA
12/5/19,15:27:51,5,54,2,55671,55690,1.777953323,3.92008,2.867716356,15.0375,24.941,22.41,22.03,0.0265,-6.86E-14,2037,CSBerk,DMel_CSBerk,I,F,4,1.343,NA
12/5/19,15:32:51,6,55,2,56048,56067,1.85433065,4.028745,2.981537198,15.0875,24.941865,22.47,21.95,0.0245,1.043186364,2038,CSBerk,DMel_CSBerk,I,F,4,0.879,NA
12/6/19,10:49:26,5,7,1,39125,39144,1.091298895,2.284685,1.781117644,14.899,24.94117,23.18,20.2345,3.1505,-8.57E-15,2053,CSBerk,DMel_CSBerk,U,M,5,0.54,NA
12/6/19,10:54:25,6,8,1,39265,39284,1.113815386,2.32199,1.813207246,14.937,24.94106,23.18,20.279,3.0025,-1.71E-14,2054,CSBerk,DMel_CSBerk,U,M,5,0.546,NA
12/6/19,11:04:26,7,10,1,39868,39887,1.582238671,3.12538,2.612109325,14.7275,24.94198,23.14,20.43,3.056,-2.68E-16,2055,CSBerk,DMel_CSBerk,U,M,5,0.575,NA
12/6/19,11:09:26,8,11,1,40183,40202,1.029241848,2.211935,1.703039435,14.6925,24.94073,23.1075,20.5,3.0785,6.43E-15,2056,CSBerk,DMel_CSBerk,U,M,5,0.494,NA
12/6/19,11:19:26,9,13,1,40818,40837,2.174860133,3.98558,3.477809458,15.2005,24.939505,23.06,20.74,3.1395,0.051113636,2057,CSBerk,DMel_CSBerk,I,F,5,1.126,NA
12/6/19,11:24:26,10,14,1,41162,41181,1.567483276,3.071025,2.561372245,14.8735,24.94038,23.03,20.82,3.161,-1.29E-14,2058,CSBerk,DMel_CSBerk,I,F,5,0.939,NA
12/6/19,11:34:26,11,16,1,41822,41841,2.043741069,3.83852,3.32934919,14.9175,24.942435,22.99,20.9245,3.217,0.143563636,2059,CSBerk,DMel_CSBerk,I,F,5,0.991,NA
12/6/19,11:39:26,12,17,1,42050,42069,2.02093022,3.871555,3.363090234,14.6025,24.94019,22.98,21.08,0.0505,-3.43E-14,2060,CSBerk,DMel_CSBerk,I,F,5,1.176,NA
12/6/19,11:49:26,13,19,1,42726,42745,1.870970322,3.57241,3.053862233,14.889,24.939385,23,21.14,3.5565,1.2245,2061,CSBerk,DMel_CSBerk,U,F,5,0.881,NA
12/6/19,11:54:26,14,20,1,42882,42901,1.611851052,3.150545,2.626421235,14.914,24.942205,22.993,21.132,0.059,-2.14E-15,2062,CSBerk,DMel_CSBerk,U,F,5,0.846,NA
12/6/19,12:04:26,15,22,1,43491,43510,1.380996834,3.275825,2.736696237,12.263,24.938655,22.99,21.28,0.061,0.001336364,2063,CSBerk,DMel_CSBerk,U,F,5,0.802,bad flow
12/6/19,12:09:26,16,23,1,43821,43840,1.813163594,3.53294,2.973480764,14.819,24.938645,23,21.2575,0.078,1.322722727,2064,CSBerk,DMel_CSBerk,U,F,5,0.877,NA
12/6/19,12:19:26,1,25,1,44516,44535,1.653588664,3.33942,2.754991,14.589,24.942395,23.05,21.18,0.07,0.696568182,2049,CSBerk,DMel_CSBerk,I,M,5,0.795,NA
12/6/19,12:24:26,2,26,1,44826,44845,1.70597125,3.426935,2.822635271,14.692,24.94015,23.08,21.25,0.0555,0.849131818,2050,CSBerk,DMel_CSBerk,I,M,5,0.635,NA
12/6/19,12:34:26,3,28,1,45266,45285,1.113460135,2.45502,1.845809576,14.6645,24.840015,23.09,21.41,3.458,-1.07E-15,2051,CSBerk,DMel_CSBerk,I,M,5,0.593,NA
12/6/19,12:39:26,4,29,1,45706,45725,1.063705427,2.39184,1.768013578,14.6255,24.943205,23.09,21.7365,3.4415,1.71E-14,2052,CSBerk,DMel_CSBerk,I,M,5,0.567,NA
12/6/19,12:49:26,5,31,2,46238,46257,0.988917246,2.25399,1.607595314,14.9535,24.84961,23.08,21.552,3.6955,0,2053,CSBerk,DMel_CSBerk,U,M,5,0.54,NA
12/6/19,12:54:26,6,32,2,46490,46509,0.988235823,2.281655,1.608261513,14.9365,24.874655,23.07,21.712,3.584,-8.57E-15,2054,CSBerk,DMel_CSBerk,U,M,5,0.546,NA
12/6/19,13:04:26,7,34,2,47220,47239,1.29487983,2.838675,2.141428695,14.696,24.836215,23.02,21.61,3.725,2.14E-15,2055,CSBerk,DMel_CSBerk,U,M,5,0.575,NA
12/6/19,13:09:26,8,35,2,47491,47510,0.950372996,2.27658,1.571433854,14.698,24.941445,23.01,21.61,3.5905,6.86E-14,2056,CSBerk,DMel_CSBerk,U,M,5,0.494,NA
12/6/19,13:19:26,9,37,2,48025,48044,1.738134135,3.51088,2.789255983,15.1435,24.72149,22.99,21.52,3.703,1.03E-13,2057,CSBerk,DMel_CSBerk,I,F,5,1.126,NA
12/6/19,13:24:26,10,38,2,48325,48344,1.490129783,3.186415,2.440630773,14.8365,24.84629,22.9765,21.48,3.6805,0.127231818,2058,CSBerk,DMel_CSBerk,I,F,5,0.939,NA
12/6/19,13:34:26,11,40,2,48981,49000,1.949970098,3.94123,3.180789533,14.896,24.718885,22.96,21.4915,3.685,0.5446,2059,CSBerk,DMel_CSBerk,I,F,5,0.991,NA
12/6/19,13:39:26,12,41,2,49326,49345,1.576624518,3.38696,2.618395835,14.63,24.76729,22.94,21.48,3.5235,0.752936364,2060,CSBerk,DMel_CSBerk,I,F,5,1.176,NA
12/6/19,13:49:26,13,43,2,49766,49785,1.341260059,2.963975,2.185183121,14.9125,24.511675,22.92,21.6085,3.584,-1.37E-13,2061,CSBerk,DMel_CSBerk,U,F,5,0.881,NA
12/6/19,13:54:26,14,44,2,50115,50134,1.717106409,3.608855,2.803102486,14.881,24.49355,22.885,21.76,3.437,0.51935,2062,CSBerk,DMel_CSBerk,U,F,5,0.846,NA
12/9/19,11:12:13,7,9,1,40451,40470,0.900696605,2.509015,1.498861389,14.615,23.68576,23.23,15.26,3.639,-5.36E-16,2071,CSBerk,DMel_CSBerk,I,M,3,0.362,NA
12/9/19,11:17:13,8,10,1,40661,40680,1.938126221,4.250375,3.231015207,14.5895,23.732155,23.24,15.2805,3.5975,1.008122727,2072,CSBerk,DMel_CSBerk,I,M,3,0.731,NA
12/9/19,11:27:13,9,12,1,41374,41393,1.511400858,3.46616,2.442039848,15.054,23.598535,23.26,15.22,3.67,0,2073,CSBerk,DMel_CSBerk,U,F,3,0.867,NA
12/9/19,11:32:13,10,13,1,41556,41575,1.334486391,3.21826,2.195119596,14.787,23.573205,23.26,15.22,3.723,0,2074,CSBerk,DMel_CSBerk,U,F,3,0.576,NA
12/9/19,11:42:13,11,15,1,42276,42295,1.331662651,3.21243,2.183148028,14.838,23.512925,23.29,15.26,3.677,1.07E-15,2075,CSBerk,DMel_CSBerk,U,F,3,0.823,NA
12/9/19,11:47:13,12,16,1,42474,42493,1.803049924,4.055845,3.021530629,14.5165,23.540705,23.295,15.26,3.621,0,2076,CSBerk,DMel_CSBerk,U,F,3,0.692,NA
12/9/19,11:57:13,13,18,1,43033,43052,0.933834968,2.57112,1.535864047,14.7915,23.448865,23.306,15.26,3.621,0,2077,CSBerk,DMel_CSBerk,U,M,3,0.476,NA
12/9/19,12:02:13,14,19,1,43483,43502,1.239680926,3.06349,2.036293144,14.8105,23.603435,23.31,15.22,3.649,-2.14E-15,2078,CSBerk,DMel_CSBerk,U,M,3,0.57,NA
12/9/19,12:12:14,15,21,1,44017,44036,1.391007252,3.83262,2.783551472,12.158,23.513405,23.333,15.256,3.6835,8.57E-15,2079,CSBerk,DMel_CSBerk,U,M,3,0.491,bad flow
12/9/19,12:17:13,16,22,1,44393,44412,0.896426444,2.56884,1.48060473,14.7305,23.514365,23.34,15.18,3.5875,2.14E-15,2080,CSBerk,DMel_CSBerk,U,M,3,0.42,NA
12/9/19,12:27:13,1,24,1,44863,44882,1.137361425,2.98876,1.899172188,14.5705,23.32209,23.34,15.26,3.558,6.86E-14,2065,CSBerk,DMel_CSBerk,I,F,3,0.585,NA
12/9/19,12:32:14,2,25,1,45133,45152,1.344762077,3.32117,2.230961614,14.6655,23.4027,23.34,15.18,3.56,2.57E-14,2066,CSBerk,DMel_CSBerk,I,F,3,0.827,NA
12/9/19,12:42:14,3,27,1,45894,45913,1.895231504,4.25345,3.156703475,14.6075,23.329985,23.3435,15.2715,3.509,-8.57E-15,2067,CSBerk,DMel_CSBerk,I,F,3,0.968,NA
12/9/19,12:47:14,4,28,1,46184,46203,1.317690912,3.30669,2.203782861,14.5475,23.53467,23.34,15.3,3.4975,8.57E-15,2068,CSBerk,DMel_CSBerk,I,F,3,0.808,NA
12/9/19,12:57:14,5,30,1,46794,46813,1.660045681,3.84107,2.719039661,14.854,23.313495,23.34,15.415,3.5155,0.145772727,2069,CSBerk,DMel_CSBerk,I,M,3,0.632,NA
12/9/19,13:02:14,6,31,1,47016,47035,1.609872144,3.76829,2.6319129,14.882,23.38134,23.34,15.3035,3.4145,1.750413636,2070,CSBerk,DMel_CSBerk,I,M,3,0.496,NA
12/9/19,13:12:14,7,33,2,47535,47554,0.829335892,2.52826,1.378678811,14.6365,23.16083,23.36,15.3075,3.59,2.14E-15,2071,CSBerk,DMel_CSBerk,I,M,3,0.362,NA
12/9/19,13:17:14,8,34,2,47907,47926,1.273554108,3.29274,2.12163869,14.6055,23.42791,23.361,15.27,3.5735,2.74E-13,2072,CSBerk,DMel_CSBerk,I,M,3,0.731,NA
12/9/19,13:27:14,9,36,2,48462,48481,1.371607999,3.397605,2.212081749,15.0875,23.217365,23.373,15.309,3.6275,5.36E-16,2073,CSBerk,DMel_CSBerk,U,F,3,0.867,NA
12/9/19,13:32:14,10,37,2,48836,48855,1.174717363,3.141575,1.935061596,14.7725,23.41595,23.39,15.23,3.706,2.14E-15,2074,CSBerk,DMel_CSBerk,U,F,3,0.576,NA
12/9/19,13:42:14,11,39,2,49352,49371,1.254039509,3.272725,2.05916744,14.82,23.23283,23.4,15.27,3.676,-2.14E-15,2075,CSBerk,DMel_CSBerk,U,F,3,0.823,NA
12/9/19,13:47:14,12,40,2,49794,49813,1.861611142,4.34115,3.117835998,14.53,23.49662,23.405,15.2075,3.665,0.160745455,2076,CSBerk,DMel_CSBerk,U,F,3,0.692,NA
12/9/19,13:57:14,13,42,2,50234,50253,0.864728603,2.65033,1.42062941,14.813,23.259375,23.41,15.19,3.484,5.14E-14,2077,CSBerk,DMel_CSBerk,U,M,3,0.476,NA
12/9/19,14:02:14,14,43,2,50601,50620,0.986231496,2.868495,1.621289247,14.804,23.4095,23.4225,15.19,3.4755,2.27E-05,2078,CSBerk,DMel_CSBerk,U,M,3,0.57,NA
12/9/19,14:12:14,15,45,2,51134,51153,0.939591629,3.14398,1.879918821,12.1635,23.3928,23.42,15.31,3.6295,8.57E-15,2079,CSBerk,DMel_CSBerk,U,M,3,0.491,bad flow
12/9/19,14:17:14,16,46,2,51587,51606,0.85966814,2.727645,1.421724587,14.7155,23.40293,23.42,15.23,3.53,-2.14E-15,2080,CSBerk,DMel_CSBerk,U,M,3,0.42,NA
12/9/19,14:27:14,1,48,2,52062,52081,1.270814844,3.432925,2.125195657,14.552,23.132345,23.407,15.19,3.5645,0.465409091,2065,CSBerk,DMel_CSBerk,I,F,3,0.585,NA
12/9/19,14:32:14,2,49,2,52351,52370,1.551556361,3.884795,2.576544069,14.654,23.350825,23.4,15.39,3.471,2.74E-13,2066,CSBerk,DMel_CSBerk,I,F,3,0.827,NA
12/10/19,10:03:55,7,9,1,36344,36363,1.490808463,4.302135,2.492911297,14.548,22.213525,23.31,17.165,3.595,-1.34E-16,2087,CSBerk,DMel_CSBerk,U,M,4,0.468,NA
12/10/19,10:08:55,8,10,1,36576,36595,2.102806633,5.26287,3.513359985,14.561,22.33385,23.317,17.16,3.726,0.454722727,2088,CSBerk,DMel_CSBerk,U,M,4,0.559,NA
12/10/19,10:18:55,9,12,1,37278,37297,2.741461164,6.112305,4.444840115,15.007,22.292875,23.35,17.12,3.5255,0.747118182,2089,CSBerk,DMel_CSBerk,U,F,4,1.07,NA
12/10/19,10:23:55,10,13,1,37503,37522,1.834081657,4.65796,3.030929848,14.7235,22.38229,23.358,17.2135,3.6995,0,2090,CSBerk,DMel_CSBerk,U,F,4,0.652,NA
12/10/19,10:33:55,11,15,1,38146,38165,2.163595355,5.15178,3.564083907,14.769,22.25494,23.32,17.0015,3.668,0.556309091,2091,CSBerk,DMel_CSBerk,U,F,4,0.819,NA
12/10/19,10:38:55,12,16,1,38480,38499,2.146538048,5.1537,3.595298002,14.524,22.456335,23.3,17,3.7825,1.701836364,2092,CSBerk,DMel_CSBerk,U,F,4,0.701,NA
12/10/19,10:48:55,13,18,1,38935,38954,1.548236411,4.09896,2.560804979,14.7065,22.28203,23.28,17.198,3.854,0,2093,CSBerk,DMel_CSBerk,I,M,4,0.676,NA
12/10/19,10:53:55,14,19,1,39264,39283,1.503417415,3.969275,2.477099084,14.763,22.34334,23.27,17.08,3.561,5.36E-16,2094,CSBerk,DMel_CSBerk,I,M,4,0.702,NA
12/10/19,11:03:55,15,21,1,39835,39854,1.323631025,4.11343,2.650042902,12.148,22.49066,23.24,17.16,3.688,5.36E-16,2095,CSBerk,DMel_CSBerk,I,M,4,0.58,bad flow
12/10/19,11:08:55,16,22,1,40136,40155,1.559342203,4.018,2.57588829,14.722,22.292585,23.2095,17.203,3.7395,-2.14E-15,2096,CSBerk,DMel_CSBerk,I,M,4,0.589,NA
12/10/19,11:18:55,1,24,1,40763,40782,1.718246576,4.29065,2.871235573,14.552,22.25649,23.18,17.4,3.7275,0.180663636,2081,CSBerk,DMel_CSBerk,I,F,4,0.923,NA
12/10/19,11:23:55,2,25,1,41037,41056,1.539139215,3.955915,2.555267062,14.647,22.313995,23.18,17.44,3.6465,0,2082,CSBerk,DMel_CSBerk,I,F,4,0.812,NA
12/10/19,11:33:55,3,27,1,41635,41654,1.902475003,4.554175,3.172573553,14.5805,22.22868,23.151,17.415,3.628,0,2083,CSBerk,DMel_CSBerk,I,F,4,1.007,NA
12/10/19,11:38:55,4,28,1,41976,41995,2.189245939,5.018315,3.656658172,14.556,22.358785,23.13,17.528,3.574,1.228813636,2084,CSBerk,DMel_CSBerk,I,F,4,1.081,NA
12/10/19,11:48:55,5,30,1,42557,42576,1.649617716,4.05388,2.704849729,14.826,22.217385,23.0925,17.5205,3.567,1.354709091,2085,CSBerk,DMel_CSBerk,U,M,4,0.525,NA
12/10/19,11:53:55,6,31,1,42835,42854,1.169275645,3.253635,1.913982906,14.8505,22.2734,23.08,17.5,3.6215,-1.07E-15,2086,CSBerk,DMel_CSBerk,U,M,4,0.528,NA
12/10/19,12:03:55,7,33,2,43563,43582,1.069252908,3.10844,1.778088835,14.6175,22.3461,23.07,17.58,3.6305,2.14E-15,2087,CSBerk,DMel_CSBerk,U,M,4,0.468,NA
12/10/19,12:08:55,8,34,2,43746,43765,1.656297576,4.09081,2.763005157,14.5715,22.37245,23.07,17.58,0.076,0.132663636,2088,CSBerk,DMel_CSBerk,U,M,4,0.559,NA
12/10/19,12:18:55,9,36,2,44335,44354,1.64456161,3.97854,2.655416933,15.0555,22.39036,23.09,17.67,3.6535,0,2089,CSBerk,DMel_CSBerk,U,F,4,1.07,NA
12/10/19,12:23:55,10,37,2,44660,44679,1.304489029,3.46881,2.151901722,14.7365,22.39162,23.09,17.7,3.5425,-2.14E-15,2090,CSBerk,DMel_CSBerk,U,F,4,0.652,NA
12/10/19,12:33:55,11,39,2,45245,45264,1.792434284,4.258815,2.944536373,14.7975,22.388865,23.08,17.75,3.7555,1.061681818,2091,CSBerk,DMel_CSBerk,U,F,4,0.819,NA
12/10/19,12:38:55,12,40,2,45616,45635,1.651214872,4.08126,2.766626222,14.5085,22.5021,23.0755,17.62,3.667,0.537463636,2092,CSBerk,DMel_CSBerk,U,F,4,0.701,NA
12/10/19,12:48:55,13,42,2,46295,46314,1.245417135,3.36577,2.053623079,14.741,22.39404,23.061,17.62,3.78,2.14E-15,2093,CSBerk,DMel_CSBerk,I,M,4,0.676,NA
12/10/19,12:53:55,14,43,2,46455,46474,1.263426884,3.39574,2.085014331,14.729,22.36661,23.06,17.62,3.5615,4.28E-15,2094,CSBerk,DMel_CSBerk,I,M,4,0.702,NA
12/10/19,13:03:56,15,45,2,47195,47214,1.085676486,3.480375,2.178227174,12.1135,22.458605,23.02,17.66,4.056,0,2095,CSBerk,DMel_CSBerk,I,M,4,0.58,bad flow
12/10/19,13:08:55,16,46,2,47494,47513,1.257697572,3.37419,2.079504899,14.698,22.376705,23,17.6165,4.144,0,2096,CSBerk,DMel_CSBerk,I,M,4,0.589,NA
12/11/19,10:18:18,7,9,1,37117,37136,2.717949646,6.058695,4.536324,14.576,24.94257,23.31,18.5055,1.932,0.838954545,2103,CSBerk,DMel_CSBerk,I,M,3,0.709,NA
12/11/19,10:23:18,8,10,1,37465,37484,2.450255971,5.52552,4.096940788,14.5495,24.94095,23.31,18.35,0.025,0.299004545,2104,CSBerk,DMel_CSBerk,I,M,3,0.644,NA
12/11/19,10:33:18,9,12,1,37998,38017,2.880865905,6.034565,4.654342215,15.0585,24.940595,23.32,18.27,0.0225,0.268840909,2105,CSBerk,DMel_CSBerk,I,F,3,1.063,NA
12/11/19,10:38:18,10,13,1,38345,38364,2.889775417,6.095475,4.770801615,14.7365,24.94194,23.326,18.2665,0.023,0.750718182,2106,CSBerk,DMel_CSBerk,I,F,3,NA,NA
12/11/19,10:48:18,11,15,1,38995,39014,3.211258888,6.56527,5.298573223,14.7455,24.9437,23.34,18.19,0.024,0.782909091,2107,CSBerk,DMel_CSBerk,I,F,3,1.183,NA
12/11/19,10:53:18,12,16,1,39348,39367,2.25074202,4.99041,3.783506947,14.4725,24.940065,23.32,18.363,0.0215,0.082572727,2108,CSBerk,DMel_CSBerk,I,F,3,0.801,NA
12/11/19,11:03:18,13,18,1,39919,39938,2.022477158,4.50991,3.340136577,14.729,24.93992,23.28,18.27,3.5035,0.017822727,2109,CSBerk,DMel_CSBerk,U,M,3,0.566,NA
12/11/19,11:08:18,14,19,1,40111,40130,1.955601578,4.362585,3.218603498,14.7785,24.94216,23.2545,18.31,3.4685,0,2110,CSBerk,DMel_CSBerk,U,M,3,0.543,NA
12/11/19,11:18:19,15,21,1,40826,40845,2.192731967,5.49048,4.395627605,12.1305,24.94152,23.18,18.4225,3.51,0.298795455,2111,CSBerk,DMel_CSBerk,U,M,3,0.616,bad flow
12/11/19,11:23:19,16,22,1,41072,41091,1.359788103,3.31596,2.247616035,14.7115,24.940625,23.18,18.518,3.4415,-4.28E-15,2112,CSBerk,DMel_CSBerk,U,M,3,0.514,NA
12/11/19,11:33:19,1,24,1,41615,41634,2.12095082,4.59391,3.548822657,14.533,24.940295,23.18,18.54,3.4065,0.167772727,2097,CSBerk,DMel_CSBerk,U,F,3,0.847,NA
12/11/19,11:38:19,2,25,1,42008,42027,2.075129207,4.466095,3.455622846,14.6025,24.939705,23.18,18.777,3.383,0.215895455,2098,CSBerk,DMel_CSBerk,U,F,3,0.712,NA
12/11/19,11:48:19,3,27,1,42504,42523,2.668049245,5.47641,4.473748279,14.502,24.93998,23.18,18.74,3.398,0.000204545,2099,CSBerk,DMel_CSBerk,U,F,3,1.013,NA
12/11/19,11:53:19,4,28,1,42942,42961,2.198023757,4.679315,3.684734725,14.5055,24.94032,23.18,18.86,3.3575,0.000290909,2100,CSBerk,DMel_CSBerk,U,F,3,0.801,NA
12/11/19,12:03:19,5,30,1,43420,43439,1.43327294,3.34242,2.358265618,14.779,24.9429,23.18,18.89,3.655,-6.86E-14,2101,CSBerk,DMel_CSBerk,I,M,3,0.633,NA
12/11/19,12:08:19,6,31,1,43826,43845,1.474160268,3.38197,2.424622267,14.7845,24.942175,23.18,18.8585,3.5455,-1.37E-13,2102,CSBerk,DMel_CSBerk,I,M,3,0.694,NA
12/11/19,12:18:19,7,33,2,44452,44471,1.541750373,3.519305,2.57578101,14.5545,24.94095,23.17,18.8045,3.5345,2.74E-13,2103,CSBerk,DMel_CSBerk,I,M,3,0.709,NA
12/11/19,12:23:19,8,34,2,44759,44778,1.655700076,3.69706,2.765509149,14.557,24.939855,23.1425,18.8,3.519,-1.37E-13,2104,CSBerk,DMel_CSBerk,I,M,3,0.644,NA
12/11/19,12:33:19,9,36,2,45199,45218,2.720017015,5.321305,4.389174648,15.066,24.941765,23.115,18.773,3.481,0.262054545,2105,CSBerk,DMel_CSBerk,I,F,3,1.063,NA
12/11/19,12:38:18,10,37,2,45539,45558,2.358491042,4.83499,3.900365427,14.7,24.940845,23.1,18.73,3.485,0.019677273,2106,CSBerk,DMel_CSBerk,I,F,3,NA,NA
12/11/19,12:48:19,11,39,2,46171,46190,2.447784397,4.95014,4.015821434,14.8165,24.9411,23.0725,18.64,3.577,0.234368182,2107,CSBerk,DMel_CSBerk,I,F,3,1.183,NA
12/11/19,12:53:18,12,40,2,46556,46575,1.953823865,4.21491,3.282977241,14.4665,24.94129,23.07,18.6035,3.6055,0.286890909,2108,CSBerk,DMel_CSBerk,I,F,3,0.801,NA
12/11/19,13:03:19,13,42,2,47006,47025,1.733035972,3.786245,2.859018044,14.734,24.94296,23.06,18.57,3.4355,0.467886364,2109,CSBerk,DMel_CSBerk,U,M,3,0.566,NA
12/11/19,13:08:19,14,43,2,47448,47467,1.660345439,3.651715,2.73949512,14.732,24.941655,23.06,18.64,0.034,0.069681818,2110,CSBerk,DMel_CSBerk,U,M,3,0.543,NA
12/11/19,13:18:18,15,45,2,48041,48060,1.802885837,4.532065,3.622180952,12.1,24.939035,23.1,18.64,0.034,0.316181818,2111,CSBerk,DMel_CSBerk,U,M,3,0.616,bad flow
12/11/19,13:23:18,16,46,2,48252,48271,1.101220942,2.733675,1.825086961,14.669,24.942535,23.11,18.666,0.037,0.149913636,2112,CSBerk,DMel_CSBerk,U,M,3,0.514,NA
12/12/19,11:24:47,7,9,1,41155,41174,1.87931541,3.81853,2.284956187,20.006,13.629195,23.27,24.59,3.338,0.102054545,2119,CSBerk,DMel_CSBerk,U,M,3,0.69,NA
12/12/19,11:29:47,8,10,1,41387,41406,1.638857265,3.49125,1.994938306,19.9805,13.63233,23.24,24.569,3.2745,0.012795455,2120,CSBerk,DMel_CSBerk,U,M,3,0.59,NA
12/12/19,11:39:47,9,12,1,42108,42127,2.172492004,3.966635,2.542883802,20.774,13.651135,23.1695,24.6485,3.401,6.86E-14,2121,CSBerk,DMel_CSBerk,U,F,3,0.745,NA
12/12/19,11:44:47,10,13,1,42436,42455,2.331635808,4.169555,2.805166779,20.209,13.874215,23.141,24.7205,3.5935,0.613840909,2122,CSBerk,DMel_CSBerk,U,F,3,0.82,NA
12/12/19,11:54:47,11,15,1,42901,42920,2.256931199,4.040195,2.695722009,20.356,13.71487,23.14,24.46,3.72,0.002545455,2123,CSBerk,DMel_CSBerk,U,F,3,0.826,NA
12/12/19,11:59:47,12,16,1,43243,43262,2.185140807,3.983145,2.677293088,19.8435,13.848765,23.129,24.361,3.802,0,2124,CSBerk,DMel_CSBerk,U,F,3,1.077,NA
12/12/19,12:09:47,13,18,1,43835,43854,1.50415395,3.08478,1.808080827,20.224,13.65936,23.1,24.1515,3.621,6.86E-14,2125,CSBerk,DMel_CSBerk,I,M,3,0.685,NA
12/12/19,12:14:47,14,19,1,44140,44159,1.488933446,3.03927,1.790640292,20.214,13.81974,23.097,24.02,3.4455,0,2126,CSBerk,DMel_CSBerk,I,M,3,0.648,NA
12/12/19,12:24:47,15,21,1,44708,44727,1.507116012,3.55549,2.330391697,15.7215,13.77057,23.092,23.79,3.4775,2.68E-16,2127,CSBerk,DMel_CSBerk,I,M,3,0.759,bad flow
12/12/19,12:29:47,16,22,1,45123,45142,1.474429153,2.9746,1.784824374,20.082,13.847065,23.09,23.626,3.5265,-1.37E-13,2128,CSBerk,DMel_CSBerk,I,M,3,0.656,NA
12/12/19,12:39:47,1,24,1,45734,45753,1.861909662,3.47243,2.289997944,19.765,13.74235,23.0875,23.145,3.5295,0,2113,CSBerk,DMel_CSBerk,I,F,3,1.136,NA
12/12/19,12:44:47,2,25,1,45928,45947,2.129538823,3.77523,2.59594981,19.9415,13.83783,23.087,22.9775,3.569,0.350795455,2114,CSBerk,DMel_CSBerk,I,F,3,0.928,NA
12/12/19,12:54:47,3,27,1,46526,46545,2.673679923,4.445895,3.277178002,19.832,13.63205,23.079,22.6085,3.6355,6.86E-14,2115,CSBerk,DMel_CSBerk,I,F,3,1.115,NA
12/12/19,12:59:47,4,28,1,46804,46823,2.205427678,3.86453,2.7097963,19.7835,13.73376,23.07,22.37,3.5835,1.406340909,2116,CSBerk,DMel_CSBerk,I,F,3,1.018,NA
12/12/19,13:09:47,5,30,1,47407,47426,1.127420221,2.49698,1.352416716,20.261,13.556365,23.03,22.37,4.0445,5.36E-16,2117,CSBerk,DMel_CSBerk,U,M,3,0.601,NA
12/12/19,13:14:47,6,31,1,47773,47792,1.189508619,2.562875,1.424431436,20.2945,13.838685,23.01,22.44,3.547,0,2118,CSBerk,DMel_CSBerk,U,M,3,0.596,NA
12/12/19,13:24:47,7,33,2,48340,48359,1.411043781,2.86627,1.72765978,19.848,13.640275,22.99,22.66,4.0485,-6.86E-14,2119,CSBerk,DMel_CSBerk,U,M,3,0.69,NA
12/12/19,13:29:47,8,34,2,48633,48652,1.191149655,2.600395,1.459275702,19.8355,13.744445,22.98,22.75,4.049,1.37E-13,2120,CSBerk,DMel_CSBerk,U,M,3,0.59,NA
12/12/19,13:39:47,9,36,2,49249,49268,1.544607575,2.957205,1.820384289,20.617,13.614935,22.95,22.82,4.0455,0,2121,CSBerk,DMel_CSBerk,U,F,3,0.745,NA
12/12/19,13:44:47,10,37,2,49647,49666,1.702923164,3.1864,2.060711168,20.077,13.73937,22.9235,22.75,3.639,0.000290909,2122,CSBerk,DMel_CSBerk,U,F,3,0.82,NA
12/12/19,13:54:47,11,39,2,50096,50115,2.006906096,3.53397,2.412842468,20.2055,13.493705,22.883,22.549,4.007,0.793586364,2123,CSBerk,DMel_CSBerk,U,F,3,0.826,NA
12/12/19,13:59:47,12,40,2,50387,50406,1.726749641,3.2353,2.123197857,19.755,13.54625,22.86,22.381,3.657,4.28E-15,2124,CSBerk,DMel_CSBerk,U,F,3,1.077,NA
12/12/19,14:09:47,13,42,2,51147,51166,1.418397191,2.809935,1.713510874,20.1015,13.603095,22.78,22.0375,3.415,0,2125,CSBerk,DMel_CSBerk,I,M,3,0.685,NA
12/12/19,14:14:47,14,43,2,51356,51375,1.195966557,2.5335,1.444599124,20.1045,13.714545,22.78,21.8755,3.4475,-2.14E-15,2126,CSBerk,DMel_CSBerk,I,M,3,0.648,NA
12/12/19,14:24:47,15,45,2,51916,51935,1.269970136,3.05094,1.965641009,15.6885,13.548355,22.76,21.34,3.352,0,2127,CSBerk,DMel_CSBerk,I,M,3,0.759,bad flow
12/12/19,14:29:47,16,46,2,52257,52276,1.277646676,2.635745,1.550412115,20.01,13.68224,22.755,21.27,3.4335,-2.74E-13,2128,CSBerk,DMel_CSBerk,I,M,3,0.656,NA
12/12/19,14:39:47,1,48,2,52941,52960,1.45173304,2.883935,1.791371972,19.6785,13.602315,22.76,20.823,3.4535,-2.68E-16,2113,CSBerk,DMel_CSBerk,I,F,3,1.136,NA
12/12/19,14:44:47,2,49,2,53203,53222,2.095059045,3.65567,2.556434286,19.8995,13.685055,22.75,20.6,3.484,0.903340909,2114,CSBerk,DMel_CSBerk,I,F,3,0.928,NA
12/13/19,10:27:30,7,9,1,37767,37786,1.599326491,3.299355,2.008361134,19.372,12.950395,23.3,21.344,3.3525,-6.86E-14,2135,CSBerk,DMel_CSBerk,I,M,4,0.644,NA
12/13/19,10:32:30,8,10,1,37985,38004,1.996016743,3.73877,2.515146879,19.3045,13.033255,23.2835,21.2045,3.4955,2.306027273,2136,CSBerk,DMel_CSBerk,I,M,4,0.679,NA
12/13/19,10:42:30,9,12,1,38604,38623,2.859975783,4.610815,3.455580928,20.129,12.928205,23.23,21.31,3.4895,0.324631818,2137,CSBerk,DMel_CSBerk,I,F,4,1.131,NA
12/13/19,10:47:30,10,13,1,38996,39015,2.62004853,4.360365,3.262431616,19.5285,13.10725,23.18,21.43,3.517,2.658327273,2138,CSBerk,DMel_CSBerk,I,F,4,0.926,NA
12/13/19,10:57:30,11,15,1,39523,39542,1.552528197,2.976905,1.917815069,19.685,12.9461,23.1745,21.656,3.624,0,2139,CSBerk,DMel_CSBerk,I,F,4,0.672,NA
12/13/19,11:02:30,12,16,1,39910,39929,2.331088333,3.94135,2.949929331,19.213,13.162145,23.14,21.57,3.559,-2.68E-16,2140,CSBerk,DMel_CSBerk,I,F,4,0.962,NA
12/13/19,11:12:30,13,18,1,40509,40528,1.710104717,3.082345,2.118712966,19.622,13.068735,23.1,21.41,3.594,0.394604545,2141,CSBerk,DMel_CSBerk,U,M,4,NA,NA
12/13/19,11:17:30,14,19,1,40663,40682,1.328426065,2.593075,1.643389709,19.6505,13.120305,23.09,21.37,3.5875,4.28E-15,2142,CSBerk,DMel_CSBerk,U,M,4,0.638,NA
12/13/19,11:27:30,15,21,1,41296,41315,1.27265488,2.945335,2.019480129,15.318,13.057165,23.06,21.3,3.3245,-4.28E-15,2143,CSBerk,DMel_CSBerk,U,M,4,0.557,bad flow
12/13/19,11:32:30,16,22,1,41653,41672,1.339528604,2.573175,1.666964826,19.5305,13.113405,23.03,21.41,3.422,0.15,2144,CSBerk,DMel_CSBerk,U,M,4,0.577,NA
12/13/19,11:42:30,1,24,1,42151,42170,2.573924691,4.152145,3.256454554,19.2105,13.033675,23.03,21.77,3.449,0.273786364,2129,CSBerk,DMel_CSBerk,U,F,4,1.123,NA
12/13/19,11:47:30,2,25,1,42610,42629,2.22558631,3.6645,2.792939311,19.3705,13.36394,23.08,21.766,0.03,-6.86E-14,2130,CSBerk,DMel_CSBerk,U,F,4,1.155,NA
12/13/19,11:57:30,3,27,1,43177,43196,2.543481406,4.07614,3.214687794,19.239,13.23397,23.17,21.4525,0.061,0.576372727,2131,CSBerk,DMel_CSBerk,U,F,4,1.128,NA
12/13/19,12:02:30,4,28,1,43445,43464,2.213611952,3.65088,2.799467676,19.228,13.37104,23.18,21.386,0.077,0.756904545,2132,CSBerk,DMel_CSBerk,U,F,4,1.07,NA
12/13/19,12:12:30,5,30,1,44110,44129,1.189408128,2.30067,1.471493139,19.6555,13.266845,23.18,21.03,3.575,0,2133,CSBerk,DMel_CSBerk,I,M,4,0.659,NA
12/13/19,12:17:30,6,31,1,44282,44301,1.922154951,3.185995,2.368370672,19.7355,13.35631,23.18,20.9595,3.5215,2.824627273,2134,CSBerk,DMel_CSBerk,I,M,4,0.662,NA
12/13/19,12:27:30,7,33,2,44897,44916,1.219353101,2.34776,1.531716012,19.358,13.21789,23.18,20.52,3.4585,-6.86E-14,2135,CSBerk,DMel_CSBerk,I,M,4,0.644,NA
12/13/19,12:32:30,8,34,2,45161,45180,1.41623067,2.60973,1.782236085,19.322,13.34171,23.165,20.51,3.5915,-1.37E-13,2136,CSBerk,DMel_CSBerk,I,M,4,0.679,NA
12/13/19,12:42:30,9,36,2,45864,45883,2.27622025,3.575585,2.758700048,20.059,13.29857,23.1,21.37,3.2395,0.111590909,2137,CSBerk,DMel_CSBerk,I,F,4,1.131,NA
12/13/19,12:47:30,10,37,2,46095,46114,2.081183015,3.389745,2.589445807,19.5385,13.4408,23.1,21.61,3.327,0.148663636,2138,CSBerk,DMel_CSBerk,I,F,4,0.926,NA
12/13/19,12:57:30,11,39,2,46694,46713,1.275359892,2.36426,1.578758337,19.6385,13.218585,23.1,22.44,3.1405,-4.28E-15,2139,CSBerk,DMel_CSBerk,I,F,4,0.672,NA
12/13/19,13:02:30,12,40,2,47078,47097,1.87062845,3.13769,2.365154595,19.226,13.365295,23.08,22.265,3.204,-5.36E-16,2140,CSBerk,DMel_CSBerk,I,F,4,0.962,NA
12/13/19,13:12:30,13,42,2,47551,47570,1.139781198,2.18213,1.413000866,19.6065,13.20466,23.053,22.17,3.1985,0.114509091,2141,CSBerk,DMel_CSBerk,U,M,4,NA,NA
12/13/19,13:17:30,14,43,2,47984,48003,1.130162433,2.16407,1.401593373,19.597,13.39461,23.02,22.1365,3.4015,4.28E-15,2142,CSBerk,DMel_CSBerk,U,M,4,0.638,NA
12/13/19,13:27:30,15,45,2,48461,48480,1.11664502,2.537855,1.775404641,15.2865,13.325195,23.03,22.28,3.514,0,2143,CSBerk,DMel_CSBerk,U,M,4,0.557,bad flow
12/13/19,13:32:30,16,46,2,48910,48929,1.196182197,2.25492,1.490810594,19.5045,13.509835,23.08,22.33,3.4945,-4.28E-15,2144,CSBerk,DMel_CSBerk,U,M,4,0.577,NA
12/13/19,13:42:30,1,48,2,49391,49410,2.226261559,3.587035,2.817608672,19.2075,13.239745,23.09,22.44,0.03,8.64E-05,2129,CSBerk,DMel_CSBerk,U,F,4,1.123,NA
12/13/19,13:47:30,2,49,2,49781,49800,1.729637239,2.95598,2.174503069,19.3375,13.50143,23.11,22.37,0.029,6.86E-14,2130,CSBerk,DMel_CSBerk,U,F,4,1.155,NA
12/13/19,13:57:31,3,51,2,50380,50399,1.734959436,2.98016,2.196929539,19.2035,13.38528,23.18,21.605,0.032,6.86E-14,2131,CSBerk,DMel_CSBerk,U,F,4,1.128,NA
12/13/19,14:02:30,4,52,2,50583,50602,1.690582392,2.928065,2.144420025,19.1705,13.479355,23.18,21.15,0.0335,0.644522727,2132,CSBerk,DMel_CSBerk,U,F,4,1.07,NA
12/13/19,14:12:30,5,54,2,51210,51229,1.1246761,2.172645,1.392135801,19.648,13.369585,23.224,21.217,0.0285,-6.86E-14,2133,CSBerk,DMel_CSBerk,I,M,4,0.659,NA
12/13/19,14:17:31,6,55,2,51467,51486,1.756004654,2.94308,2.167201547,19.706,13.482275,23.22,21.47,2.9005,1.411354545,2134,CSBerk,DMel_CSBerk,I,M,4,0.662,NA
12/13/19,14:27:31,7,57,3,52165,52184,1.156980794,2.232665,1.456842734,19.311,13.379965,23.17,21.852,3.0005,-1.03E-13,2135,CSBerk,DMel_CSBerk,I,M,4,0.644,NA
12/13/19,14:32:31,8,58,3,52511,52530,1.348140826,2.480685,1.701064727,19.267,13.528695,23.11,22.05,2.8905,-1.37E-13,2136,CSBerk,DMel_CSBerk,I,M,4,0.679,NA
12/16/19,10:37:28,7,9,1,38408,38427,3.207161202,5.776875,4.224159307,18.4625,12.532585,23.18,16.45,3.754,-1.71E-14,2151,CSBerk,DMel_CSBerk,I,F,3,1.1,NA
12/16/19,10:42:28,8,10,1,38549,38568,3.189061375,5.7147,4.202471072,18.453,12.614495,23.18,16.4615,3.7395,-1.71E-14,2152,CSBerk,DMel_CSBerk,I,F,3,1.061,NA
12/16/19,10:52:27,9,12,1,39307,39326,1.861064487,3.76297,2.365231496,19.1335,12.586095,23.18,16.414,3.944,0,2153,CSBerk,DMel_CSBerk,I,M,3,0.682,NA
12/16/19,10:57:27,10,13,1,39582,39601,2.451017291,4.526635,3.191965483,18.672,12.72986,23.18,16.37,3.704,0.481304545,2154,CSBerk,DMel_CSBerk,I,M,3,0.646,NA
12/16/19,11:07:27,11,15,1,40052,40071,2.498745082,4.53897,3.233594779,18.7905,12.56678,23.18,16.37,3.882,1.518222727,2155,CSBerk,DMel_CSBerk,I,M,3,0.712,NA
12/16/19,11:12:28,12,16,1,40348,40367,2.318383655,4.322145,3.063826087,18.4005,12.7346,23.18,16.33,3.8875,1.731822727,2156,CSBerk,DMel_CSBerk,I,M,3,0.731,NA
12/16/19,11:22:27,13,18,1,40963,40982,1.445346311,3.08101,1.875852274,18.738,12.66558,23.21,16.3275,3.9055,0,2157,CSBerk,DMel_CSBerk,U,M,3,0.622,NA
12/16/19,11:27:27,14,19,1,41247,41266,1.69453507,3.352375,2.19869655,18.7435,12.819835,23.22,16.25,3.993,0,2158,CSBerk,DMel_CSBerk,U,M,3,0.67,NA
12/16/19,11:37:28,15,21,1,42007,42026,1.567263418,3.680655,2.57899741,14.7785,12.81983,23.2,16.17,3.7865,1.71E-14,2159,CSBerk,DMel_CSBerk,U,M,3,0.656,bad flow
12/16/19,11:42:27,16,22,1,42201,42220,1.855407079,3.506175,2.418838062,18.653,12.896145,23.185,16.1835,3.811,3.43E-14,2160,CSBerk,DMel_CSBerk,U,M,3,0.695,NA
12/16/19,11:52:27,1,24,1,42894,42913,3.212874654,5.307075,4.259900343,18.342,12.876355,23.21,16.41,3.988,2.27E-05,2145,CSBerk,DMel_CSBerk,U,F,3,1.033,NA
12/16/19,11:57:27,2,25,1,43079,43098,1.803147625,3.39669,2.370682505,18.498,12.944075,23.22,16.25,3.941,8.57E-15,2146,CSBerk,DMel_CSBerk,U,F,3,0.954,NA
12/16/19,12:07:27,3,27,1,43697,43716,2.226883855,3.95377,2.942585464,18.4025,12.82836,23.18,16.05,3.9245,0.366127273,2147,CSBerk,DMel_CSBerk,U,F,3,0.916,NA
12/16/19,12:12:27,4,28,1,44052,44071,1.876910936,3.4988,2.485816946,18.3605,13.00508,23.18,16.036,3.9475,6.86E-14,2148,CSBerk,DMel_CSBerk,U,F,3,0.98,NA
12/16/19,12:22:27,5,30,1,44547,44566,1.37878466,2.79082,1.782878149,18.8035,12.761185,23.15,16.1065,3.785,1.07E-15,2149,CSBerk,DMel_CSBerk,I,F,3,0.926,NA
12/16/19,12:27:27,6,31,1,44946,44965,1.562797147,3.01294,2.021537319,18.794,13.042135,23.11,16.049,3.83,-2.14E-15,2150,CSBerk,DMel_CSBerk,I,F,3,0.931,NA
12/16/19,12:37:27,7,33,2,45540,45559,2.025601512,3.64422,2.667095362,18.464,12.95704,23.11,15.88,3.757,1.37E-13,2151,CSBerk,DMel_CSBerk,I,F,3,1.1,NA
12/16/19,12:42:27,8,34,2,45907,45926,2.688634124,4.501785,3.543390901,18.4485,13.119105,23.14,15.84,3.7955,0.693954545,2152,CSBerk,DMel_CSBerk,I,F,3,1.061,NA
12/16/19,12:52:27,9,36,2,46398,46417,1.497570853,2.86115,1.90282341,19.138,12.90794,23.18,15.808,3.909,0.242895455,2153,CSBerk,DMel_CSBerk,I,M,3,0.682,NA
12/16/19,12:57:27,10,37,2,46774,46793,1.750553344,3.240465,2.281269046,18.659,13.09976,23.17,15.7375,3.7675,0.06935,2154,CSBerk,DMel_CSBerk,I,M,3,0.646,NA
12/16/19,13:07:27,11,39,2,47372,47391,2.031645172,3.57605,2.632212873,18.766,12.9844,23.13,15.84,0.1995,0.980577273,2155,CSBerk,DMel_CSBerk,I,M,3,0.712,NA
12/16/19,13:12:27,12,40,2,47566,47585,1.51474158,2.93882,2.006765489,18.351,13.058065,23.118,15.8,0.193,4.11E-13,2156,CSBerk,DMel_CSBerk,I,M,3,0.731,NA
12/16/19,13:22:27,13,42,2,48147,48166,1.530409765,2.90865,1.987601641,18.7195,12.86889,23.13,15.6835,0.2065,0.346668182,2157,CSBerk,DMel_CSBerk,U,M,3,0.622,NA
12/16/19,13:27:27,14,43,2,48598,48617,1.413207914,2.753475,1.838923527,18.683,13.080695,23.11,15.521,0.227,0,2158,CSBerk,DMel_CSBerk,U,M,3,0.67,NA
12/16/19,13:37:27,15,45,2,49072,49091,1.275089825,3.004135,2.093103971,14.81,12.97306,23.11,15.4075,0.3675,-8.57E-15,2159,CSBerk,DMel_CSBerk,U,M,3,0.656,bad flow
12/16/19,13:42:27,16,46,2,49358,49377,1.371052904,2.69598,1.790972449,18.611,13.025465,23.11,15.4,0.55,-1.03E-13,2160,CSBerk,DMel_CSBerk,U,M,3,0.695,NA
12/17/19,10:08:56,7,9,1,36630,36649,2.729134067,4.956075,3.635997652,18.2815,12.61758,23.66,13.94,3.8315,1.61E-15,2167,sech,DSech,U,F,4,0.845,NA
12/17/19,10:13:56,8,10,1,36920,36939,2.065740834,3.996045,2.764280707,18.202,12.763235,23.67,13.9,3.79,0,2168,sech,DSech,U,F,4,0.912,NA
12/17/19,10:23:56,9,12,1,37474,37493,2.301135565,4.129425,2.960435915,18.934,12.652795,23.6925,14.02,3.8805,2.68E-16,2169,sech,DSech,I,F,4,0.828,NA
12/17/19,10:28:56,10,13,1,37879,37898,2.497221744,4.375145,3.294985308,18.463,12.94856,23.7205,14.076,3.7025,0,2170,sech,DSech,I,F,4,0.803,NA
12/17/19,10:38:56,11,15,1,38496,38515,2.270819714,3.991745,2.976586881,18.585,12.81655,23.72,14.1745,1.351,1.07E-15,2171,sech,DSech,I,F,4,0.848,NA
12/17/19,10:43:56,12,16,1,38670,38689,1.920724315,3.551785,2.572201786,18.191,12.89492,23.72,14.07,0.1245,-1.34E-16,2172,sech,DSech,I,F,4,0.798,NA
12/17/19,10:53:56,13,18,1,39330,39349,1.755466813,3.230575,2.310660992,18.5065,12.80003,23.7,14.1485,0.1385,1.07E-15,2173,sech,DSech,U,M,4,0.654,NA
12/17/19,10:58:56,14,19,1,39555,39574,1.744474364,3.186185,2.298451287,18.4885,12.900435,23.7,14.143,0.166,0,2174,sech,DSech,U,M,4,0.596,NA
12/17/19,11:08:56,15,21,1,40204,40223,1.975252837,4.13443,3.273592273,14.6985,12.864665,23.7045,14.145,0.189,-1.07E-15,2175,sech,DSech,U,M,4,0.595,bad flow
12/17/19,11:13:56,16,22,1,40442,40461,1.87003475,3.325465,2.4710996,18.4345,12.94576,23.7055,14.1075,0.1785,1.07E-15,2176,sech,DSech,U,M,4,0.636,NA
12/17/19,11:23:56,1,24,1,41130,41149,1.527419451,2.872325,2.04643864,18.181,12.914595,23.69,14.076,0.168,2.14E-15,2161,sech,DSech,I,M,4,0.634,NA
12/17/19,11:28:56,2,25,1,41433,41452,1.557979317,2.865345,2.072039904,18.315,13.06316,23.68,14.14,0.1615,-8.57E-15,2162,sech,DSech,I,M,4,0.604,NA
12/17/19,11:38:56,3,27,1,41964,41983,1.403874684,2.642215,1.879170556,18.196,12.854705,23.662,14.3015,0.212,-2.14E-15,2163,sech,DSech,I,M,4,0.626,NA
12/17/19,11:43:56,4,28,1,42250,42269,1.39239315,2.58848,1.866228787,18.1715,13.01159,23.65,14.26,0.1695,-4.28E-15,2164,sech,DSech,I,M,4,0.636,NA
12/17/19,11:53:56,5,30,1,42904,42923,1.496789654,2.65775,1.958417422,18.6125,12.90801,23.6195,14.22,0.1525,0,2165,sech,DSech,U,F,4,0.82,NA
12/17/19,11:58:56,6,31,1,43139,43158,1.561872602,2.740205,2.041751855,18.628,13.0471,23.6,14.14,0.2015,1.07E-15,2166,sech,DSech,U,F,4,0.798,NA
12/17/19,12:08:56,7,33,2,43831,43850,1.723085255,2.97686,2.29543432,18.277,12.92789,23.56,14.0515,0.209,4.28E-15,2167,sech,DSech,U,F,4,0.845,NA
12/17/19,12:13:56,8,34,2,44078,44097,1.583099681,2.778795,2.115417789,18.221,13.03724,23.56,13.94,0.2085,0,2168,sech,DSech,U,F,4,0.912,NA
12/17/19,12:23:56,9,36,2,44709,44728,1.64844161,2.77525,2.116443521,18.965,12.94668,23.57,13.98,0.1995,-2.14E-15,2169,sech,DSech,I,F,4,0.828,NA
12/17/19,12:28:56,10,37,2,45024,45043,1.770603388,3.00168,2.335491188,18.4595,13.116265,23.57,14.1,0.1945,1.07E-15,2170,sech,DSech,I,F,4,0.803,NA
12/17/19,12:38:56,11,39,2,45659,45678,1.593958743,2.76526,2.092313006,18.5495,12.99132,23.5725,14.29,0.235,0,2171,sech,DSech,I,F,4,0.848,NA
12/17/19,12:43:56,12,40,2,45910,45929,1.578592578,2.795485,2.117718657,18.151,13.112305,23.585,14.33,0.224,0,2172,sech,DSech,I,F,4,0.798,NA
12/17/19,12:53:56,13,42,2,46436,46455,1.35297103,2.46356,1.782135476,18.4865,12.96469,23.59,14.45,0.1915,2.14E-15,2173,sech,DSech,U,M,4,0.654,NA
12/17/19,12:58:56,14,43,2,46878,46897,1.328807046,2.434245,1.746593141,18.526,13.18736,23.5925,14.49,0.1535,-1.07E-15,2174,sech,DSech,U,M,4,0.596,NA
12/17/19,13:08:56,15,45,2,47402,47421,1.360392598,2.942535,2.259149117,14.663,13.006535,23.5875,14.58,0.1945,8.64E-05,2175,sech,DSech,U,M,4,0.595,bad flow
12/17/19,13:13:56,16,46,2,47636,47655,1.362212639,2.475875,1.798058943,18.4475,13.046385,23.59,14.58,0.2055,-4.28E-15,2176,sech,DSech,U,M,4,0.636,NA
12/17/19,13:23:56,1,48,2,48331,48350,1.599324353,2.812875,2.14510749,18.155,13.00922,23.59,14.653,0.181,0.000563636,2161,sech,DSech,I,M,4,0.634,NA
12/17/19,13:28:56,2,49,2,48658,48677,1.416842965,2.546265,1.887257292,18.2815,13.16728,23.6,14.69,0.1755,0.074240909,2162,sech,DSech,I,M,4,0.604,NA
12/17/19,13:38:56,3,51,2,49214,49233,1.536743004,2.7165,2.058787567,18.1775,13.02001,23.61,14.671,0.311,0,2163,sech,DSech,I,M,4,0.626,NA
12/17/19,13:43:56,4,52,2,49491,49510,1.293543426,2.3942,1.73651804,18.14,13.164775,23.61,14.65,0.2175,4.28E-15,2164,sech,DSech,I,M,4,0.636,NA
12/17/19,13:53:56,5,54,2,50122,50141,1.35234523,2.434335,1.775196417,18.5515,13.018185,23.61,14.73,0.141,-2.14E-15,2165,sech,DSech,U,F,4,0.82,NA
12/17/19,13:58:56,6,55,2,50458,50477,1.439423067,2.544255,1.882825663,18.6165,13.149425,23.6,14.65,0.118,2.14E-15,2166,sech,DSech,U,F,4,0.798,NA
12/18/19,10:56:45,7,9,1,39453,39472,1.996473187,3.92344,2.687529264,18.091,12.4641,23.62,12.8,3.709,-5.36E-16,2183,sech,DSech,U,M,5,0.625,NA
12/18/19,11:01:45,8,10,1,39770,39789,2.044882845,3.906475,2.759815058,18.0455,12.64801,23.64,13.257,3.884,0,2184,sech,DSech,U,M,5,0.499,NA
12/18/19,11:11:45,9,12,1,40306,40325,1.58858687,3.14843,2.0646458,18.739,12.48165,23.64,13.7765,4.092,0,2185,sech,DSech,I,M,5,0.556,NA
12/18/19,11:16:45,10,13,1,40605,40624,1.686938648,3.25354,2.246405081,18.289,12.660585,23.64,13.1715,3.934,1.07E-15,2186,sech,DSech,I,M,5,0.641,NA
12/18/19,11:26:45,11,15,1,41231,41250,1.551640772,2.98479,2.050894914,18.426,12.525125,23.64,12.81,3.8145,2.68E-16,2187,sech,DSech,I,M,5,0.56,NA
12/18/19,11:31:45,12,16,1,41610,41629,1.663456659,3.11066,2.249367546,18.0095,12.73806,23.62,13.2,3.9255,-4.28E-15,2188,sech,DSech,I,M,5,0.619,NA
12/18/19,11:41:45,13,18,1,42210,42229,2.017442121,3.504105,2.684679559,18.2985,12.63182,23.59,12.8615,4.2115,-1.07E-15,2189,sech,DSech,I,F,5,0.793,NA
12/18/19,11:46:45,14,19,1,42494,42513,1.890765835,3.290785,2.507332149,18.3615,12.767455,23.57,12.89,0.22,2.68E-16,2190,sech,DSech,I,F,5,0.752,NA
12/18/19,11:56:44,15,21,1,43165,43184,2.101720659,4.246565,3.50365118,14.606,12.72177,23.57,12.78,0.229,1.07E-15,2191,sech,DSech,I,F,5,0.917,bad flow
12/18/19,12:01:45,16,22,1,43422,43441,1.986708614,3.364915,2.648844697,18.2625,12.82885,23.57,13,0.2075,-5.36E-16,2192,sech,DSech,I,F,5,0.919,NA
12/18/19,12:11:45,1,24,1,43916,43935,1.745676062,3.055195,2.356880895,18.0325,12.6322,23.54,12.9145,3.8965,0.066618182,2177,sech,DSech,U,F,5,0.909,NA
12/18/19,12:16:45,2,25,1,44328,44347,2.113359829,3.49398,2.831653875,18.1675,12.81999,23.49,12.81,3.8765,0,2178,sech,DSech,U,F,5,0.892,NA
12/18/19,12:26:45,3,27,1,44819,44838,1.974772256,3.30993,2.660503712,18.064,12.63099,23.42,12.851,3.8535,-1.07E-15,2179,sech,DSech,U,F,5,1.052,NA
12/18/19,12:31:44,4,28,1,45228,45247,1.962375716,3.28007,2.656082758,17.978,12.854475,23.38,12.81,3.865,0,2180,sech,DSech,U,F,5,0.915,NA
12/18/19,12:41:44,5,30,1,45766,45785,1.305790126,2.336515,1.725768521,18.4105,12.66329,23.36,13.0615,4.0575,-1.07E-15,2181,sech,DSech,U,M,5,0.626,NA
12/18/19,12:46:44,6,31,1,46004,46023,1.337818671,2.36075,1.762942203,18.4635,12.814735,23.35,13.02,3.8345,-8.57E-15,2182,sech,DSech,U,M,5,0.616,NA
12/18/19,12:56:44,7,33,2,46684,46703,1.357531412,2.41154,1.830025423,18.047,12.677955,23.32,13.2395,3.8115,2.14E-15,2183,sech,DSech,U,M,5,0.625,NA
12/18/19,13:01:45,8,34,2,47064,47083,1.381957374,2.4309,1.862224683,18.054,12.900665,23.32,13.3805,3.632,0,2184,sech,DSech,U,M,5,0.499,NA
12/18/19,13:11:44,9,36,2,47544,47563,1.247892985,2.19014,1.616003066,18.786,12.662905,23.31,13.71,3.8325,-1.07E-15,2185,sech,DSech,I,M,5,0.556,NA
12/18/19,13:16:44,10,37,2,47877,47896,1.34313502,2.371415,1.785917563,18.296,12.84656,23.31,13.4405,3.661,1.07E-15,2186,sech,DSech,I,M,5,0.641,NA
12/18/19,13:26:44,11,39,2,48544,48563,1.234841509,2.2105,1.632521145,18.4005,12.74631,23.2935,13.381,3.6205,0,2187,sech,DSech,I,M,5,0.56,NA
12/18/19,13:31:44,12,40,2,48770,48789,1.336525554,2.378255,1.809341923,17.969,12.83854,23.29,13.29,3.6565,-4.28E-15,2188,sech,DSech,I,M,5,0.619,NA
12/18/19,13:41:44,13,42,2,49394,49413,1.489116937,2.533735,1.973562752,18.352,12.626365,23.25,13.4,3.779,2.14E-15,2189,sech,DSech,I,F,5,0.793,NA
12/18/19,13:46:44,14,43,2,49763,49782,1.768044533,2.895445,2.342987329,18.351,12.775025,23.2,13.4,3.6525,2.14E-15,2190,sech,DSech,I,F,5,0.752,NA
12/18/19,13:56:44,15,45,2,50280,50299,1.701549931,3.372725,2.829391248,14.6225,12.61885,23.1545,13.51,3.694,0,2191,sech,DSech,I,F,5,0.917,bad flow
12/18/19,14:01:44,16,46,2,50616,50635,1.62795845,2.694135,2.165360265,18.2765,12.680575,23.09,13.58,3.867,4.28E-15,2192,sech,DSech,I,F,5,0.919,NA
12/18/19,14:11:44,1,48,2,51118,51137,1.556808747,2.62826,2.10200252,17.9995,12.497075,23.01,13.691,3.862,0,2177,sech,DSech,U,F,5,0.909,NA
12/18/19,14:16:44,2,49,2,51564,51583,1.716500214,2.81632,2.290142572,18.213,12.71703,22.97,13.69,3.952,-2.68E-16,2178,sech,DSech,U,F,5,0.892,NA
12/18/19,14:26:44,3,51,2,52017,52036,1.648249848,2.7434,2.221535842,18.0265,12.517475,22.9395,13.78,3.6765,0,2179,sech,DSech,U,F,5,1.052,NA
12/18/19,14:31:44,4,52,2,52464,52483,1.650716576,2.741785,2.233445539,17.9565,12.826085,22.92,13.81,3.704,0,2180,sech,DSech,U,F,5,0.915,NA
12/19/19,11:14:20,7,9,1,40620,40639,2.156438076,4.105185,2.929722758,17.9245,12.35643,23.61,14.3465,4.2545,0,2199,sech,DSech,I,M,3,0.567,NA
12/19/19,11:19:20,8,10,1,40816,40835,2.112026414,3.993085,2.870839348,17.9155,12.448795,23.61,14.336,4.1475,4.28E-15,2200,sech,DSech,I,M,3,0.587,NA
12/19/19,11:29:20,9,12,1,41436,41455,2.313585825,4.07169,3.031651269,18.584,12.38312,23.61,14.367,3.7455,6.69E-17,2201,sech,DSech,U,F,3,0.781,NA
12/19/19,11:34:20,10,13,1,41791,41810,2.027476069,3.67533,2.724067476,18.1245,12.539775,23.6,14.417,3.9145,-5.36E-16,2202,sech,DSech,U,F,3,0.791,NA
12/19/19,11:44:20,11,15,1,42312,42331,2.321207336,4.0066,3.093595788,18.27,12.304585,23.5725,14.53,3.629,0.000186364,2203,sech,DSech,U,F,3,0.812,NA
12/19/19,11:49:20,12,16,1,42715,42734,2.086813441,3.69316,2.843726474,17.868,12.53745,23.57,14.61,3.8825,0,2204,sech,DSech,U,F,3,0.797,NA
12/19/19,11:59:20,13,18,1,43320,43339,1.650903925,3.013975,2.210964328,18.178,12.458225,23.52,14.4515,3.723,1.07E-15,2205,sech,DSech,U,M,3,0.699,NA
12/19/19,12:04:20,14,19,1,43518,43537,1.532084215,2.820515,2.047690314,18.214,12.543585,23.507,14.408,3.7955,0,2206,sech,DSech,U,M,3,0.737,NA
12/19/19,12:14:20,15,21,1,44084,44103,1.863159519,3.87457,3.128335387,14.496,12.440425,23.45,14.5055,3.7735,-5.36E-16,2207,sech,DSech,U,M,3,0.551,bad flow
12/19/19,12:19:20,16,22,1,44410,44429,1.536204657,2.7877,2.061835393,18.133,12.518195,23.43,14.64,3.8665,-5.36E-16,2208,sech,DSech,U,M,3,0.538,NA
12/19/19,12:29:20,1,24,1,45027,45046,2.055891175,3.50503,2.806386225,17.8265,12.435445,23.39,14.72,3.945,0,2193,sech,DSech,I,F,3,0.755,NA
12/19/19,12:34:20,2,25,1,45299,45318,1.712772019,2.98676,2.315460064,17.9995,12.56802,23.38,14.72,4.02,0.093090909,2194,sech,DSech,I,F,3,0.757,NA
12/19/19,12:44:20,3,27,1,45969,45988,1.556551762,2.7704,2.120461522,17.8585,12.487675,23.32,14.747,3.9255,0,2195,sech,DSech,I,F,3,0.785,NA
12/19/19,12:49:20,4,28,1,46235,46254,1.503708068,2.689085,2.048339356,17.858,12.617105,23.2915,14.854,3.8475,4.28E-15,2196,sech,DSech,I,F,3,0.786,NA
12/19/19,12:59:20,5,30,1,46841,46860,1.346496275,2.41142,1.792869732,18.267,12.46149,23.24,15.03,3.674,0,2197,sech,DSech,I,M,3,0.6,NA
12/19/19,13:04:20,6,31,1,47117,47136,1.360128218,2.403625,1.80989441,18.2765,12.56697,23.2175,15.03,3.9555,0,2198,sech,DSech,I,M,3,0.597,NA
12/19/19,13:14:20,7,33,2,47819,47838,1.3601298,2.416385,1.845143049,17.925,12.5141,23.18,15.11,3.863,5.36E-16,2199,sech,DSech,I,M,3,0.567,NA
12/19/19,13:19:20,8,34,2,48109,48128,1.312337637,2.340055,1.781249296,17.9155,12.64752,23.18,15.2685,3.8545,2.14E-15,2200,sech,DSech,I,M,3,0.587,NA
12/19/19,13:29:20,9,36,2,48718,48737,1.575468367,2.625275,2.060512632,18.5915,12.534725,23.16,15.32,3.676,0,2201,sech,DSech,U,F,3,0.781,NA
12/19/19,13:34:20,10,37,2,48912,48931,1.568208898,2.669865,2.100489967,18.1525,12.6081,23.14,15.36,2.585,-5.36E-16,2202,sech,DSech,U,F,3,0.791,NA
12/19/19,13:44:20,11,39,2,49509,49528,1.562246956,2.65338,2.085796917,18.2125,12.550215,23.17,15.3665,0.05,-6.86E-14,2203,sech,DSech,U,F,3,0.812,NA
12/19/19,13:49:20,12,40,2,49760,49779,1.516472925,2.625125,2.063990162,17.866,12.57835,23.18,15.42,0.0615,0,2204,sech,DSech,U,F,3,0.797,NA
12/19/19,13:59:20,13,42,2,50517,50536,1.489844778,2.53361,1.992758331,18.1745,12.437495,23.09,15.722,3.188,2.14E-15,2205,sech,DSech,U,M,3,0.699,NA
12/19/19,14:04:20,14,43,2,50660,50679,1.29842301,2.26762,1.734718771,18.1945,12.47653,23.08,15.908,3.1755,-1.07E-15,2206,sech,DSech,U,M,3,0.737,NA
12/19/19,14:14:20,15,45,2,51316,51335,1.344540425,2.777615,2.259346301,14.462,12.45758,22.995,15.87,3.079,-1.07E-15,2207,sech,DSech,U,M,3,0.551,bad flow
12/19/19,14:19:20,16,46,2,51720,51739,1.245344877,2.17628,1.669355441,18.1265,12.537305,22.9535,15.9,2.928,-1.71E-14,2208,sech,DSech,U,M,3,0.538,NA
12/19/19,14:29:20,1,48,2,52187,52206,1.778836028,2.91942,2.416822434,17.88,12.341555,22.885,15.94,2.966,0,2193,sech,DSech,I,F,3,0.755,NA
12/19/19,14:34:19,2,49,2,52620,52639,1.343727948,2.304065,1.812701191,18.005,12.51613,22.83,16.06,2.9775,-2.68E-16,2194,sech,DSech,I,F,3,0.757,NA
12/19/19,14:44:20,3,51,2,53177,53196,1.344690954,2.315895,1.823206274,17.9105,12.34735,22.78,16.09,3.007,-1.34E-16,2195,sech,DSech,I,F,3,0.785,NA
12/19/19,14:49:20,4,52,2,53418,53437,1.314221464,2.278295,1.784069951,17.8875,12.429695,22.76,16.17,3.5165,8.57E-15,2196,sech,DSech,I,F,3,0.786,NA
12/19/19,14:59:20,5,54,2,53998,54017,1.201557557,2.092155,1.595886138,18.2795,12.28546,22.713,16.4,3.49,4.28E-15,2197,sech,DSech,I,M,3,0.6,NA
12/19/19,15:04:20,6,55,2,54353,54372,1.197578678,2.088315,1.589220924,18.294,12.41952,22.69,16.37,3.5095,1.29E-14,2198,sech,DSech,I,M,3,0.597,NA
12/19/19,15:14:20,7,57,3,54907,54926,1.186537693,2.107845,1.60560141,17.9385,12.245735,22.658,16.37,3.4265,0,2199,sech,DSech,I,M,3,0.567,NA
12/19/19,15:19:20,8,58,3,55320,55339,1.239615229,2.183385,1.675196318,17.9605,12.41759,22.63,16.44,3.404,0.009945455,2200,sech,DSech,I,M,3,0.587,NA
1/2/20,12:04:10,7,10,1,43560,43579,1.323349951,4.723525,1.877112484,17.105,10.34855,22.52,23.1035,3.742,1.07E-15,2215,sech,DSech,U,M,5,0.55,NA
1/2/20,12:09:10,8,11,1,43812,43831,1.085242337,4.39046,1.537423751,17.127,10.370495,22.52,23.07,3.6225,0,2216,sech,DSech,U,M,5,0.544,NA
1/2/20,12:19:10,9,13,1,44510,44529,1.164573153,4.482165,1.59718972,17.6915,10.338275,22.53,22.861,3.406,-5.36E-16,2217,sech,DSech,I,M,5,0.599,NA
1/2/20,12:24:10,10,14,1,44666,44685,1.115631446,4.46663,1.565966655,17.2865,10.355225,22.54,22.87,3.5105,1.07E-15,2218,sech,DSech,I,M,5,0.545,NA
1/2/20,12:34:10,11,16,1,45410,45429,1.225244728,4.64539,1.708070653,17.406,10.34264,22.559,23.021,3.6055,0.374477273,2219,sech,DSech,I,M,5,0.547,NA
1/2/20,12:39:10,12,17,1,45636,45655,1.270568303,4.76644,1.812555636,17.01,10.373745,22.56,22.99,3.6995,8.03E-16,2220,sech,DSech,I,M,5,0.573,NA
1/2/20,12:49:10,13,19,1,46202,46221,1.624324957,5.250995,2.272539823,17.345,10.24068,22.57,22.99,3.5955,-1.07E-15,2221,sech,DSech,I,F,5,0.871,NA
1/2/20,12:54:10,14,20,1,46538,46557,1.615256824,5.274695,2.262083427,17.328,10.31679,22.58,22.95,3.5535,5.36E-16,2222,sech,DSech,I,F,5,0.92,NA
1/2/20,13:04:10,15,22,1,47088,47107,1.352315101,5.38461,2.362721499,13.8895,10.30428,22.575,22.99,3.883,-2.68E-16,2223,sech,DSech,I,F,5,0.775,bad flow
1/2/20,13:09:10,16,23,1,47362,47381,1.529419061,5.173625,2.150113816,17.2615,10.262095,22.57,22.9445,3.5525,-1.07E-15,2224,sech,DSech,I,F,5,0.869,NA
1/2/20,13:19:10,1,25,1,47950,47969,1.66364471,5.409665,2.372026883,17.0195,10.16418,22.564,22.92,3.6745,0.001754545,2209,sech,DSech,U,F,5,0.959,NA
1/2/20,13:24:10,2,26,1,48282,48301,1.57269515,5.302765,2.231300861,17.1045,10.24928,22.58,22.92,3.7615,0,2210,sech,DSech,U,F,5,0.855,NA
1/2/20,13:34:10,3,28,1,48901,48920,1.63468738,5.42006,2.325226201,17.0615,10.2229,22.6,22.764,3.7845,-2.68E-16,2211,sech,DSech,U,F,5,0.953,NA
1/2/20,13:39:10,4,29,1,49279,49298,1.71826656,5.560395,2.445958837,17.049,10.299655,22.6,22.76,3.93,1.07E-15,2212,sech,DSech,U,F,5,0.939,NA
1/2/20,13:49:10,5,31,1,49750,49769,1.197366083,4.79706,1.666939374,17.4355,10.183935,22.6,22.5305,3.6955,4.28E-15,2213,sech,DSech,U,M,5,0.589,NA
1/2/20,13:54:10,6,32,1,50067,50086,1.05571458,4.629295,1.465921907,17.478,10.24083,22.6,22.47,3.669,6.43E-15,2214,sech,DSech,U,M,5,0.587,NA
1/2/20,14:04:10,7,34,2,50657,50676,1.098544407,4.744055,1.554809432,17.147,10.185345,22.6,22.2,3.5435,0.142363636,2215,sech,DSech,U,M,5,0.55,NA
1/2/20,14:09:10,8,35,2,51110,51129,1.182294898,4.894335,1.672315378,17.158,10.338385,22.6065,21.81,3.6025,0.093781818,2216,sech,DSech,U,M,5,0.544,NA
1/2/20,14:19:10,9,37,2,51639,51658,1.051368539,4.68903,1.441101853,17.707,10.206015,22.62,21.26,3.5525,1.07E-15,2217,sech,DSech,I,M,5,0.599,NA
1/2/20,14:24:10,10,38,2,51908,51927,1.007437691,4.69335,1.414371483,17.2875,10.267215,22.62,21.141,3.613,4.28E-15,2218,sech,DSech,I,M,5,0.545,NA
1/2/20,14:34:09,11,40,2,52480,52499,1.000332744,4.693835,1.394759409,17.407,10.16992,22.62,20.89,3.626,6.43E-15,2219,sech,DSech,I,M,5,0.547,NA
1/2/20,14:39:09,12,41,2,52749,52768,1.254661268,5.09531,1.784122279,17.0685,10.226055,22.62,20.987,3.801,-8.57E-15,2220,sech,DSech,I,M,5,0.573,NA
1/2/20,14:49:10,13,43,2,53350,53369,1.425847511,5.31372,1.988280849,17.4,10.05444,22.53,21.735,3.6355,2.14E-15,2221,sech,DSech,I,F,5,0.871,NA
1/2/20,14:54:10,14,44,2,53666,53685,1.288457375,5.136905,1.795423269,17.4065,9.98543,22.43,22.03,3.567,-1.07E-15,2222,sech,DSech,I,F,5,0.92,NA
1/6/20,10:28:11,7,9,1,37777,37796,2.088763753,5.298455,2.979809701,16.9915,12.26304,22.24,18.97,3.397,-5.36E-16,2231,sech,DSech,I,F,3,0.865,NA
1/6/20,10:33:11,8,10,1,38139,38158,2.108312733,5.216055,3.006350646,16.999,12.521445,22.24,18.97,3.426,0,2232,sech,DSech,I,F,3,0.756,NA
1/6/20,10:43:11,9,12,1,38641,38660,1.912350615,4.80509,2.639236262,17.5655,12.295095,22.27,18.66,3.504,-1.34E-16,2233,sech,DSech,U,M,3,0.661,NA
1/6/20,10:48:10,10,13,1,38890,38909,1.561442951,4.31889,2.204889807,17.1685,12.52305,22.284,18.62,3.597,0,2234,sech,DSech,U,M,3,0.534,NA
1/6/20,10:58:11,11,15,1,39547,39566,1.549010618,4.22658,2.176182161,17.259,12.339735,22.3275,18.51,3.4735,-2.68E-16,2235,sech,DSech,U,M,3,0.575,NA
1/6/20,11:03:11,12,16,1,39890,39909,1.671731185,4.404415,2.40635371,16.8455,12.70559,22.34,18.28,3.488,-5.36E-16,2236,sech,DSech,U,M,3,0.585,NA
1/6/20,11:13:10,13,18,1,40435,40454,1.4734418,4.04167,2.078799339,17.1885,12.40759,22.37,18.24,3.316,-1.34E-16,2237,sech,DSech,I,M,3,0.602,NA
1/6/20,11:18:11,14,19,1,40808,40827,1.676932512,4.27649,2.365846624,17.19,12.7975,22.39,18.347,3.3495,1.07E-15,2238,sech,DSech,I,M,3,0.622,NA
1/6/20,11:28:10,15,21,1,41401,41420,1.782620622,5.010995,3.138880522,13.774,12.54465,22.41,18.3195,3.422,-1.07E-15,2239,sech,DSech,I,M,3,0.565,bad flow
1/6/20,11:33:11,16,22,1,41599,41618,1.636838458,4.168815,2.322484066,17.094,12.73957,22.42,18.28,3.484,0,2240,sech,DSech,I,M,3,0.568,NA
1/6/20,11:43:10,1,24,1,42194,42213,1.721584631,4.282575,2.466537945,16.929,12.3708,22.42,18.2,3.4495,5.36E-16,2225,sech,DSech,U,F,3,0.701,NA
1/6/20,11:48:10,2,25,1,42650,42669,1.297797625,3.629545,1.845593884,17.0555,12.907405,22.42,18.272,3.3865,1.07E-15,2226,sech,DSech,U,F,3,0.685,NA
1/6/20,11:58:10,3,27,1,43210,43229,2.079796855,4.750205,2.985072348,16.899,12.665485,22.42,18.196,3.559,0,2227,sech,DSech,U,F,3,0.758,NA
1/6/20,12:03:10,4,28,1,43489,43508,1.386918783,3.738405,1.993568348,16.8735,12.921755,22.4125,18.16,3.313,-2.68E-16,2228,sech,DSech,U,F,3,0.683,NA
1/6/20,12:13:10,5,30,1,44067,44086,1.965696666,4.490965,2.762645325,17.2575,12.66002,22.4175,18.222,3.326,-5.36E-16,2229,sech,DSech,I,F,3,0.955,NA
1/6/20,12:18:10,6,31,1,44335,44354,1.597251654,3.954245,2.240705449,17.29,12.91143,22.43,18.24,3.478,0.007486364,2230,sech,DSech,I,F,3,0.684,NA
1/6/20,12:28:10,7,33,2,44935,44954,1.5921662,3.97483,2.274826108,16.9765,12.61958,22.43,18.31,3.355,1.07E-15,2231,sech,DSech,I,F,3,0.865,NA
1/6/20,12:33:10,8,34,2,45274,45293,1.423700523,3.722675,2.035627936,16.964,12.98956,22.43,18.28,3.5125,0,2232,sech,DSech,I,F,3,0.756,NA
1/6/20,12:43:10,9,36,2,45838,45857,1.576450794,3.8556,2.176449166,17.5705,12.6787,22.46,18.35,3.4375,0.000354545,2233,sech,DSech,U,M,3,0.661,NA
1/6/20,12:48:10,10,37,2,46180,46199,1.200302183,3.36573,1.695496902,17.1735,13.064175,22.47,18.44,3.48,2.14E-15,2234,sech,DSech,U,M,3,0.534,NA
1/6/20,12:58:10,11,39,2,46692,46711,1.197083071,3.347715,1.683886401,17.248,12.61047,22.51,18.49,3.3565,-5.36E-16,2235,sech,DSech,U,M,3,0.575,NA
1/6/20,13:03:10,12,40,2,47150,47169,1.277059814,3.482245,1.833502597,16.9,13.13141,22.53,18.53,3.3455,1.07E-15,2236,sech,DSech,U,M,3,0.585,NA
1/6/20,13:13:10,13,42,2,47662,47681,1.199238448,3.34112,1.69214879,17.1965,12.72566,22.5425,18.6005,0.1915,2.14E-15,2237,sech,DSech,I,M,3,0.602,NA
1/6/20,13:18:10,14,43,2,48050,48069,1.310427853,3.49899,1.848975656,17.1975,13.1186,22.55,18.53,0.1935,-1.07E-15,2238,sech,DSech,I,M,3,0.622,NA
1/6/20,13:28:10,15,45,2,48515,48534,1.447838917,4.1954,2.546257503,13.7975,12.67464,22.55,18.6,0.1475,1.07E-15,2239,sech,DSech,I,M,3,0.565,bad flow
1/6/20,13:33:10,16,46,2,48899,48918,1.37218696,3.58397,1.937057902,17.188,13.020125,22.53,18.6,0.1285,0.021786364,2240,sech,DSech,I,M,3,0.568,NA
1/7/20,10:25:33,7,9,1,37639,37658,1.686597751,3.2876,1.753089617,23.3215,13.51744,22.255,26.695,3.3075,0.168904545,2247,sech,DSech,I,M,4,0.638,NA
1/7/20,10:30:33,8,10,1,37900,37919,1.765217269,3.309545,1.83649871,23.3005,13.596855,22.26,26.67,3.3485,-2.68E-16,2248,sech,DSech,I,M,4,0.645,NA
1/7/20,10:40:33,9,12,1,38466,38485,1.523470551,2.91772,1.51200918,24.427,13.545535,22.28,26.67,3.3185,0.055372727,2249,sech,DSech,I,F,4,0.832,NA
1/7/20,10:45:33,10,13,1,38877,38896,1.710237888,3.0557,1.759245051,23.5685,13.60286,22.29,26.6385,3.46,0,2250,sech,DSech,I,F,4,0.99,NA
1/7/20,10:55:33,11,15,1,39373,39392,1.788740569,3.08518,1.818513054,23.8485,13.55012,22.31,26.7285,3.412,1.07E-15,2251,sech,DSech,I,F,4,0.851,NA
1/7/20,11:00:33,12,16,1,39699,39718,1.552988063,2.84457,1.622157034,23.2125,13.69333,22.32,26.84,3.2995,0,2252,sech,DSech,I,F,4,0.84,NA
1/7/20,11:10:33,13,18,1,40360,40379,1.894624182,3.11477,1.934177271,23.752,13.72284,22.34,26.81,3.281,-1.07E-15,2253,sech,DSech,U,F,4,0.808,NA
1/7/20,11:15:33,14,19,1,40662,40681,1.950079904,3.13825,1.990353659,23.759,13.801925,22.36,26.68,3.333,5.36E-16,2254,sech,DSech,U,F,4,0.674,NA
1/7/20,11:25:33,15,21,1,41292,41311,1.789711224,3.56099,2.445209819,17.75,13.83478,22.379,26.65,3.2885,0,2255,sech,DSech,U,F,4,0.753,bad flow
1/7/20,11:30:32,16,22,1,41455,41474,1.761944856,2.907675,1.807562808,23.64,13.83842,22.39,26.72,3.394,2.14E-15,2256,sech,DSech,U,F,4,0.781,NA
1/7/20,11:40:33,1,24,1,42129,42148,1.180900295,2.30154,1.235814104,23.176,13.85342,22.41,26.77,3.3935,-2.68E-16,2241,sech,DSech,U,M,4,0.518,NA
1/7/20,11:45:33,2,25,1,42334,42353,1.17821339,2.26468,1.217325202,23.4755,13.91665,22.42,26.806,3.291,-5.36E-16,2242,sech,DSech,U,M,4,0.631,NA
1/7/20,11:55:32,3,27,1,43027,43046,1.102687716,2.16941,1.149190657,23.276,13.949325,22.46,26.81,3.413,-4.28E-15,2243,sech,DSech,U,M,4,0.58,NA
1/7/20,12:00:33,4,28,1,43323,43342,1.102949435,2.155345,1.150994036,23.246,14.016075,22.47,26.7785,3.2295,1.07E-15,2244,sech,DSech,U,M,4,0.468,NA
1/7/20,12:10:33,5,30,1,43992,44011,1.271292003,2.260115,1.293914431,23.8345,13.81688,22.47,26.88,3.4135,-1.07E-15,2245,sech,DSech,I,M,4,0.601,NA
1/7/20,12:15:32,6,31,1,44267,44286,1.237896373,2.189855,1.255957111,23.9075,13.931095,22.443,26.92,0.033,1.5398,2246,sech,DSech,I,M,4,0.603,NA
1/7/20,12:25:32,7,33,2,44732,44751,1.303008899,2.28247,1.353165231,23.357,13.906795,22.439,26.92,0.028,0,2247,sech,DSech,I,M,4,0.638,NA
1/7/20,12:30:32,8,34,2,45133,45152,1.328136664,2.309735,1.381740488,23.315,14.049185,22.44,26.84,0.0305,4.28E-15,2248,sech,DSech,I,M,4,0.645,NA
1/7/20,12:40:33,9,36,2,45633,45652,1.32108871,2.228175,1.308931731,24.4815,13.95369,22.44,26.77,0.0275,1.07E-15,2249,sech,DSech,I,F,4,0.832,NA
1/7/20,12:45:33,10,37,2,46026,46045,1.463044644,2.396915,1.503550312,23.601,13.972705,22.42,26.81,0.03,5.36E-16,2250,sech,DSech,I,F,4,0.99,NA
1/7/20,12:55:33,11,39,2,46676,46695,1.429057649,2.35115,1.453519667,23.843,13.969565,22.38,26.92,0.0495,-1.07E-15,2251,sech,DSech,I,F,4,0.851,NA
1/7/20,13:00:32,12,40,2,46946,46965,1.314984203,2.281115,1.374332182,23.204,14.02332,22.38,26.97,0.041,0,2252,sech,DSech,I,F,4,0.84,NA
1/7/20,13:10:32,13,42,2,47504,47523,1.444429879,2.37659,1.478800309,23.6865,13.99559,22.3675,27,0.043,0,2253,sech,DSech,U,F,4,0.808,NA
1/7/20,13:15:32,14,43,2,47732,47751,1.548302126,2.464195,1.57870992,23.783,14.01586,22.3665,27,0.04,0,2254,sech,DSech,U,F,4,0.674,NA
1/7/20,13:25:32,15,45,2,48479,48498,1.290700233,2.640635,1.763773122,17.746,14.097605,22.37,27.2535,0.037,0,2255,sech,DSech,U,F,4,0.753,bad flow
1/7/20,13:30:32,16,46,2,48789,48808,1.352505478,2.267875,1.390425292,23.589,14.104875,22.37,27.2705,0.0295,2.14E-15,2256,sech,DSech,U,F,4,0.781,NA
1/7/20,13:40:32,1,48,2,49256,49275,0.89360435,1.80951,0.935174817,23.1725,14.01011,22.37,27.24,0.036,1.07E-15,2241,sech,DSech,U,M,4,0.518,NA
1/7/20,13:45:32,2,49,2,49660,49679,0.975158816,1.87403,1.007954387,23.4615,14.12446,22.37,27.28,0.0265,0,2242,sech,DSech,U,M,4,0.631,NA
1/8/20,10:17:58,7,10,1,37079,37098,1.651750833,3.05943,1.740257271,23.01,13.316875,22.28,23.47,3.412,-5.36E-16,2263,sech,DSech,I,F,5,0.853,NA
1/8/20,10:22:59,8,11,1,37481,37500,1.559006093,2.864915,1.646416646,22.9575,13.49614,22.3,23.4485,3.3515,-2.68E-16,2264,sech,DSech,I,F,5,0.728,NA
1/8/20,10:32:58,9,13,1,37978,37997,1.524729193,2.707005,1.536341615,24.062,13.431105,22.31,23.3375,3.526,6.69E-17,2265,sech,DSech,U,F,5,0.711,NA
1/8/20,10:37:58,10,14,1,38364,38383,1.590618627,2.73839,1.660668034,23.2235,13.525625,22.32,23.331,3.532,0,2266,sech,DSech,U,F,5,0.696,NA
1/8/20,10:47:58,11,16,1,38983,39002,1.740611889,2.8376,1.799002276,23.4605,13.534085,22.335,23.56,3.426,-2.68E-16,2267,sech,DSech,U,F,5,0.743,NA
1/8/20,10:52:58,12,17,1,39276,39295,1.723032475,2.843205,1.828370938,22.852,13.685165,22.3535,23.53,3.6225,2.68E-16,2268,sech,DSech,U,F,5,0.75,NA
1/8/20,11:02:57,13,19,1,39916,39935,1.223985747,2.2489,1.271159556,23.352,13.644415,22.389,23.7065,0.0915,4.28E-15,2269,sech,DSech,U,M,5,0.619,NA
1/8/20,11:07:58,14,20,1,40195,40214,1.175925175,2.16396,1.218822281,23.3985,13.703975,22.39,23.49,0.1435,-2.68E-16,2270,sech,DSech,U,M,5,0.542,NA
1/8/20,11:17:57,15,22,1,40783,40802,1.194710517,2.580435,1.656619313,17.4905,13.74733,22.398,23.215,0.046,-1.07E-15,2271,sech,DSech,U,M,5,0.578,bad flow
1/8/20,11:22:57,16,23,1,41128,41147,1.22360409,2.17485,1.273454136,23.303,13.764185,22.395,23.09,0.0475,-3.21E-15,2272,sech,DSech,U,M,5,0.623,NA
1/8/20,11:32:57,1,25,1,41736,41755,1.064313145,2.008215,1.128258147,22.8775,13.7471,22.39,22.82,0.0515,1.07E-15,2257,sech,DSech,I,M,5,0.566,NA
1/8/20,11:37:57,2,26,1,41931,41950,1.104855508,2.024735,1.158386247,23.131,13.79363,22.39,22.82,0.1055,0,2258,sech,DSech,I,M,5,0.552,NA
1/8/20,11:47:57,3,28,1,42517,42536,1.050470606,1.961145,1.112273471,22.9045,13.75681,22.39,22.85,0.0415,0,2259,sech,DSech,I,M,5,0.589,NA
1/8/20,11:52:57,4,29,1,42782,42801,1.090873575,1.989445,1.155121659,22.903,13.78727,22.3865,22.85,0.0425,2.14E-15,2260,sech,DSech,I,M,5,0.649,NA
1/8/20,12:02:58,5,31,1,43411,43430,1.50456431,2.37074,1.554444614,23.472,13.695445,22.369,22.9765,0.049,1.61E-15,2261,sech,DSech,I,F,5,0.939,NA
1/8/20,12:07:57,6,32,1,43793,43812,1.336674372,2.171345,1.376070359,23.5545,13.80844,22.35,23.013,0.039,1.07E-15,2262,sech,DSech,I,F,5,0.881,NA
1/8/20,12:17:57,7,34,2,44406,44425,1.341790788,2.187935,1.413855047,23.012,13.7741,22.34,23.017,0.0355,-5.36E-16,2263,sech,DSech,I,F,5,0.853,NA
1/8/20,12:22:58,8,35,2,44677,44696,1.198379848,2.018095,1.263148259,23.004,13.77564,22.33,23.14,0.038,1.07E-15,2264,sech,DSech,I,F,5,0.728,NA
1/8/20,12:32:57,9,37,2,45334,45353,1.172836609,1.9326,1.182794288,24.0395,13.793565,22.29,22.8165,0.041,0,2265,sech,DSech,U,F,5,0.711,NA
1/8/20,12:37:57,10,38,2,45624,45643,1.369003155,2.175925,1.426355503,23.269,13.8937,22.29,22.783,0.039,-5.36E-16,2266,sech,DSech,U,F,5,0.696,NA
1/8/20,12:47:57,11,40,2,46222,46241,1.243437864,2.024345,1.285762844,23.445,13.83987,22.28,22.33,0.0295,5.36E-16,2267,sech,DSech,U,F,5,0.743,NA
1/8/20,12:52:57,12,41,2,46444,46463,1.465583385,2.28298,1.55322829,22.875,13.89211,22.2805,21.9755,0.1015,2.68E-16,2268,sech,DSech,U,F,5,0.75,NA
1/8/20,13:02:58,13,43,2,47120,47139,1.140977361,1.904265,1.185962733,23.3245,13.91412,22.29,21.7,0.029,0,2269,sech,DSech,U,M,5,0.619,NA
1/8/20,13:07:58,14,44,2,47335,47354,0.976122552,1.7262,1.013716541,23.345,13.944945,22.29,21.6925,0.04,1.07E-15,2270,sech,DSech,U,M,5,0.542,NA
1/8/20,13:17:58,15,46,2,47944,47963,1.061782908,2.18448,1.472807278,17.478,13.88381,22.29,23.0405,0.074,-2.14E-15,2271,sech,DSech,U,M,5,0.578,bad flow
1/8/20,13:22:58,16,47,2,48232,48251,1.009869402,1.767415,1.052511737,23.2615,13.89256,22.29,23.4975,0.0615,2.14E-15,2272,sech,DSech,U,M,5,0.623,NA
1/10/20,11:01:55,7,9,1,39875,39894,1.716874798,3.009765,1.858855667,22.427,13.105775,22.75,12.16,3.3715,0.228040909,2279,sech,DSech,U,F,4,0.608,NA
1/10/20,11:06:55,8,10,1,40165,40184,1.847562186,3.06362,2.005697495,22.367,13.146655,22.75,12.08,3.5245,0,2280,sech,DSech,U,F,4,0.562,NA
1/10/20,11:16:55,9,12,1,40641,40660,1.398051437,2.479985,1.453472484,23.3565,13.124355,22.76,12.04,3.4315,1.34E-16,2281,sech,DSech,U,M,4,0.438,NA
1/10/20,11:21:55,10,13,1,41030,41049,1.73560492,2.821975,1.858396495,22.6795,13.22284,22.78,12.2,3.5105,-2.14E-15,2282,sech,DSech,U,M,4,0.484,NA
1/10/20,11:31:55,11,15,1,41675,41694,1.386135171,2.392655,1.475026677,22.8215,13.24979,22.79,12.2,3.6055,1.61E-15,2283,sech,DSech,U,M,4,0.436,NA
1/10/20,11:36:55,12,16,1,41869,41888,1.479984399,2.507535,1.614790242,22.2585,13.308275,22.801,12.166,3.4095,6.69E-17,2284,sech,DSech,U,M,4,0.531,NA
1/10/20,11:46:55,13,18,1,42470,42489,1.699638591,2.66762,1.81539517,22.7385,13.297495,22.82,11.94,3.2915,1.07E-15,2285,sech,DSech,I,F,4,0.857,NA
1/10/20,11:51:55,14,19,1,42844,42863,1.753295034,2.668165,1.868047244,22.7955,13.33477,22.8215,11.9525,3.3365,5.36E-16,2286,sech,DSech,I,F,4,0.839,NA
1/10/20,12:01:55,15,21,1,43429,43448,1.893801371,3.453185,2.678436911,17.172,13.24809,22.81,11.89,3.395,-1.61E-15,2287,sech,DSech,I,F,4,0.885,bad flow
1/10/20,12:06:55,16,22,1,43633,43652,1.77077869,2.65348,1.895258889,22.6905,13.250655,22.8,12,3.475,-2.14E-15,2288,sech,DSech,I,F,4,0.887,NA
1/10/20,12:16:55,1,24,1,44300,44319,1.189760363,2.02176,1.298129278,22.257,13.32254,22.78,11.9735,3.415,-5.36E-16,2273,sech,DSech,I,M,4,0.525,NA
1/10/20,12:21:55,2,25,1,44521,44540,1.413908372,2.228565,1.527927218,22.472,13.36201,22.78,11.85,3.4145,5.36E-16,2274,sech,DSech,I,M,4,0.643,NA
1/10/20,12:31:55,3,27,1,45260,45279,1.204908119,1.98069,1.309982692,22.3355,13.390855,22.7685,12.08,3.569,0,2275,sech,DSech,I,M,4,0.491,NA
1/10/20,12:36:55,4,28,1,45429,45448,1.161898068,1.927905,1.265151995,22.3005,13.401285,22.76,12.2,3.299,2.68E-16,2276,sech,DSech,I,M,4,0.471,NA
1/10/20,12:46:55,5,30,1,46175,46194,1.250535726,1.963125,1.329113902,22.8435,13.348825,22.7215,12.083,3.374,-1.07E-15,2277,sech,DSech,U,F,4,0.604,NA
1/10/20,12:51:55,6,31,1,46475,46494,1.124313745,1.80383,1.192018907,22.899,13.443765,22.71,12.2,3.356,-2.68E-16,2278,sech,DSech,U,F,4,0.504,NA
1/10/20,13:01:55,7,33,2,46915,46934,1.23680498,1.94891,1.339316138,22.42,13.39548,22.71,12.19,3.425,0,2279,sech,DSech,U,F,4,0.608,NA
1/10/20,13:06:55,8,34,2,47258,47277,1.306922415,2.02358,1.417996802,22.3765,13.45173,22.71,12.164,3.3795,1.07E-15,2280,sech,DSech,U,F,4,0.562,NA
1/10/20,13:16:55,9,36,2,47974,47993,0.965087095,1.59926,1.000281446,23.4225,13.43116,22.69,11.8585,3.413,0,2281,sech,DSech,U,M,4,0.438,NA
1/10/20,13:21:54,10,37,2,48179,48198,1.06485334,1.736385,1.141048477,22.6555,13.47247,22.69,11.81,3.4505,0,2282,sech,DSech,U,M,4,0.484,NA
1/10/20,13:31:54,11,39,2,48848,48867,0.944329732,1.58224,1.0023812,22.8705,13.44183,22.69,11.8405,3.298,2.14E-15,2283,sech,DSech,U,M,4,0.436,NA
1/10/20,13:36:55,12,40,2,49100,49119,1.123478657,1.79068,1.223830911,22.286,13.471735,22.69,12.0135,3.43,-2.14E-15,2284,sech,DSech,U,M,4,0.531,NA
1/10/20,13:46:55,13,42,2,49673,49692,1.410343848,2.05494,1.503313519,22.7765,13.43036,22.7065,12.49,3.14,2.14E-15,2285,sech,DSech,I,F,4,0.857,NA
1/10/20,13:51:55,14,43,2,50065,50084,1.480647652,2.105915,1.576993629,22.795,13.45175,22.71,12.57,3.273,-2.14E-15,2286,sech,DSech,I,F,4,0.839,NA
1/10/20,14:01:55,15,45,2,50649,50668,1.596387054,2.774835,2.250913976,17.215,13.35601,22.65,11.8585,3.3175,-2.14E-15,2287,sech,DSech,I,F,4,0.885,bad flow
1/10/20,14:06:55,16,46,2,50899,50918,1.456330413,2.07719,1.556941541,22.7025,13.35984,22.62,11.85,3.3335,-2.14E-15,2288,sech,DSech,I,F,4,0.887,NA
1/10/20,14:16:54,1,48,2,51506,51525,1.172314261,1.79097,1.273451345,22.337,13.36162,22.53,11.85,3.339,0.606359091,2273,sech,DSech,I,M,4,0.525,NA
1/10/20,14:21:54,2,49,2,51795,51814,1.138715374,1.73983,1.224234254,22.564,13.34182,22.47,11.77,3.1525,5.36E-16,2274,sech,DSech,I,M,4,0.643,NA
1/10/20,14:31:55,3,51,2,52315,52334,0.998043897,1.59616,1.080412335,22.403,13.296465,22.3875,11.79,3.279,-5.36E-16,2275,sech,DSech,I,M,4,0.491,NA
1/10/20,14:36:55,4,52,2,52651,52670,0.968139422,1.57002,1.052350343,22.3085,13.33792,22.35,11.83,3.401,1.07E-15,2276,sech,DSech,I,M,4,0.471,NA
1/13/20,11:42:10,5,7,1,42256,42275,1.74784855,2.542865,1.890742922,22.435,13.187245,22.6,17.197,3.935,-1.34E-16,2293,sech,DSech,I,F,3,0.787,NA
1/13/20,11:47:10,6,8,1,42549,42568,2.039653503,2.84399,2.202017048,22.4775,13.284115,22.57,17.1535,3.9015,5.36E-16,2294,sech,DSech,I,F,3,0.835,NA
1/13/20,11:57:10,7,10,1,43030,43049,1.010631955,1.74788,1.114190348,22.0095,13.162835,22.546,17.117,3.91,-2.14E-15,2295,sech,DSech,I,F,3,0.525,NA
1/13/20,12:02:10,8,11,1,43454,43473,1.910254381,2.726985,2.114688676,21.918,13.2415,22.54,16.99,3.746,6.69E-17,2296,sech,DSech,I,F,3,0.856,NA
1/13/20,12:12:10,9,13,1,44090,44109,1.558865087,2.24789,1.65222851,22.892,13.145455,22.5275,16.5695,3.697,0,2297,sech,DSech,U,M,3,0.597,NA
1/13/20,12:17:10,10,14,1,44380,44399,1.624117991,2.353435,1.772137363,22.236,13.185735,22.52,16.1745,3.6915,1.07E-15,2298,sech,DSech,U,M,3,0.591,NA
1/13/20,12:27:10,11,16,1,44835,44854,1.22513439,1.909145,1.324718127,22.438,13.119965,22.51,15.842,3.577,1.07E-15,2299,sech,DSech,U,M,3,0.534,NA
1/13/20,12:32:10,12,17,1,45286,45305,1.523886494,2.29282,1.694661666,21.817,13.220115,22.51,15.21,3.5585,0,2300,sech,DSech,U,M,3,0.603,NA
1/13/20,12:42:10,13,19,1,45741,45760,1.525834282,2.258705,1.65942898,22.3085,13.126065,22.51,14.2645,3.527,-1.61E-15,2301,sech,DSech,U,F,3,0.725,NA
1/13/20,12:47:10,14,20,1,46165,46184,1.678436957,2.421325,1.819916439,22.3755,13.12919,22.5085,13.6385,3.65,-1.61E-15,2302,sech,DSech,U,F,3,0.767,NA
1/13/20,12:57:10,15,22,1,46784,46803,1.753766838,3.12134,2.512723698,16.9325,13.125335,22.49,13.24,3.6395,-5.36E-16,2303,sech,DSech,U,F,3,0.772,bad flow
1/13/20,13:02:10,16,23,1,46960,46979,1.327845675,2.0591,1.446116775,22.2755,13.090585,22.482,13.1555,3.461,0,2304,sech,DSech,U,F,3,0.721,NA
1/13/20,13:12:10,1,25,1,47581,47600,1.419347089,2.19554,1.577282253,21.8295,13.054265,22.47,12.6125,3.479,2.14E-15,2289,sech,DSech,I,M,3,0.563,NA
1/13/20,13:17:10,2,26,1,47960,47979,1.533645712,2.30759,1.685524953,22.072,13.10055,22.46,12.36,3.5055,5.36E-16,2290,sech,DSech,I,M,3,0.545,NA
1/13/20,13:27:10,3,28,1,48545,48564,0.949364973,1.67432,1.053294096,21.8625,13.03747,22.44,12.0945,3.6515,1.07E-15,2291,sech,DSech,I,M,3,0.396,NA
1/13/20,13:32:10,4,29,1,48849,48868,1.210540413,1.96365,1.344409484,21.84,13.065445,22.43,12.14,3.6695,-1.61E-15,2292,sech,DSech,I,M,3,0.588,NA
1/13/20,13:42:10,5,31,2,49432,49451,1.365572154,2.09771,1.475799129,22.442,12.93094,22.4075,12.3515,3.674,0,2293,sech,DSech,I,F,3,0.787,NA
1/13/20,13:47:10,6,32,2,49706,49725,1.527149161,2.274,1.648577502,22.4655,12.99924,22.39,12.51,3.715,3.21E-15,2294,sech,DSech,I,F,3,0.835,NA
1/13/20,13:57:10,7,34,2,50295,50314,1.115310034,1.8685,1.233573615,21.9255,12.98964,22.37,12.36,3.5015,6.86E-14,2295,sech,DSech,I,F,3,0.525,NA
1/13/20,14:02:10,8,35,2,50642,50661,1.622389312,2.441815,1.792070954,21.9535,13.020695,22.3625,12.5495,3.6335,-1.07E-15,2296,sech,DSech,I,F,3,0.856,NA
1/13/20,14:12:10,9,37,2,51190,51209,1.168254507,1.88148,1.232583712,22.9835,12.958965,22.355,12.28,3.504,0,2297,sech,DSech,U,M,3,0.597,NA
1/13/20,14:17:10,10,38,2,51451,51470,1.165411028,1.91734,1.272993147,22.1995,12.9749,22.35,12.28,3.5945,-2.14E-15,2298,sech,DSech,U,M,3,0.591,NA
1/13/20,14:27:10,11,40,2,52054,52073,0.998206269,1.729735,1.079369806,22.4255,12.959425,22.35,12.28,3.5495,-4.28E-15,2299,sech,DSech,U,M,3,0.534,NA
1/13/20,14:32:10,12,41,2,52334,52353,1.126407801,1.917175,1.251110082,21.831,12.968645,22.34,12.2785,3.4715,0,2300,sech,DSech,U,M,3,0.603,NA
1/13/20,14:42:10,13,43,2,53089,53108,1.163476372,1.95251,1.26484348,22.303,12.916475,22.3165,12.43,3.478,1.07E-15,2301,sech,DSech,U,F,3,0.725,NA
1/13/20,14:47:10,14,44,2,53298,53317,1.363960581,2.17696,1.480326391,22.3395,12.930655,22.31,12.3895,3.4555,-1.07E-15,2302,sech,DSech,U,F,3,0.767,NA
1/13/20,14:57:10,15,46,2,53916,53935,1.427610557,2.743655,2.044094812,16.931,12.917835,22.271,12.1725,3.363,0,2303,sech,DSech,U,F,3,0.772,bad flow
1/13/20,15:02:10,16,47,2,54208,54227,1.176493109,1.978835,1.281210076,22.26,12.8733,22.26,12.08,3.243,8.57E-15,2304,sech,DSech,U,F,3,0.721,NA
1/13/20,15:12:10,1,49,2,54824,54843,1.193476856,2.03039,1.325075472,21.8325,12.85826,22.24,12.16,3.258,0,2289,sech,DSech,I,M,3,0.563,NA
1/13/20,15:17:10,2,50,2,55135,55154,1.218374837,2.055115,1.338256555,22.0685,12.900875,22.24,12.2665,3.3435,0,2290,sech,DSech,I,M,3,0.545,NA
1/16/20,10:24:20,5,7,1,37620,37639,1.962384207,3.60012,2.161854725,22.0255,11.767825,22.54,13.63,3.533,0,2309,sech,DSech,I,F,3,0.779,NA
1/16/20,10:29:20,6,8,1,37903,37922,2.134338275,3.72368,2.341121412,22.122,11.793555,22.55,13.802,3.6205,0,2310,sech,DSech,I,F,3,0.797,NA
1/16/20,10:39:20,7,10,1,38475,38494,1.784140153,3.335315,2.0062483,21.5795,11.78472,22.56,13.724,0.13,-5.36E-16,2311,sech,DSech,I,F,3,0.747,NA
1/16/20,10:44:20,8,11,1,38708,38727,1.711588328,3.20571,1.922835793,21.6005,11.788585,22.5625,13.6115,0.151,0,2312,sech,DSech,I,F,3,0.74,NA
1/16/20,10:54:20,9,13,1,39360,39379,1.651319795,3.00356,1.775527141,22.5685,11.73686,22.56,13.39,0.144,-2.68E-16,2313,sech,DSech,I,M,3,0.595,NA
1/16/20,10:59:20,10,14,1,39560,39579,1.436422473,2.79813,1.596897878,21.8275,11.736425,22.56,13.39,0.141,2.14E-15,2314,sech,DSech,I,M,3,0.585,NA
1/16/20,11:09:20,11,16,1,40272,40291,1.70502731,3.02983,1.877433317,22.0365,11.75692,22.55,13.32,0.107,-2.68E-16,2315,sech,DSech,I,M,3,0.601,NA
1/16/20,11:14:20,12,17,1,40561,40580,1.336131265,2.62956,1.508422961,21.4935,11.773425,22.55,13.3945,0.1415,-2.14E-15,2316,sech,DSech,I,M,3,0.563,NA
1/16/20,11:24:20,13,19,1,41188,41207,1.37069113,2.598425,1.515569755,21.944,11.6773,22.53,13.546,2.7785,0.131572727,2317,sech,DSech,U,M,3,0.547,NA
1/16/20,11:29:20,14,20,1,41480,41499,1.258144015,2.438475,1.39062857,21.952,11.730415,22.53,13.8945,3.5715,1.61E-15,2318,sech,DSech,U,M,3,0.547,NA
1/16/20,11:39:20,15,22,1,42000,42019,1.393915193,3.063815,2.028883412,16.6705,11.81883,22.54,13.748,3.7905,2.14E-15,2319,sech,DSech,U,M,3,0.545,bad flow
1/16/20,11:44:20,16,23,1,42303,42322,1.443047262,2.62549,1.603367946,21.839,11.786845,22.55,13.75,3.73,-1.07E-15,2320,sech,DSech,U,M,3,0.593,NA
1/16/20,11:54:20,1,25,1,42990,43009,1.439253575,2.637535,1.629585024,21.4325,11.78256,22.57,13.7105,0.1865,1.07E-15,2305,sech,DSech,U,F,3,0.751,NA
1/16/20,11:59:19,2,26,1,43159,43178,1.540898282,2.72497,1.722805706,21.7045,11.780555,22.57,13.7235,3.87,1.07E-15,2306,sech,DSech,U,F,3,0.877,NA
1/16/20,12:09:20,3,28,1,43795,43814,1.488774351,2.66465,1.677227194,21.5395,11.75733,22.56,13.905,3.8405,0,2307,sech,DSech,U,F,3,0.74,NA
1/16/20,12:14:19,4,29,1,44059,44078,1.299322977,2.43977,1.466692567,21.497,11.76077,22.56,13.94,3.738,-4.28E-15,2308,sech,DSech,U,F,3,0.737,NA
1/16/20,12:24:19,5,31,2,44786,44805,1.450377965,2.55985,1.596327994,22.046,11.770735,22.5425,13.8915,3.872,2.14E-15,2309,sech,DSech,I,F,3,0.779,NA
1/16/20,12:29:20,6,32,2,44960,44979,1.501313714,2.612255,1.648967061,22.0915,11.75628,22.54,13.87,3.943,-2.68E-16,2310,sech,DSech,I,F,3,0.797,NA
1/16/20,12:39:19,7,34,2,45640,45659,1.352813689,2.477055,1.519104133,21.6075,11.826395,22.53,13.99,3.7955,0,2311,sech,DSech,I,F,3,0.747,NA
1/16/20,12:44:20,8,35,2,45860,45879,1.350102154,2.472195,1.519585173,21.5575,11.83565,22.53,13.99,3.829,-1.07E-15,2312,sech,DSech,I,F,3,0.74,NA
1/16/20,12:54:20,9,37,2,46603,46622,1.261041988,2.30098,1.357720172,22.5365,11.832435,22.54,14.23,3.8585,1.07E-15,2313,sech,DSech,I,M,3,0.595,NA
1/16/20,12:59:19,10,38,2,46919,46938,1.213391176,2.28508,1.347938269,21.842,11.820245,22.5385,14.34,3.668,0,2314,sech,DSech,I,M,3,0.585,NA
1/16/20,13:09:19,11,40,2,47359,47378,1.357173482,2.42939,1.492467359,22.064,11.79863,22.53,14.2365,3.6515,0.808472727,2315,sech,DSech,I,M,3,0.601,NA
1/16/20,13:14:19,12,41,2,47781,47800,1.155022007,2.239885,1.303078827,21.5055,11.825335,22.515,14.3,3.8045,0,2316,sech,DSech,I,M,3,0.563,NA
1/16/20,13:24:20,13,43,2,48419,48438,1.115372138,2.1658,1.231819357,21.9675,11.80263,22.5,14.413,3.769,1.07E-15,2317,sech,DSech,U,M,3,0.547,NA
1/16/20,13:29:20,14,44,2,48604,48623,1.050461797,2.09278,1.160602815,21.958,11.790805,22.49,14.5,3.9505,2.14E-15,2318,sech,DSech,U,M,3,0.547,NA
1/17/20,10:44:26,9,11,1,38814,38833,1.510035572,2.93842,1.636953975,22.389,11.463725,22.62,14.341,3.7465,5.36E-16,2329,sech,DSech,U,M,4,0.571,NA
1/17/20,10:49:26,10,12,1,39043,39062,1.517530921,2.94705,1.696532702,21.71,11.48742,22.62,14.313,3.7195,-2.14E-15,2330,sech,DSech,U,M,4,0.558,NA
1/17/20,10:59:26,11,14,1,39620,39639,1.540002825,2.899145,1.701983393,21.958,11.421735,22.58,13.94,3.8235,0,2331,sech,DSech,U,M,4,0.592,NA
1/17/20,11:04:26,12,15,1,39967,39986,1.406664538,2.73111,1.59592801,21.388,11.441145,22.56,13.7565,3.802,-1.34E-16,2332,sech,DSech,U,M,4,0.578,NA
1/17/20,11:14:26,13,17,1,40626,40645,2.316794393,3.666675,2.577662093,21.808,11.42485,22.53,13.7875,4.0465,-1.07E-15,2333,sech,DSech,I,F,4,0.855,NA
1/17/20,11:19:26,14,18,1,40854,40873,1.781904437,3.038145,1.975857247,21.881,11.437895,22.52,13.76,3.8075,0,2334,sech,DSech,I,F,4,0.797,NA
1/17/20,11:29:26,15,20,1,41396,41415,1.784347802,3.647805,2.603393556,16.629,11.51802,22.51,13.466,4.0235,1.61E-15,2335,sech,DSech,I,F,4,0.813,bad flow
1/17/20,11:34:26,16,21,1,41811,41830,1.727436382,2.95178,1.92902463,21.726,11.50664,22.5025,13.32,3.9805,-2.14E-15,2336,sech,DSech,I,F,4,0.839,NA
1/17/20,11:44:26,1,23,1,42332,42351,1.300540376,2.48917,1.478415842,21.342,11.57115,22.5,13.172,0.254,0,2321,sech,DSech,I,M,4,0.573,NA
1/17/20,11:49:26,2,24,1,42586,42605,1.249557909,2.402485,1.405662151,21.5675,11.64956,22.51,13.17,0.3225,2.68E-16,2322,sech,DSech,I,M,4,0.617,NA
1/17/20,11:59:26,3,26,1,43240,43259,1.456919141,2.63007,1.653934124,21.3715,11.530725,22.51,13.32,3.963,6.69E-17,2323,sech,DSech,I,M,4,0.599,NA
1/17/20,12:04:26,4,27,1,43553,43572,1.398812453,2.54634,1.589410551,21.3525,11.55013,22.51,13.39,4.0745,4.28E-15,2324,sech,DSech,I,M,4,0.634,NA
1/17/20,12:14:26,5,29,1,44156,44175,1.741523611,2.867225,1.927413746,21.9205,11.522045,22.49,13.452,4.097,1.07E-15,2325,sech,DSech,U,F,4,0.858,NA
1/17/20,12:19:26,6,30,1,44461,44480,1.413242327,2.48124,1.558180539,22.002,11.540505,22.47,13.274,3.906,-1.07E-15,2326,sech,DSech,U,F,4,0.822,NA
1/17/20,12:29:26,7,32,1,45112,45131,1.49116645,2.59022,1.684766963,21.47,11.551135,22.46,13.23,3.9925,2.68E-16,2327,sech,DSech,U,F,4,0.811,NA
1/17/20,12:34:26,8,33,1,45360,45379,1.600677806,2.704635,1.811347549,21.4365,11.586685,22.46,13.19,3.9205,-1.07E-15,2328,sech,DSech,U,F,4,0.833,NA
1/17/20,12:44:26,9,35,2,46015,46034,1.229110337,2.21574,1.329674153,22.4215,11.55542,22.4385,13.002,4.032,-2.14E-15,2329,sech,DSech,U,M,4,0.571,NA
1/17/20,12:49:26,10,36,2,46278,46297,1.162420569,2.18103,1.298286328,21.7175,11.5623,22.4375,13.085,3.8405,4.28E-15,2330,sech,DSech,U,M,4,0.558,NA
1/17/20,12:59:26,11,38,2,46926,46945,1.204887383,2.213355,1.331803085,21.9435,11.540905,22.425,13.024,3.866,4.28E-15,2331,sech,DSech,U,M,4,0.592,NA
1/17/20,13:04:26,12,39,2,47192,47211,1.183811566,2.22752,1.34639573,21.3255,11.556775,22.4175,13.0385,3.9085,0,2332,sech,DSech,U,M,4,0.578,NA
1/17/20,13:14:26,13,41,2,47718,47737,1.628215318,2.69607,1.810909334,21.807,11.557995,22.41,13.0985,3.953,-1.07E-15,2333,sech,DSech,I,F,4,0.855,NA
1/17/20,13:19:26,14,42,2,48017,48036,1.476900398,2.5314,1.639474635,21.8485,11.60238,22.41,13.064,4.1175,6.43E-15,2334,sech,DSech,I,F,4,0.797,NA
1/17/20,13:29:26,15,44,2,48624,48643,1.437361196,2.98651,2.098140045,16.6155,11.606885,22.41,13.11,4.175,2.14E-15,2335,sech,DSech,I,F,4,0.813,bad flow
1/17/20,13:34:26,16,45,2,48920,48939,1.49029175,2.54296,1.664521476,21.715,11.549935,22.41,13.2175,4.081,0.041322727,2336,sech,DSech,I,F,4,0.839,NA
1/17/20,13:44:26,1,47,2,49494,49513,1.260650683,2.30078,1.431065169,21.365,11.54132,22.4,13.0995,4.174,8.57E-15,2321,sech,DSech,I,M,4,0.573,NA
1/17/20,13:49:26,2,48,2,49805,49824,1.240432235,2.255355,1.395239642,21.5625,11.65333,22.409,13.0025,3.998,-1.07E-15,2322,sech,DSech,I,M,4,0.617,NA
1/20/20,10:22:30,7,9,1,37458,37477,2.041437034,4.1017,2.328966274,21.268,11.25528,22.53,16.7985,3.674,8.03E-16,2343,sech,DSech,I,M,3,0.566,NA
1/20/20,10:27:30,8,10,1,37810,37829,2.00372976,3.93375,2.28931232,21.237,11.32373,22.534,16.9085,3.8105,8.03E-16,2344,sech,DSech,I,M,3,0.557,NA
1/20/20,10:37:30,9,12,1,38315,38334,1.750305991,3.51778,1.914403396,22.1855,11.267255,22.554,16.9785,3.8755,-2.68E-16,2345,sech,DSech,U,M,3,0.595,NA
1/20/20,10:42:30,10,13,1,38710,38729,1.96593961,3.750875,2.22385533,21.453,11.35493,22.58,17.007,3.8065,2.14E-15,2346,sech,DSech,U,M,3,0.595,NA
1/20/20,10:52:30,11,15,1,39200,39219,1.769843996,3.46549,1.979342274,21.702,11.34111,22.62,17.042,3.6925,0,2347,sech,DSech,U,M,3,0.578,NA
1/20/20,10:57:30,12,16,1,39450,39469,1.825894683,3.527115,2.095334281,21.15,11.349725,22.63,17.105,3.706,-1.34E-16,2348,sech,DSech,U,M,3,0.586,NA
1/20/20,11:07:31,13,18,1,40083,40102,1.668655119,3.24636,1.872988932,21.626,11.34814,22.66,17.04,3.8285,1.07E-15,2349,sech,DSech,U,F,3,0.769,NA
1/20/20,11:12:30,14,19,1,40418,40437,1.623369355,3.148235,1.819602027,21.6565,11.355995,22.66,17.16,3.68,0,2350,sech,DSech,U,F,3,0.747,NA
1/20/20,11:22:30,15,21,1,41026,41045,2.020173673,4.2214,2.931315692,16.7295,11.42261,22.6645,17.28,3.667,0,2351,sech,DSech,U,F,3,0.598,bad flow
1/20/20,11:27:29,16,22,1,41251,41270,1.623324508,3.09464,1.831862837,21.5115,11.395015,22.67,17.28,3.7575,1.07E-15,2352,sech,DSech,U,F,3,0.749,NA
1/20/20,11:37:31,1,24,1,41980,41999,1.481213038,2.93203,1.706460447,21.0715,11.45561,22.68,17.35,3.62,0.110672727,2337,sech,DSech,I,F,3,0.666,NA
1/20/20,11:42:30,2,25,1,42166,42185,1.760272352,3.21548,2.001880808,21.346,11.460355,22.6825,17.35,3.702,-5.36E-16,2338,sech,DSech,I,F,3,0.821,NA
1/20/20,11:52:31,3,27,1,42898,42917,1.667271847,3.10549,1.911641495,21.174,11.49692,22.7,17.39,3.9235,0,2339,sech,DSech,I,F,3,0.805,NA
1/20/20,11:57:31,4,28,1,43121,43140,1.667672043,3.100255,1.914316393,21.1495,11.5615,22.7,17.39,4.134,0,2340,sech,DSech,I,F,3,0.783,NA
1/20/20,12:07:30,5,30,1,43757,43776,1.31901283,2.63047,1.477671458,21.6715,11.52237,22.71,17.28,4.093,4.28E-15,2341,sech,DSech,I,M,3,0.554,NA
1/20/20,12:12:31,6,31,1,44067,44086,1.499162923,2.78431,1.670324718,21.7905,11.542965,22.71,17.43,3.8755,8.57E-15,2342,sech,DSech,I,M,3,0.634,NA
1/20/20,12:22:31,7,33,2,44623,44642,1.34890836,2.63382,1.5379065,21.294,11.48436,22.7,17.629,3.91,-1.07E-15,2343,sech,DSech,I,M,3,0.566,NA
1/20/20,12:27:30,8,34,2,44900,44919,1.396366432,2.673225,1.593118466,21.2785,11.488335,22.69,17.67,3.7215,-1.07E-15,2344,sech,DSech,I,M,3,0.557,NA
1/20/20,12:37:30,9,36,2,45610,45629,1.34557748,2.54206,1.472835835,22.1785,11.528235,22.68,17.461,3.907,0,2345,sech,DSech,U,M,3,0.595,NA
1/20/20,12:42:30,10,37,2,45910,45929,1.340465871,2.579535,1.514521321,21.486,11.56176,22.68,17.43,3.897,-2.14E-15,2346,sech,DSech,U,M,3,0.595,NA
1/20/20,12:52:30,11,39,2,46350,46369,1.259912551,2.462565,1.407547833,21.729,11.57711,22.6815,17.63,3.7925,0.196022727,2347,sech,DSech,U,M,3,0.578,NA
1/20/20,12:57:30,12,40,2,46650,46669,1.279564364,2.499155,1.466986897,21.1745,11.56147,22.685,17.558,3.742,3.21E-15,2348,sech,DSech,U,M,3,0.586,NA
1/20/20,13:07:30,13,42,2,47313,47332,1.418082064,2.61417,1.593037647,21.6105,11.57186,22.69,17.48,3.698,0,2349,sech,DSech,U,F,3,0.769,NA
1/20/20,13:12:30,14,43,2,47685,47704,1.456272084,2.6573,1.632546259,21.6555,11.571675,22.69,17.51,3.7765,-2.14E-15,2350,sech,DSech,U,F,3,0.747,NA
1/20/20,13:22:30,15,45,2,48198,48217,1.767274877,3.579245,2.564541416,16.7295,11.5988,22.69,17.43,4.1385,-2.14E-15,2351,sech,DSech,U,F,3,0.598,bad flow
1/20/20,13:27:30,16,46,2,48564,48583,1.422265979,2.6014,1.60811208,21.471,11.553195,22.69,17.48,4.1515,4.28E-15,2352,sech,DSech,U,F,3,0.749,NA
1/20/20,13:37:30,1,48,2,49102,49121,1.295728827,2.471265,1.487647893,21.142,11.457685,22.65,17.508,3.967,2.14E-15,2337,sech,DSech,I,F,3,0.666,NA
1/20/20,13:42:30,2,49,2,49423,49442,1.485649631,2.658195,1.685938209,21.3875,11.40385,22.62,17.66,3.87,0,2338,sech,DSech,I,F,3,0.821,NA
1/21/20,10:21:56,9,11,1,37330,37349,1.362952974,2.96442,1.493674661,22.1455,11.26511,22.6,19.5225,3.4575,-5.36E-16,2361,sech,DSech,U,M,4,0.491,NA
1/21/20,10:26:57,10,12,1,37777,37796,1.706562438,3.308975,1.929726651,21.4625,11.326355,22.601,19.4565,3.5725,0,2362,sech,DSech,U,M,4,0.501,NA
1/21/20,10:36:57,11,14,1,38359,38378,1.393489552,2.895575,1.563464096,21.632,11.33937,22.62,19.6425,3.447,-8.57E-15,2363,sech,DSech,U,M,4,0.545,NA
1/21/20,10:41:57,12,15,1,38662,38681,1.976917772,3.555605,2.273925481,21.1015,11.3466,22.63,19.7505,3.6165,2.14E-15,2364,sech,DSech,U,M,4,0.559,NA
1/21/20,10:51:56,13,17,1,39198,39217,2.022119278,3.528825,2.277941472,21.5475,11.379845,22.65,19.5575,3.7095,8.03E-16,2365,sech,DSech,U,F,4,0.865,NA
1/21/20,10:56:57,14,18,1,39459,39478,1.577598539,2.994445,1.776689509,21.5535,11.392695,22.6525,19.528,3.5825,0,2366,sech,DSech,U,F,4,0.777,NA
1/21/20,11:06:57,15,20,1,40062,40081,2.075542145,4.224745,3.042493922,16.5595,11.370495,22.66,19.685,3.4865,0,2367,sech,DSech,U,F,4,0.831,bad flow
1/21/20,11:11:57,16,21,1,40460,40479,1.914938351,3.30541,2.167226706,21.447,11.29731,22.64,19.9815,3.731,0.110672727,2368,sech,DSech,U,F,4,0.866,NA
1/21/20,11:21:57,1,23,1,41042,41061,1.865466898,3.25723,2.147114544,21.0875,11.36489,22.625,19.79,3.498,0,2353,sech,DSech,I,F,4,0.923,NA
1/21/20,11:26:57,2,24,1,41332,41351,1.72299542,3.04484,1.963364097,21.2995,11.366225,22.62,19.71,3.631,4.02E-16,2354,sech,DSech,I,F,4,0.708,NA
1/21/20,11:36:57,3,26,1,41820,41839,1.384927977,2.65156,1.590272316,21.1355,11.332455,22.6,19.71,3.6365,-5.36E-16,2355,sech,DSech,I,F,4,0.703,NA
1/21/20,11:41:57,4,27,1,42117,42136,1.712416739,2.99411,1.966010011,21.1375,11.33946,22.583,19.71,3.4085,-1.34E-16,2356,sech,DSech,I,F,4,0.845,NA
1/21/20,11:51:57,5,29,1,42755,42774,1.303354572,2.467075,1.4595973,21.669,11.347805,22.5675,19.7725,3.611,5.36E-16,2357,sech,DSech,I,M,4,0.618,NA
1/21/20,11:56:57,6,30,1,43154,43173,1.491352238,2.673,1.669528587,21.676,11.37864,22.56,19.733,3.4845,0,2358,sech,DSech,I,M,4,0.586,NA
1/21/20,12:06:57,7,32,1,43668,43687,1.250243622,2.424595,1.427748872,21.2485,11.378135,22.55,19.79,3.5935,2.14E-15,2359,sech,DSech,I,M,4,0.563,NA
1/21/20,12:11:57,8,33,1,43943,43962,1.272542673,2.44579,1.458540622,21.1705,11.399,22.5445,19.79,3.472,-5.36E-16,2360,sech,DSech,I,M,4,0.596,NA
1/21/20,12:21:57,9,35,2,44563,44582,1.180581537,2.273155,1.29560492,22.11,11.411055,22.54,19.83,3.532,2.14E-15,2361,sech,DSech,U,M,4,0.491,NA
1/21/20,12:26:57,10,36,2,44819,44838,1.229507588,2.363455,1.392748419,21.4205,11.39906,22.54,19.91,3.594,0,2362,sech,DSech,U,M,4,0.501,NA
1/21/20,12:36:57,11,38,2,45569,45588,1.758522235,2.929685,1.971792684,21.6385,11.378405,22.52,19.9465,3.637,0.384522727,2363,sech,DSech,U,M,4,0.545,NA
1/21/20,12:41:57,12,39,2,45863,45882,1.296078411,2.438075,1.488889455,21.1205,11.3978,22.518,20.07,3.8125,4.28E-15,2364,sech,DSech,U,M,4,0.559,NA
1/21/20,12:51:57,13,41,2,46382,46401,1.769604896,2.932695,1.991908676,21.554,11.40655,22.51,20.033,3.6,2.14E-15,2365,sech,DSech,U,F,4,0.865,NA
1/21/20,12:56:57,14,42,2,46712,46731,1.371931164,2.46795,1.540233494,21.6115,11.47863,22.52,19.99,3.701,-2.14E-15,2366,sech,DSech,U,F,4,0.777,NA
1/21/20,13:06:57,15,44,2,47325,47344,1.708814287,3.4271,2.502758101,16.567,11.532495,22.54,19.83,3.636,0,2367,sech,DSech,U,F,4,0.831,bad flow
1/21/20,13:11:57,16,45,2,47539,47558,1.622841968,2.758985,1.835025144,21.459,11.4648,22.54,19.91,3.574,0.163145455,2368,sech,DSech,U,F,4,0.866,NA
1/21/20,13:21:57,1,47,2,48215,48234,1.548199692,2.69243,1.779698263,21.1065,11.401795,22.52,20.11,3.6865,-1.07E-15,2353,sech,DSech,I,F,4,0.923,NA
1/21/20,13:26:57,2,48,2,48469,48488,1.388309383,2.481395,1.580905275,21.307,11.447005,22.52,20.0145,3.727,0,2354,sech,DSech,I,F,4,0.708,NA
1/22/20,10:35:12,7,9,1,38272,38291,1.648440541,3.209725,1.883665657,21.234,11.14674,22.54,20.31,3.399,0,2375,sech,DSech,U,M,5,0.563,NA
1/22/20,10:40:12,8,10,1,38415,38434,1.97729395,3.54855,2.261982321,21.2105,11.11107,22.54,20.34,3.5845,5.36E-16,2376,sech,DSech,U,M,5,0.569,NA
1/22/20,10:50:12,9,12,1,39017,39036,1.563496948,2.92036,1.713646711,22.139,11.063065,22.55,20.11,3.557,0,2377,sech,DSech,U,F,5,0.826,NA
1/22/20,10:55:12,10,13,1,39358,39377,1.802816013,3.16052,2.039685061,21.448,11.064915,22.56,20.07,3.605,-5.36E-16,2378,sech,DSech,U,F,5,0.843,NA
1/22/20,11:05:12,11,15,1,39981,40000,1.709882436,2.976565,1.914968612,21.6665,11.062485,22.55,19.91,3.574,2.68E-16,2379,sech,DSech,U,F,5,0.793,NA
1/22/20,11:10:12,12,16,1,40239,40258,1.606442583,2.869635,1.844608301,21.1315,11.016545,22.54,19.79,3.7145,2.68E-16,2380,sech,DSech,U,F,5,0.695,NA
1/22/20,11:20:12,13,18,1,40812,40831,1.665837569,2.867,1.87332177,21.5755,11.079935,22.52,20.18,3.737,0,2381,sech,DSech,I,F,5,0.805,NA
1/22/20,11:25:12,14,19,1,41210,41229,1.646630585,2.809295,1.849885013,21.5975,11.180685,22.53,19.83,3.574,0,2382,sech,DSech,I,F,5,0.796,NA
1/22/20,11:35:12,15,21,1,41733,41752,2.086184359,3.99047,3.050587937,16.5935,11.20948,22.54,19.48,3.787,1.07E-15,2383,sech,DSech,I,F,5,0.823,bad flow
1/22/20,11:40:12,16,22,1,42012,42031,1.761370426,2.903615,1.988521659,21.4925,11.144375,22.54,19.61,3.5905,0,2384,sech,DSech,I,F,5,0.85,NA
1/22/20,11:50:12,1,24,1,42619,42638,1.34661938,2.434225,1.544828719,21.151,11.10628,22.54,19.4575,3.5935,-5.36E-16,2369,sech,DSech,I,M,5,0.577,NA
1/22/20,11:55:12,2,25,1,43021,43040,1.355804279,2.399465,1.541395989,21.3415,11.140405,22.5215,19.4,3.595,-1.07E-15,2370,sech,DSech,I,M,5,0.605,NA
1/22/20,12:05:12,3,27,1,43672,43691,1.302953962,2.32357,1.49019043,21.213,11.19209,22.505,19.381,3.7755,2.68E-16,2371,sech,DSech,I,M,5,0.582,NA
1/22/20,12:10:12,4,28,1,43834,43853,1.347233368,2.36775,1.545548019,21.148,11.190955,22.5,19.3145,3.8315,0,2372,sech,DSech,I,M,5,0.597,NA
1/22/20,12:20:12,5,30,1,44412,44431,1.196540054,2.145005,1.339569552,21.67,11.15169,22.49,19.24,3.7925,1.07E-15,2373,sech,DSech,U,M,5,0.518,NA
1/22/20,12:25:12,6,31,1,44828,44847,1.230649475,2.15473,1.37046207,21.7845,11.18016,22.479,19.35,3.7815,2.14E-15,2374,sech,DSech,U,M,5,0.52,NA
1/22/20,12:35:12,7,33,2,45332,45351,1.243345073,2.19121,1.417665839,21.2755,11.18144,22.47,19.3885,3.7935,0.149795455,2375,sech,DSech,U,M,5,0.563,NA
1/22/20,12:40:12,8,34,2,45657,45676,1.548937903,2.524255,1.768105413,21.2515,11.20438,22.47,19.34,3.528,0,2376,sech,DSech,U,M,5,0.569,NA
1/22/20,12:50:12,9,36,2,46268,46287,1.362009251,2.23655,1.489533638,22.1815,11.20986,22.4645,19.3,3.58,1.07E-15,2377,sech,DSech,U,F,5,0.826,NA
1/22/20,12:55:12,10,37,2,46628,46647,1.513971771,2.450875,1.708651713,21.494,11.220735,22.46,19.29,3.7055,-2.14E-15,2378,sech,DSech,U,F,5,0.843,NA
1/22/20,13:05:12,11,39,2,47200,47219,1.47539702,2.398265,1.651904359,21.6645,11.218175,22.44,19.26,3.689,-2.14E-15,2379,sech,DSech,U,F,5,0.793,NA
1/22/20,13:10:12,12,40,2,47472,47491,1.355247313,2.30798,1.5555545,21.133,11.22339,22.443,19.273,3.575,2.14E-15,2380,sech,DSech,U,F,5,0.695,NA
1/22/20,13:20:12,13,42,2,48064,48083,1.384617159,2.30703,1.554636555,21.6035,11.21454,22.44,19.26,3.636,0,2381,sech,DSech,I,F,5,0.805,NA
1/22/20,13:25:12,14,43,2,48472,48491,1.426208331,2.34416,1.597327059,21.657,11.19956,22.4315,19.224,3.6195,-5.36E-16,2382,sech,DSech,I,F,5,0.796,NA
1/22/20,13:35:12,15,45,2,49072,49091,1.659213203,3.170095,2.43220166,16.5465,11.23495,22.43,19.26,3.659,0,2383,sech,DSech,I,F,5,0.823,bad flow
1/22/20,13:40:12,16,46,2,49369,49388,1.461889055,2.376935,1.648080031,21.515,11.22563,22.43,19.34,3.609,0.070677273,2384,sech,DSech,I,F,5,0.85,NA
1/22/20,13:50:12,1,48,2,49900,49919,1.391418052,2.325265,1.597284089,21.1295,11.25169,22.43,19.5,3.683,0.416304545,2369,sech,DSech,I,M,5,0.577,NA
1/22/20,13:55:12,2,49,2,50163,50182,1.300250388,2.205085,1.477701014,21.342,11.247975,22.42,19.54,3.688,1.390986364,2370,sech,DSech,I,M,5,0.605,NA
1/22/20,14:05:12,3,51,2,50864,50883,1.650831471,2.624395,1.889297614,21.194,11.28396,22.43,19.555,3.6575,0.826086364,2371,sech,DSech,I,M,5,0.582,NA
1/22/20,14:10:12,4,52,2,51101,51120,1.316638272,2.253465,1.511647121,21.1285,11.364205,22.447,19.54,3.749,0.03265,2372,sech,DSech,I,M,5,0.597,NA
1/22/20,14:20:12,5,54,2,51685,51704,1.551113008,2.471315,1.73749624,21.6605,11.387235,22.5255,19.82,3.551,0.063227273,2373,sech,DSech,U,M,5,0.518,NA
1/22/20,14:25:12,6,55,2,52011,52030,1.223524701,2.08476,1.367493699,21.7115,11.38208,22.56,20.1425,4.048,6.86E-14,2374,sech,DSech,U,M,5,0.52,NA
1/30/20,11:01:45,7,11,1,39748,39767,0.389315732,1.129875,0.496953714,19.018,13.10539,22.682,18.98,3.53,-2.68E-16,2391,suz,DSuz,U,M,3,NA,empty
1/30/20,11:06:45,8,12,1,40015,40034,0.392244549,1.138765,0.50142854,18.9885,13.04088,22.66,19.0795,3.566,2.68E-16,2392,suz,DSuz,U,M,3,NA,empty
1/30/20,11:16:45,9,14,1,40765,40784,2.037347566,3.128955,2.494082259,19.825,12.9927,22.6,18.8085,3.718,-1.34E-16,2393,suz,DSuz,I,M,3,0.923,NA
1/30/20,11:21:45,10,15,1,41051,41070,2.076730248,3.247115,2.617281834,19.254,12.950995,22.555,18.77,3.794,-2.14E-15,2394,suz,DSuz,I,M,3,1.006,NA
1/30/20,11:31:45,11,17,1,41665,41684,1.815172166,2.92231,2.272889899,19.3775,13.202025,22.55,19.35,3.6435,2.14E-15,2395,suz,DSuz,I,M,3,0.805,NA
1/30/20,11:36:45,12,18,1,41959,41978,0.402064019,1.186125,0.516392976,18.8935,13.254185,22.56,19.33,3.5925,0,2396,suz,DSuz,I,M,3,NA,empty
1/30/20,11:46:46,13,20,1,42565,42584,2.075739549,3.2968,2.611012125,19.292,13.20245,22.57,18.88,3.476,0,2397,suz,DSuz,I,F,3,1.462,NA
1/30/20,11:51:45,14,21,1,42855,42874,2.969904905,4.435675,3.734876259,19.2965,13.16519,22.57,18.8445,3.619,-2.14E-15,2398,suz,DSuz,I,F,3,1.901,NA
1/30/20,12:01:46,15,23,1,43329,43348,4.358702247,7.737385,7.026611644,15.051,13.097925,22.53,18.716,3.504,0.012736364,2399,suz,DSuz,I,F,3,2.177,bad flow
1/30/20,12:06:46,16,24,1,43759,43778,2.067917702,3.33975,2.603920629,19.267,12.901195,22.5,18.73,4.0005,8.57E-15,2400,suz,DSuz,I,F,3,1.557,NA
1/30/20,12:16:46,1,26,1,44275,44294,1.310278356,2.419875,1.679076001,18.9285,12.847015,22.44,18.762,3.769,2.14E-15,2385,suz,DSuz,U,F,3,0.895,NA
1/30/20,12:21:46,2,27,1,44612,44631,2.030750224,3.32853,2.580929993,19.0835,12.917145,22.41,18.83,4.0175,-4.28E-15,2386,suz,DSuz,U,F,3,1.523,NA
1/30/20,12:31:46,3,29,1,45227,45246,2.537926692,4.0038,3.245553543,18.9655,13.16022,22.407,18.873,3.8255,0,2387,suz,DSuz,U,F,3,0.963,NA
1/30/20,12:36:46,4,30,1,45415,45434,0.368404343,1.237295,0.472020155,18.9285,12.98994,22.4,18.79,3.821,0.00075,2388,suz,DSuz,U,F,3,NA,empty
1/30/20,12:46:46,5,32,1,46058,46077,1.732380716,2.947705,2.165890711,19.3965,12.997695,22.3785,18.663,3.886,1.29E-14,2389,suz,DSuz,U,M,3,0.938,NA
1/30/20,12:51:46,6,33,1,46466,46485,1.942462245,3.230045,2.42453941,19.43,13.080425,22.39,18.5945,3.9305,0.151336364,2390,suz,DSuz,U,M,3,0.937,NA
1/30/20,13:01:46,7,35,2,47040,47059,0.345778184,1.264935,0.441145381,19.0105,13.0433,22.41,18.504,3.8615,1.07E-15,2391,suz,DSuz,U,M,3,NA,empty
1/30/20,13:06:46,8,36,2,47365,47384,0.354805033,1.29831,0.452649308,19.011,12.978945,22.41,18.4,3.8845,-1.07E-15,2392,suz,DSuz,U,M,3,NA,empty
1/30/20,13:16:46,9,38,2,47874,47893,1.850905471,3.11857,2.26393142,19.8275,12.90174,22.39,18.4095,3.9155,1.07E-15,2393,suz,DSuz,I,M,3,0.923,NA
1/30/20,13:21:46,10,39,2,48228,48247,1.819777856,3.158765,2.289180308,19.2785,12.900625,22.38,18.35,3.996,3.21E-15,2394,suz,DSuz,I,M,3,1.006,NA
1/30/20,13:31:46,11,41,2,48859,48878,1.61958774,2.91333,2.030178609,19.3485,13.17895,22.41,18.51,3.8545,0,2395,suz,DSuz,I,M,3,0.805,NA
1/30/20,13:36:45,12,42,2,49111,49130,0.375331073,1.374735,0.481270594,18.917,13.2082,22.44,18.5145,3.988,-1.07E-15,2396,suz,DSuz,I,M,3,NA,empty
1/30/20,13:46:46,13,44,2,49736,49755,1.662408662,3.007855,2.092771571,19.2725,13.15347,22.51,18.408,3.9815,-2.14E-15,2397,suz,DSuz,I,F,3,1.462,NA
1/30/20,13:51:46,14,45,2,49914,49933,2.18250395,3.67038,2.742277959,19.31,13.09971,22.52,18.29,4.0115,-2.14E-15,2398,suz,DSuz,I,F,3,1.901,NA
2/4/20,10:23:55,5,7,1,37541,37560,3.199163198,5.83702,4.083040837,18.9995,16.080745,22.35,13.227,3.876,6.69E-17,2405,suz,DSuz,U,F,3,1.606,NA
2/4/20,10:28:55,6,8,1,37875,37894,2.960428033,5.39345,3.766673954,19.0595,16.142445,22.37,13.103,3.943,-1.34E-16,2406,suz,DSuz,U,F,3,1.529,NA
2/4/20,10:38:55,7,10,1,38386,38405,3.250799413,5.7741,4.218982836,18.6875,16.06419,22.4,13.04,3.838,0.167390909,2407,suz,DSuz,U,F,3,1.373,NA
2/4/20,10:43:55,8,11,1,38688,38707,3.325941929,5.784195,4.330174847,18.6295,16.15961,22.42,12.96,4.035,-2.68E-16,2408,suz,DSuz,U,F,3,1.681,NA
2/4/20,10:53:55,9,13,1,39395,39414,2.19162802,4.089525,2.734811499,19.4385,16.00126,22.439,12.9185,3.8845,0,2409,suz,DSuz,U,M,3,0.999,NA
2/4/20,10:58:55,10,14,1,39553,39572,3.08981935,5.27919,3.957390332,18.9385,16.02383,22.44,12.918,3.8275,1.07E-15,2410,suz,DSuz,U,M,3,1.119,NA
2/4/20,11:08:55,11,16,1,40149,40168,0.711064092,2.171625,0.905053261,19.058,16.03395,22.46,12.81,3.846,-1.34E-16,2411,suz,DSuz,U,M,3,NA,empty
2/4/20,11:13:55,12,17,1,40512,40531,0.723936055,2.152835,0.946134599,18.5615,16.176515,22.47,12.8435,3.794,6.69E-17,2412,suz,DSuz,U,M,3,NA,empty
2/4/20,11:23:55,13,19,1,41053,41072,2.236059768,4.03651,2.862957029,18.948,16.12285,22.49,12.546,4.0175,-1.07E-15,2413,suz,DSuz,I,F,3,1.274,NA
2/4/20,11:28:55,14,20,1,41470,41489,3.577989359,5.70437,4.581396896,18.9475,16.241585,22.5,12.5845,4.012,0.000540909,2414,suz,DSuz,I,F,3,1.918,NA
2/4/20,11:38:55,15,22,1,42025,42044,3.641145764,7.032955,5.92505461,14.909,16.093125,22.5,12.07,4.02,8.03E-16,2415,suz,DSuz,I,F,3,1.594,bad flow
2/4/20,11:43:55,16,23,1,42349,42368,2.898647274,4.812065,3.720236263,18.9025,16.139145,22.49,12.2265,4.128,-5.36E-16,2416,suz,DSuz,I,F,3,1.814,NA
2/4/20,11:53:55,1,25,1,42883,42902,2.163005952,3.88612,2.819814369,18.608,16.023165,22.4675,11.802,4.0375,0,2401,suz,DSuz,I,M,3,1.098,NA
2/4/20,11:58:55,2,26,1,43255,43274,2.095224406,3.73106,2.712347067,18.7385,16.226115,22.46,12.028,4.216,5.36E-16,2402,suz,DSuz,I,M,3,1.101,NA
2/4/20,12:08:55,3,28,1,43791,43810,1.521666526,2.982745,1.983262984,18.6105,16.10721,22.44,11.91,4.158,-2.68E-16,2403,suz,DSuz,I,M,3,0.832,NA
2/4/20,12:13:55,4,29,1,44146,44165,1.754176824,3.26312,2.288043356,18.5965,16.223135,22.44,11.94,4.213,3.21E-15,2404,suz,DSuz,I,M,3,0.984,NA
2/4/20,12:23:55,5,31,2,44694,44713,2.788847601,4.523195,3.552059504,19.0435,16.08597,22.43,11.764,4.1905,-1.07E-15,2405,suz,DSuz,U,F,3,1.606,NA
2/4/20,12:28:55,6,32,2,45007,45026,2.717430825,4.428955,3.457685698,19.062,16.182255,22.42,11.38,4.3655,4.28E-15,2406,suz,DSuz,U,F,3,1.529,NA
2/4/20,12:38:55,7,34,2,45634,45653,2.320958795,3.973895,3.014400078,18.673,16.127215,22.39,11.19,4.2225,-4.28E-15,2407,suz,DSuz,U,F,3,1.373,NA
2/4/20,12:43:55,8,35,2,45835,45854,2.71852409,4.478435,3.529334075,18.68,16.139615,22.38,11.264,4.0575,-1.07E-15,2408,suz,DSuz,U,F,3,1.681,NA
2/4/20,12:53:55,9,37,2,46448,46467,1.620471207,2.959925,2.021765433,19.435,16.092045,22.34,11.15,4.0855,0,2409,suz,DSuz,U,M,3,0.999,NA
2/4/20,12:58:56,10,38,2,46842,46861,2.404489252,4.016745,3.084602634,18.901,16.22629,22.33,11.3075,4.2345,4.28E-15,2410,suz,DSuz,U,M,3,1.119,NA
2/4/20,13:08:56,11,40,2,47347,47366,0.506775304,1.56561,0.64508651,19.0475,16.120725,22.3155,11.162,4.314,-1.07E-15,2411,suz,DSuz,U,M,3,NA,empty
2/4/20,13:13:56,12,41,2,47647,47666,0.530160015,1.589305,0.691552409,18.586,16.143025,22.29,11.11,4.4525,0,2412,suz,DSuz,U,M,3,NA,empty
2/4/20,13:23:56,13,43,2,48236,48255,1.898597329,3.311505,2.427843498,18.958,16.133135,22.276,10.99,4.4045,2.14E-15,2413,suz,DSuz,I,F,3,1.274,NA
2/4/20,13:28:56,14,44,2,48693,48712,3.0136056,4.72824,3.851849784,18.966,16.285605,22.2675,11.3,4.49,-1.07E-15,2414,suz,DSuz,I,F,3,1.918,NA
2/4/20,13:38:56,15,46,2,49290,49309,2.739378219,5.322345,4.461735542,14.8835,16.14409,22.26,11.03,3.9735,-2.14E-15,2415,suz,DSuz,I,F,3,1.594,bad flow
2/4/20,13:43:56,16,47,2,49490,49509,2.029139424,3.45136,2.601743044,18.906,16.14117,22.2585,10.99,4.0935,4.28E-15,2416,suz,DSuz,I,F,3,1.814,NA
2/6/20,11:03:07,5,7,1,39787,39806,4.227269401,6.96008,5.420048285,18.9505,16.83027,22.95,23.85,0.2295,0,2421,suz,DSuz,U,F,3,1.698,NA
2/6/20,11:08:07,6,8,1,40087,40106,2.639372815,4.918625,3.37530737,18.999,16.86177,22.92,23.933,0.229,0,2422,suz,DSuz,U,F,3,1.28,NA
2/6/20,11:18:07,7,10,1,40701,40720,2.847225063,5.26439,3.719971841,18.593,16.730465,22.88,23.97,0.286,0,2423,suz,DSuz,U,F,3,1.729,NA
2/6/20,11:23:07,8,11,1,40987,41006,0.407991521,2.075685,0.532751768,18.602,16.80161,22.86,23.93,0.28,-2.68E-16,2424,suz,DSuz,U,F,3,NA,empty
2/6/20,11:33:07,9,13,1,41708,41727,3.813078002,6.3303,4.790181405,19.3345,16.64674,22.84,23.8105,3.919,0,2425,suz,DSuz,I,F,3,1.671,NA
2/6/20,11:38:07,10,14,1,42043,42062,2.930585347,5.32011,3.782578573,18.817,16.756305,22.823,23.85,4.1305,1.07E-15,2426,suz,DSuz,I,F,3,1.249,NA
2/6/20,11:48:07,11,16,1,42487,42506,3.485474912,5.999425,4.462187533,18.97,16.516045,22.8,23.882,3.9165,0.493827273,2427,suz,DSuz,I,F,3,1.767,NA
2/6/20,11:53:07,12,17,1,42834,42853,2.286219913,4.53358,2.996850843,18.5245,16.470695,22.76,24.1025,4.028,2.14E-15,2428,suz,DSuz,I,F,3,1.635,NA
2/6/20,12:03:07,13,19,1,43418,43437,1.678382577,3.68888,2.15317889,18.9215,16.34655,22.66,24.46,3.9785,0.139363636,2429,suz,DSuz,U,M,3,0.905,NA
2/6/20,12:08:07,14,20,1,43847,43866,2.434921315,4.66682,3.133387112,18.8625,16.721975,22.65,24.458,3.944,1.07E-15,2430,suz,DSuz,U,M,3,1.092,NA
2/6/20,12:18:07,15,22,1,44328,44347,0.434525443,2.250705,0.70550842,14.95,16.53419,22.65,24.604,3.9525,-1.07E-15,2431,suz,DSuz,U,M,3,NA,"empty, bad flow"
2/6/20,12:23:06,16,23,1,44684,44703,0.400730824,2.087295,0.517431231,18.7985,16.53267,22.6475,24.732,3.4135,-1.61E-15,2432,suz,DSuz,U,M,3,NA,empty
2/6/20,12:33:07,1,25,1,45338,45357,2.035601449,4.24969,2.670659557,18.4995,16.29051,22.62,24.109,3.357,2.68E-16,2417,suz,DSuz,I,M,3,1.031,NA
2/6/20,12:38:07,2,26,1,45559,45578,1.526890629,3.567245,1.98495025,18.6675,16.328485,22.58,23.98,3.394,0,2418,suz,DSuz,I,M,3,1.027,NA
2/6/20,12:48:07,3,28,1,46155,46174,1.671150364,3.777115,2.190784632,18.51,16.35716,22.55,24.37,3.2635,0,2419,suz,DSuz,I,M,3,1.193,NA
2/6/20,12:53:07,4,29,1,46400,46419,1.477600864,3.52748,1.937911598,18.5015,16.437685,22.55,24.4135,3.436,-5.36E-16,2420,suz,DSuz,I,M,3,0.902,NA
2/6/20,13:03:07,5,31,2,47087,47106,2.869647326,5.285795,3.683552456,18.903,16.288925,22.54,24.3635,3.4715,-1.34E-16,2421,suz,DSuz,U,F,3,1.698,NA
2/6/20,13:08:06,6,32,2,47330,47349,2.161967467,4.37419,2.76070383,19.002,16.348105,22.54,24.25,3.433,1.71E-14,2422,suz,DSuz,U,F,3,1.28,NA
2/6/20,13:18:06,7,34,2,48020,48039,3.211896611,5.81689,4.193111992,18.5855,16.28778,22.526,23.78,3.3475,-8.57E-15,2423,suz,DSuz,U,F,3,1.729,NA
2/6/20,13:23:06,8,35,2,48319,48338,0.367723109,2.108455,0.479587815,18.6035,16.367195,22.52,23.58,3.322,0,2424,suz,DSuz,U,F,3,NA,empty
2/6/20,13:33:06,9,37,2,48866,48885,3.709243233,6.29151,4.659681632,19.3145,16.234415,22.53,23.58,0.2665,0,2425,suz,DSuz,I,F,3,1.671,NA
2/6/20,13:38:07,10,38,2,49216,49235,2.630071895,5.033685,3.397947444,18.781,16.478525,22.54,23.549,0.3185,-6.86E-14,2426,suz,DSuz,I,F,3,1.249,NA
2/6/20,13:48:07,11,40,2,49805,49824,2.38127341,4.6995,3.053072173,18.9265,16.37943,22.56,23.4375,0.291,-4.28E-15,2427,suz,DSuz,I,F,3,1.767,NA
2/6/20,13:53:07,12,41,2,50146,50165,1.794920005,4.01996,2.359411203,18.4585,16.32448,22.5575,23.3035,0.2905,0.388959091,2428,suz,DSuz,I,F,3,1.635,NA
2/6/20,14:03:06,13,43,2,50698,50717,1.511655575,3.610665,1.94691435,18.84,16.207565,22.55,23.1135,0.361,-2.14E-15,2429,suz,DSuz,U,M,3,0.905,NA
2/6/20,14:08:06,14,44,2,50886,50905,2.138305496,4.41524,2.749303058,18.8725,16.254855,22.55,22.9945,0.3365,2.14E-15,2430,suz,DSuz,U,M,3,1.092,NA
2/6/20,14:18:06,15,46,2,51511,51530,0.411550992,2.33593,0.667832411,14.9525,16.15826,22.53,22.7915,0.263,-2.14E-15,2431,suz,DSuz,U,M,3,NA,"empty, bad flow"
2/6/20,14:23:06,16,47,2,51786,51805,0.371240779,2.14814,0.47970512,18.7765,16.175585,22.52,22.56,0.212,2.14E-15,2432,suz,DSuz,U,M,3,NA,empty
2/6/20,14:33:06,1,49,2,52386,52405,1.351442211,3.440475,1.771918453,18.5025,15.9639,22.49,22.519,0.247,-1.07E-15,2417,suz,DSuz,I,M,3,1.031,NA
2/6/20,14:38:06,2,50,2,52717,52736,1.700205771,3.870665,2.202328849,18.7275,16.14589,22.47,22.38,3.2475,-8.57E-15,2418,suz,DSuz,I,M,3,1.027,NA
2/14/20,10:33:43,9,10,1,38178,38197,1.714381489,3.557005,2.213852899,18.788,15.16252,22.5075,18.84,3.0615,4.28E-15,2441,FFD25,DMel_FFD25,U,M,3,0.612,NA
2/14/20,10:38:43,10,11,1,38346,38365,1.898257856,3.81723,2.517425359,18.294,15.182845,22.5,18.815,2.93,-1.71E-14,2442,FFD25,DMel_FFD25,U,M,3,0.642,NA
2/14/20,10:48:43,11,13,1,39079,39098,1.725415609,3.470515,2.267994892,18.4545,15.171015,22.46,18.5915,3.005,-2.68E-16,2443,FFD25,DMel_FFD25,U,M,3,0.613,NA
2/14/20,10:53:43,12,14,1,39294,39313,2.127667951,4.03129,2.873565587,17.96,15.26834,22.44,18.5825,3.0035,1.34E-16,2444,FFD25,DMel_FFD25,U,M,3,0.798,NA
2/14/20,11:03:43,13,16,1,39834,39853,1.826621299,3.52044,2.408844092,18.3915,15.134315,22.41,18.554,3.127,0,2445,FFD25,DMel_FFD25,I,M,3,0.753,NA
2/14/20,11:08:43,14,17,1,40123,40142,1.48536242,3.01337,1.954443726,18.432,15.149205,22.4,18.59,3.1045,0,2446,FFD25,DMel_FFD25,I,M,3,0.597,NA
2/14/20,11:18:43,15,19,1,40873,40892,1.615490667,3.68652,2.697441366,14.5235,15.244665,22.37,18.64,3.1985,0,2447,FFD25,DMel_FFD25,I,M,3,0.611,bad flow
2/14/20,11:23:43,16,20,1,41183,41202,1.725064397,3.23146,2.285589072,18.3025,15.3104,22.3585,18.59,2.958,-6.86E-14,2448,FFD25,DMel_FFD25,I,M,3,0.692,NA
2/14/20,11:33:43,1,22,1,41687,41706,2.544910936,4.356415,3.424254368,18.0215,15.251285,22.34,18.55,3.302,0.992313636,2433,FFD25,DMel_FFD25,I,F,3,1.173,NA
2/14/20,11:38:43,2,23,1,41923,41942,2.213633101,3.868105,2.951051037,18.189,15.288415,22.34,18.48,3.3255,0.543559091,2434,FFD25,DMel_FFD25,I,F,3,1.214,NA
2/14/20,11:48:43,3,25,1,42523,42542,2.472976511,4.21818,3.320462867,18.0585,15.215845,22.33,18.351,3.335,0,2435,FFD25,DMel_FFD25,I,F,3,1.192,NA
2/14/20,11:53:44,4,26,1,42946,42965,2.669493271,4.460015,3.590019599,18.0295,15.378345,22.32,18.4,3.231,1.115340909,2436,FFD25,DMel_FFD25,I,F,3,0.994,NA
2/14/20,12:03:43,5,28,1,43574,43593,2.029037401,3.506845,2.661966297,18.4795,15.169685,22.29,18.38,3.3825,0.237631818,2437,FFD25,DMel_FFD25,U,F,3,0.889,NA
2/14/20,12:08:44,6,29,1,43782,43801,2.924249785,4.65713,3.828616391,18.516,15.202495,22.27,18.38,3.3375,1.684845455,2438,FFD25,DMel_FFD25,U,F,3,1.201,NA
2/14/20,12:18:43,7,31,1,44375,44394,2.580378608,4.274825,3.455410288,18.105,15.50617,22.285,18.505,3.4015,1.595431818,2439,FFD25,DMel_FFD25,U,F,3,1.257,NA
2/14/20,12:23:43,8,32,1,44733,44752,1.952570138,3.43561,2.616994014,18.0905,15.65825,22.32,18.44,3.2915,0.001127273,2440,FFD25,DMel_FFD25,U,F,3,0.976,NA
2/14/20,12:33:43,9,34,2,45302,45321,1.287507569,2.463565,1.659992872,18.807,15.348745,22.34,18.4,3.102,4.28E-15,2441,FFD25,DMel_FFD25,U,M,3,0.612,NA
2/14/20,12:38:43,10,35,2,45582,45601,1.432356974,2.679855,1.896307383,18.3155,15.392215,22.34,18.44,3.286,0.634986364,2442,FFD25,DMel_FFD25,U,M,3,0.642,NA
2/14/20,12:48:43,11,37,2,46130,46149,1.268414862,2.434585,1.665564761,18.4645,15.257685,22.315,18.51,3.4875,4.28E-15,2443,FFD25,DMel_FFD25,U,M,3,0.613,NA
2/14/20,12:53:43,12,38,2,46498,46517,1.57458323,2.87636,2.125200157,17.9625,15.394235,22.29,18.463,3.547,0,2444,FFD25,DMel_FFD25,U,M,3,0.798,NA
2/14/20,13:03:44,13,40,2,47078,47097,1.538347234,2.774285,2.031776298,18.3555,15.42419,22.28,18.504,3.4415,3.43E-14,2445,FFD25,DMel_FFD25,I,M,3,0.753,NA
2/14/20,13:08:44,14,41,2,47483,47502,1.271418526,2.411985,1.678398827,18.365,15.509555,22.2885,18.2085,3.3185,-8.57E-15,2446,FFD25,DMel_FFD25,I,M,3,0.597,NA
2/14/20,13:18:43,15,43,2,48000,48019,1.321767158,2.93554,2.204939982,14.533,15.458805,22.2875,18.15,3.2225,-3.43E-14,2447,FFD25,DMel_FFD25,I,M,3,0.611,bad flow
2/14/20,13:23:44,16,44,2,48291,48310,1.734083955,3.02751,2.300823137,18.272,15.512245,22.29,18.236,3.275,1.361472727,2448,FFD25,DMel_FFD25,I,M,3,0.692,NA
2/14/20,13:33:43,1,46,2,48823,48842,1.923614972,3.31206,2.589488693,18.0115,15.389,22.32,18.28,3.0445,1.37E-13,2433,FFD25,DMel_FFD25,I,F,3,1.173,NA
2/14/20,13:38:44,2,47,2,49143,49162,2.086963039,3.50022,2.784445686,18.1735,15.504675,22.33,18.3415,3.004,1.602304545,2434,FFD25,DMel_FFD25,I,F,3,1.214,NA
2/17/20,10:36:02,7,9,1,38162,38181,2.522926743,5.356715,3.38040863,18.078,14.65804,22.03,21.734,3.428,2.68E-16,2455,suz,DSuz,U,M,3,1.091,NA
2/17/20,10:41:02,8,10,1,38462,38481,2.202052662,4.84127,2.952734787,18.064,14.744405,22.03,21.68,3.1605,0,2456,suz,DSuz,U,M,3,0.673,NA
2/17/20,10:51:02,9,12,1,39116,39135,2.397222564,4.88567,3.100093079,18.73,14.73335,22.02,21.6,3.4995,-5.36E-16,2457,suz,DSuz,I,F,3,1.46,NA
2/17/20,10:56:02,10,13,1,39522,39541,2.250640879,4.657795,2.990295684,18.231,14.829565,22.03,21.53,3.569,2.68E-16,2458,suz,DSuz,I,F,3,1.416,NA
2/17/20,11:06:02,11,15,1,39963,39982,2.625478653,5.09965,3.462952013,18.3645,14.739005,22.03,21.6825,3.8655,0,2459,suz,DSuz,I,F,3,1.303,NA
2/17/20,11:11:02,12,16,1,40262,40281,3.467443415,6.25652,4.684063317,17.931,14.769045,22.03,21.53,3.8035,-2.68E-16,2460,suz,DSuz,I,F,3,1.728,NA
2/17/20,11:21:01,13,18,1,40990,41009,1.834058878,3.93878,2.427825325,18.298,14.786035,22.02,21.53,3.284,-1.34E-16,2461,suz,DSuz,I,M,3,0.94,NA
2/17/20,11:26:01,14,19,1,41301,41320,2.080767209,4.239075,2.758299089,18.272,14.94667,22.02,21.68,3.0165,-5.36E-16,2462,suz,DSuz,I,M,3,0.939,NA
2/17/20,11:36:01,15,21,1,41836,41855,1.896934877,4.597355,3.142962554,14.6195,14.93885,22.03,21.64,3.42,1.07E-15,2463,suz,DSuz,I,M,3,1.026,bad flow
2/17/20,11:41:01,16,22,1,42190,42209,2.096387574,4.20278,2.789103352,18.207,15.01416,22.039,21.53,3.355,2.14E-15,2464,suz,DSuz,I,M,3,1.021,NA
2/17/20,11:51:02,1,24,1,42821,42840,2.375558405,4.59412,3.205553531,17.9525,14.9744,22.06,21.4495,3.347,0,2449,suz,DSuz,U,F,3,1.456,NA
2/17/20,11:56:01,2,25,1,43118,43137,2.909815449,5.265355,3.897724715,18.085,15.056155,22.06,21.53,3.3235,-4.28E-15,2450,suz,DSuz,U,F,3,1.52,NA
2/17/20,12:06:01,3,27,1,43701,43720,2.996194989,5.386225,4.036772687,17.981,14.95953,22.07,21.1375,3.693,-2.68E-16,2451,suz,DSuz,U,F,3,1.669,NA
2/17/20,12:11:01,4,28,1,44021,44040,2.034785336,4.073035,2.744120655,17.964,15.0838,22.0775,20.93,3.784,0,2452,suz,DSuz,U,F,3,1.401,NA
2/17/20,12:21:01,5,30,1,44610,44629,2.068635391,4.04592,2.735462144,18.321,15.040965,22.09,20.7,3.2865,-2.68E-16,2453,suz,DSuz,U,M,3,0.967,NA
2/17/20,12:26:01,6,31,1,44797,44816,1.959723336,3.883585,2.585110433,18.3665,15.111205,22.0925,20.66,3.146,2.68E-16,2454,suz,DSuz,U,M,3,1.066,NA
2/17/20,12:36:01,7,33,2,45361,45380,1.762902936,3.650255,2.371012814,18.0155,15.010175,22.12,20.569,3.2995,0,2455,suz,DSuz,U,M,3,1.091,NA
2/17/20,12:41:01,8,34,2,45766,45785,2.04995238,4.009875,2.764025665,17.9715,15.188825,22.14,20.44,3.323,-3.43E-14,2456,suz,DSuz,U,M,3,0.673,NA
2/17/20,12:51:01,9,36,2,46318,46337,1.816847953,3.58223,2.353899036,18.705,15.02212,22.17,20.28,3.181,-1.07E-15,2457,suz,DSuz,I,F,3,1.46,NA
2/17/20,12:56:01,10,37,2,46718,46737,1.883121928,3.705535,2.503577621,18.228,15.111485,22.17,20.2,3.396,-1.07E-15,2458,suz,DSuz,I,F,3,1.416,NA
2/17/20,13:06:01,11,39,2,47250,47269,1.934347203,3.753565,2.556483799,18.3365,15.00124,22.17,20.1145,3.5695,-4.28E-15,2459,suz,DSuz,I,F,3,1.303,NA
2/17/20,13:11:01,12,40,2,47580,47599,2.575677313,4.670155,3.479196633,17.94,15.0978,22.16,19.97,3.6045,0,2460,suz,DSuz,I,F,3,1.728,NA
2/17/20,13:21:01,13,42,2,48090,48109,1.646719827,3.36993,2.180639266,18.299,15.022365,22.147,19.68,3.5085,-5.36E-16,2461,suz,DSuz,I,M,3,0.94,NA
2/17/20,13:26:01,14,43,2,48469,48488,1.77742316,3.542175,2.354631382,18.2915,15.118775,22.14,19.57,3.8755,0,2462,suz,DSuz,I,M,3,0.939,NA
2/17/20,13:36:01,15,45,2,49063,49082,1.559475497,3.759305,2.587288404,14.6035,15.0689,22.1,19.51,3.524,4.28E-15,2463,suz,DSuz,I,M,3,1.026,bad flow
2/17/20,13:41:01,16,46,2,49396,49415,1.361023153,2.956285,1.806195368,18.2545,15.053915,22.07,19.47,3.321,0.1643,2464,suz,DSuz,I,M,3,1.021,NA
2/18/20,10:15:39,7,9,1,37096,37115,2.096502363,4.413395,2.836085934,17.935,14.7054,22.51,16.16,3.5055,4.02E-16,2471,suz,DSuz,I,M,4,0.921,NA
2/18/20,10:20:39,8,10,1,37329,37348,2.394429676,4.73068,3.238295069,17.9395,14.76398,22.51,16.04,3.3845,-2.68E-16,2472,suz,DSuz,I,M,4,0.971,NA
2/18/20,10:30:39,9,12,1,37966,37985,2.649452875,4.84149,3.438673814,18.691,14.66476,22.47,16.0385,3.4065,6.69E-17,2473,suz,DSuz,I,F,4,1.416,NA
2/18/20,10:35:39,10,13,1,38299,38318,2.237180317,4.305415,2.981262741,18.204,14.854685,22.47,16.03,3.4395,-1.07E-15,2474,suz,DSuz,I,F,4,1.339,NA
2/18/20,10:45:39,11,15,1,38875,38894,2.344504927,4.39811,3.111767123,18.2785,14.803375,22.49,16.0885,3.3635,0.001281818,2475,suz,DSuz,I,F,4,1.551,NA
2/18/20,10:50:39,12,16,1,39189,39208,2.796615919,5.05992,3.815932672,17.781,15.01431,22.51,16.08,3.4515,-1.34E-16,2476,suz,DSuz,I,F,4,1.696,NA
2/18/20,11:00:39,13,18,1,39689,39708,1.693635758,3.481895,2.261547536,18.17,14.819625,22.5225,16.04,3.497,5.36E-16,2477,suz,DSuz,U,M,4,0.936,NA
2/18/20,11:05:39,14,19,1,40038,40057,1.736099266,3.492535,2.313052331,18.212,14.988735,22.54,16,3.3855,2.14E-15,2478,suz,DSuz,U,M,4,0.806,NA
2/18/20,11:15:39,15,21,1,40559,40578,0.707783414,2.319675,1.174038708,14.628,14.82805,22.54,15.92,3.5615,0,2479,suz,DSuz,U,M,4,NA,"empty, bad flow"
2/18/20,11:20:38,16,22,1,40857,40876,2.033293028,3.813085,2.718460434,18.148,14.80274,22.53,15.88,3.5965,-1.71E-14,2480,suz,DSuz,U,M,4,1.022,NA
2/18/20,11:30:39,1,24,1,41528,41547,2.519098271,4.475875,3.422908037,17.855,14.8724,22.5,15.96,3.6845,0,2465,suz,DSuz,U,F,4,1.466,NA
2/18/20,11:35:39,2,25,1,41738,41757,2.163761485,3.947285,2.909430145,18.043,14.93458,22.5,16.04,3.636,-1.34E-16,2466,suz,DSuz,U,F,4,1.629,NA
2/18/20,11:45:38,3,27,1,42499,42518,2.300331423,4.117045,3.109478742,17.946,14.96846,22.471,16.159,3.5345,-5.36E-16,2467,suz,DSuz,U,F,4,1.614,NA
2/18/20,11:50:39,4,28,1,42767,42786,2.131991538,3.8813,2.890423516,17.8945,15.0789,22.49,16.1505,3.734,0,2468,suz,DSuz,U,F,4,1.694,NA
2/18/20,12:00:38,5,30,1,43339,43358,1.703516557,3.2228,2.252832148,18.3435,14.912195,22.47,16.19,3.7375,-5.36E-16,2469,suz,DSuz,I,M,4,0.872,NA
2/18/20,12:05:39,6,31,1,43557,43576,1.804065334,3.337665,2.385086533,18.3485,14.967065,22.46,16.1,3.711,0,2470,suz,DSuz,I,M,4,1.036,NA
2/18/20,12:15:38,7,33,2,44218,44237,1.677439568,3.19261,2.257907935,18.02,14.949045,22.43,16.2555,3.8205,0,2471,suz,DSuz,I,M,4,0.921,NA
2/18/20,12:20:38,8,34,2,44586,44605,1.650485732,3.154995,2.230578299,17.9475,15.16554,22.43,16.293,3.7175,0,2472,suz,DSuz,I,M,4,0.971,NA
2/18/20,12:30:38,9,36,2,45042,45061,2.258056577,3.85148,2.931126222,18.6855,14.984735,22.43,16.4095,3.637,-2.68E-16,2473,suz,DSuz,I,F,4,1.416,NA
2/18/20,12:35:39,10,37,2,45477,45496,1.889935473,3.43321,2.524014571,18.1635,15.175125,22.451,16.5,3.4805,0,2474,suz,DSuz,I,F,4,1.339,NA
2/18/20,12:45:39,11,39,2,46065,46084,2.478377825,4.194295,3.278999681,18.3345,14.96918,22.46,16.58,3.3695,0.018218182,2475,suz,DSuz,I,F,4,1.551,NA
2/18/20,12:50:39,12,40,2,46315,46334,2.372834797,4.140175,3.218118653,17.885,15.05681,22.44,16.5,2.727,1.07E-15,2476,suz,DSuz,I,F,4,1.696,NA
2/18/20,13:00:39,13,42,2,46855,46874,1.565175783,2.99698,2.085823595,18.2,14.962975,22.43,16.5245,1.932,-5.36E-16,2477,suz,DSuz,U,M,4,0.936,NA
2/18/20,13:05:39,14,43,2,47201,47220,2.338494225,3.98266,3.103436817,18.275,15.06368,22.4125,16.58,1.5655,1.29E-14,2478,suz,DSuz,U,M,4,0.806,NA
2/18/20,13:15:39,15,45,2,47780,47799,0.542510012,1.768085,0.900791548,14.6065,15.04647,22.4,16.727,1.8775,-2.14E-15,2479,suz,DSuz,U,M,4,NA,"empty, bad flow"
2/18/20,13:20:39,16,46,2,48189,48208,1.635688546,3.048525,2.186049071,18.146,15.112925,22.39,16.6625,1.9815,0.002386364,2480,suz,DSuz,U,M,4,1.022,NA
2/18/20,13:30:39,1,48,2,48799,48818,2.412059288,4.122785,3.265599217,17.9125,14.994555,22.38,16.59,1.985,0,2465,suz,DSuz,U,F,4,1.466,NA
2/18/20,13:35:39,2,49,2,49076,49095,2.002983682,3.54479,2.692446177,18.04,15.0042,22.36,16.54,1.929,0,2466,suz,DSuz,U,F,4,1.629,NA
2/18/20,13:45:39,3,51,2,49598,49617,2.204126212,3.816935,2.968112463,18.006,14.87953,22.33,16.46,2.0355,-1.07E-15,2467,suz,DSuz,U,F,4,1.614,NA
2/18/20,13:50:39,4,52,2,49856,49875,1.93628655,3.47518,2.630399489,17.848,14.926675,22.32,16.5765,1.8305,0,2468,suz,DSuz,U,F,4,1.694,NA
2/18/20,14:00:39,5,54,2,50470,50489,1.485177668,2.80802,1.96395594,18.3325,14.96498,22.272,16.41,0.489,-5.36E-16,2469,suz,DSuz,I,M,4,0.872,NA
2/18/20,14:05:39,6,55,2,50745,50764,1.672389526,3.05424,2.207309892,18.368,15.20718,22.28,16.1075,0.4005,0,2470,suz,DSuz,I,M,4,1.036,NA
2/18/20,14:15:39,7,57,3,51480,51499,1.54392626,2.93238,2.088090518,17.9275,15.072635,22.317,15.547,0.348,-2.14E-15,2471,suz,DSuz,I,M,4,0.921,NA
2/18/20,14:20:39,8,58,3,51709,51728,1.500570309,2.87007,2.029458591,17.9275,15.12322,22.32,15.39,0.3935,1.07E-15,2472,suz,DSuz,I,M,4,0.971,NA
2/27/20,10:13:04,5,7,1,36944,36963,3.150011551,4.6917,3.422191409,22.3035,12.861725,22.13,18.97,1.458,0,2485,suz,DSuz,U,F,3,1.843,NA
2/27/20,10:18:04,6,8,1,37109,37128,0.633735339,1.90069,0.686569546,22.366,12.85532,22.13,19.4985,1.3595,-1.34E-16,2486,suz,DSuz,U,F,3,NA,empty
2/27/20,10:28:04,7,10,1,37697,37716,0.571673718,1.75953,0.632824443,21.888,12.73094,22.112,19.59,0.135,-2.68E-16,2487,suz,DSuz,U,F,3,NA,empty
2/27/20,10:33:04,8,11,1,38028,38047,0.57575455,1.6759,0.639570951,21.81,12.70226,22.09,19.3575,0.114,-2.68E-16,2488,suz,DSuz,U,F,3,NA,empty
2/27/20,10:43:04,9,13,1,38658,38677,3.009837128,4.1691,3.196635695,22.811,12.934665,22.081,19.32,0.1165,0,2489,suz,DSuz,I,F,3,1.743,NA
2/27/20,10:48:04,10,14,1,39044,39063,3.434165993,4.687315,3.770847142,22.065,13.01629,22.1,19.2,0.1065,-2.14E-15,2490,suz,DSuz,I,F,3,1.768,NA
2/27/20,10:58:04,11,16,1,39631,39650,3.025058194,4.171745,3.289947896,22.279,12.96075,22.12,19.09,0.06,-2.68E-16,2491,suz,DSuz,I,F,3,1.589,NA
2/27/20,11:03:04,12,17,1,39784,39803,1.884391359,2.96846,2.105083224,21.69,12.946035,22.13,18.977,0.0685,0,2492,suz,DSuz,I,F,3,1.232,NA
2/27/20,11:13:04,13,19,1,40538,40557,1.83132306,2.819105,2.004380302,22.1395,12.931345,22.14,19.13,0.1185,8.03E-16,2493,suz,DSuz,I,M,3,1.082,NA
2/27/20,11:18:04,14,20,1,40684,40703,1.519128467,2.45836,1.658181353,22.1995,12.92836,22.14,19.0605,0.1045,0,2494,suz,DSuz,I,M,3,0.765,NA
2/27/20,11:28:05,15,22,1,41372,41391,2.158266169,3.83517,3.072522717,17.023,12.991165,22.17,19.2065,0.1015,1.07E-15,2495,suz,DSuz,I,M,3,1.212,bad flow
2/27/20,11:33:06,16,23,1,41744,41763,1.558774647,2.437955,1.71058845,22.084,13.005885,22.18,19.21,0.127,-5.36E-16,2496,suz,DSuz,I,M,3,0.851,NA
2/27/20,11:43:04,1,25,1,42344,42363,2.665628279,3.675295,2.978574916,21.6885,12.909175,22.1835,19.33,0.115,0.055372727,2481,suz,DSuz,U,M,3,0.94,NA
2/27/20,11:48:04,2,26,1,42580,42599,0.405202758,1.119645,0.44716942,21.9615,12.91088,22.19,19.29,0.1275,0,2482,suz,DSuz,U,M,3,NA,empty
2/27/20,11:58:04,3,28,1,43202,43221,0.390617101,1.0856,0.435509572,21.736,12.84974,22.17,19.33,0.1695,5.36E-16,2483,suz,DSuz,U,M,3,NA,empty
2/27/20,12:03:04,4,29,1,43456,43475,0.388371537,1.068235,0.433368591,21.7175,12.902565,22.1675,19.37,0.208,0,2484,suz,DSuz,U,M,3,NA,empty
2/27/20,12:13:04,5,31,2,44027,44046,2.801009701,3.662945,3.043478065,22.301,12.858355,22.14,19.4825,0.151,-2.14E-15,2485,suz,DSuz,U,F,3,1.843,NA
2/27/20,12:18:04,6,32,2,44386,44405,0.381885206,1.013725,0.414144809,22.3435,12.861295,22.13,19.57,0.9445,-1.34E-16,2486,suz,DSuz,U,F,3,NA,empty
2/27/20,12:28:04,7,34,2,44930,44949,0.384845454,1.019335,0.427182795,21.829,12.94314,22.13,19.76,1.367,0,2487,suz,DSuz,U,F,3,NA,empty
2/27/20,12:33:04,8,35,2,45216,45235,0.384945442,1.01431,0.42816923,21.7855,13.035155,22.14,19.76,1.1415,-5.36E-16,2488,suz,DSuz,U,F,3,NA,empty
2/27/20,12:43:04,9,37,2,45907,45926,3.074485016,3.846005,3.269706697,22.7875,13.01866,22.1755,19.76,1.6865,0,2489,suz,DSuz,I,F,3,1.743,NA
2/27/20,12:48:04,10,38,2,46222,46241,2.742864993,3.578245,3.010646153,22.08,13.09884,22.19,19.76,1.6665,0,2490,suz,DSuz,I,F,3,1.768,NA
2/27/20,12:58:04,11,40,2,46829,46848,2.895382837,3.71356,3.150323704,22.2755,13.00294,22.206,19.76,1.974,0,2491,suz,DSuz,I,F,3,1.589,NA
2/27/20,13:03:04,12,41,2,47078,47097,1.608770903,2.35789,1.79782186,21.6885,13.014685,22.21,19.68,2.3535,-2.14E-15,2492,suz,DSuz,I,F,3,1.232,NA
2/27/20,13:13:04,13,43,2,47737,47756,1.52660679,2.216875,1.669107341,22.168,12.93361,22.21,19.76,1.664,2.14E-15,2493,suz,DSuz,I,M,3,1.082,NA
2/27/20,13:18:04,14,44,2,48020,48039,1.254961038,1.907205,1.370797268,22.1885,12.91595,22.2,19.76,1.917,1.61E-15,2494,suz,DSuz,I,M,3,0.765,NA
2/27/20,13:28:04,15,46,2,48484,48503,1.630862134,2.85335,2.317013131,17.0585,13.01057,22.1885,19.88,1.78,-2.14E-15,2495,suz,DSuz,I,M,3,1.212,bad flow
2/27/20,13:33:04,16,47,2,48889,48908,1.202448007,1.859975,1.319654233,22.083,13.03861,22.19,19.88,1.5725,2.14E-15,2496,suz,DSuz,I,M,3,0.851,NA
2/27/20,13:43:04,1,49,2,49516,49535,2.585520418,3.42513,2.889769687,21.684,12.940535,22.19,19.54,1.5555,0.30465,2481,suz,DSuz,U,M,3,0.94,NA
2/27/20,13:48:04,2,50,2,49837,49856,0.316736207,0.87878,0.350275572,21.914,12.92664,22.18,19.64,1.501,0,2482,suz,DSuz,U,M,3,NA,empty
2/27/20,13:58:04,3,52,2,50443,50462,0.328037793,0.887335,0.36610887,21.7145,12.93602,22.18,19.6,1.607,0,2483,suz,DSuz,U,M,3,NA,empty
2/27/20,14:03:04,4,53,2,50589,50608,0.32836873,0.88455,0.366828828,21.6945,12.94942,22.18,19.57,1.525,-1.34E-16,2484,suz,DSuz,U,M,3,NA,empty
2/28/20,10:09:02,7,9,1,36641,36660,2.09688428,3.33439,2.343149999,21.703,12.589965,22.39,20.712,1.366,0,2503,suz,DSuz,I,M,3,1.054,NA
2/28/20,10:14:02,8,10,1,36849,36868,3.344347451,4.670935,3.741487949,21.677,12.63399,22.38,20.89,1.5785,0,2504,suz,DSuz,I,M,3,1.144,NA
2/28/20,10:24:02,9,12,1,37583,37602,2.518696813,3.51077,2.692227918,22.6865,12.636875,22.36,21.4445,1.0065,-2.68E-16,2505,suz,DSuz,I,F,3,1.747,NA
2/28/20,10:29:01,10,13,1,37741,37760,3.690520962,4.86106,4.079273396,21.9385,12.662695,22.36,21.6855,1.415,1.07E-15,2506,suz,DSuz,I,F,3,1.881,NA
2/28/20,10:39:01,11,15,1,38415,38434,2.98361092,3.985115,3.269132521,22.1315,12.734975,22.3575,22.529,1.431,-1.07E-15,2507,suz,DSuz,I,F,3,1.737,NA
2/28/20,10:44:01,12,16,1,38677,38696,1.975057081,2.90408,2.221752969,21.5565,12.766805,22.3525,22.203,1.5545,5.36E-16,2508,suz,DSuz,I,F,3,1.325,NA
2/28/20,10:54:02,13,18,1,39287,39306,2.613256394,3.51409,2.874986456,22.042,12.674205,22.36,21.597,1.433,1.34E-16,2509,suz,DSuz,U,F,3,1.521,NA
2/28/20,10:59:01,14,19,1,39701,39720,2.079716352,2.858845,2.28129855,22.106,12.71126,22.35,21.551,1.636,-1.34E-16,2510,suz,DSuz,U,F,3,1.902,NA
2/28/20,11:09:02,15,21,1,40142,40161,0.60535072,1.42562,0.867160457,16.9265,12.746945,22.33,21.44,1.495,-1.07E-15,2511,suz,DSuz,U,F,3,NA,"empty, bad flow"
2/28/20,11:14:01,16,22,1,40590,40609,1.707714267,2.38227,1.884954208,21.966,12.64874,22.303,21.512,1.454,2.14E-15,2512,suz,DSuz,U,F,3,1.596,NA
2/28/20,11:24:01,1,24,1,41176,41195,1.617703981,2.295585,1.820208982,21.543,12.770695,22.24,21.4405,1.484,0,2497,suz,DSuz,U,M,3,0.892,NA
2/28/20,11:29:01,2,25,1,41385,41404,1.685292673,2.33966,1.87940934,21.7365,12.88397,22.245,21.31,1.5855,0,2498,suz,DSuz,U,M,3,1.039,NA
2/28/20,11:39:01,3,27,1,41985,42004,0.379933951,0.86663,0.427044253,21.568,12.852815,22.2785,21.348,1.6155,2.68E-16,2499,suz,DSuz,U,M,3,NA,empty
2/28/20,11:44:01,4,28,1,42293,42312,0.383909023,0.8515,0.432475624,21.521,12.877285,22.29,21.284,1.7975,-1.34E-16,2500,suz,DSuz,U,M,3,NA,empty
2/28/20,11:54:01,5,30,1,42897,42916,1.452889309,1.9951,1.590078761,22.1535,12.821775,22.31,21.259,1.9035,-5.36E-16,2501,suz,DSuz,I,M,3,1.021,NA
2/28/20,11:59:01,6,31,1,43149,43168,1.687058911,2.23882,1.842165851,22.204,12.810195,22.31,21.238,1.85,-1.07E-15,2502,suz,DSuz,I,M,3,1.135,NA
2/28/20,12:09:01,7,33,2,43823,43842,1.481483677,2.02379,1.65298845,21.725,12.706535,22.25,21.3385,1.849,0,2503,suz,DSuz,I,M,3,1.054,NA
2/28/20,12:14:01,8,34,2,44095,44114,2.009034675,2.59271,2.248260115,21.6605,12.822095,22.24,21.42,1.242,0.075759091,2504,suz,DSuz,I,M,3,1.144,NA
2/28/20,12:24:01,9,36,2,44801,44820,2.078640846,2.55283,2.223622946,22.6595,12.878665,22.24,21.69,0.653,0,2505,suz,DSuz,I,F,3,1.747,NA
2/28/20,12:29:01,10,37,2,44944,44963,2.757728013,3.376465,3.049259976,21.922,12.882335,22.24,21.69,0.692,-2.14E-15,2506,suz,DSuz,I,F,3,1.881,NA
2/28/20,12:39:01,11,39,2,45549,45568,2.194872282,2.71884,2.398251285,22.1835,12.82605,22.24,21.601,0.7,-2.14E-15,2507,suz,DSuz,I,F,3,1.737,NA
2/28/20,12:44:01,12,40,2,45842,45861,1.71192539,2.235255,1.923797812,21.571,12.792385,22.24,21.66,0.546,0.093090909,2508,suz,DSuz,I,F,3,1.325,NA
2/28/20,12:54:01,13,42,2,46601,46620,3.201292595,3.810595,3.519715033,22.0445,12.873525,22.21,21.688,0.645,1.71E-14,2509,suz,DSuz,U,F,3,1.521,NA
2/28/20,12:59:01,14,43,2,46765,46784,1.862053292,2.32855,2.046352013,22.055,12.877985,22.2175,21.62,0.687,-1.07E-15,2510,suz,DSuz,U,F,3,1.902,NA
2/28/20,13:09:01,15,45,2,47341,47360,0.433192066,0.90114,0.621053456,16.9055,12.89954,22.21,21.46,0.697,2.14E-15,2511,suz,DSuz,U,F,3,NA,"empty, bad flow"
2/28/20,13:14:01,16,46,2,47741,47760,1.68023807,2.150175,1.85281844,21.978,12.831225,22.19,21.3745,0.773,0,2512,suz,DSuz,U,F,3,1.596,NA
3/2/20,10:31:31,7,9,1,38036,38055,1.658366861,3.344215,1.870026699,21.476,12.24438,21.963,17.5,1.2675,1.71E-14,2519,FFD25,DMel_FFD25,I,M,3,0.557,NA
3/2/20,10:36:32,8,10,1,38191,38210,1.785741685,3.44535,2.017417144,21.4365,12.256085,21.97,17.66,1.193,0,2520,FFD25,DMel_FFD25,I,M,3,0.591,NA
3/2/20,10:46:31,9,12,1,38904,38923,1.373317828,2.803835,1.481708236,22.447,12.245915,21.98,17.46,1.217,0,2521,FFD25,DMel_FFD25,U,M,3,0.606,NA
3/2/20,10:51:32,10,13,1,39091,39110,1.37937542,2.815015,1.535877978,21.7505,12.250675,21.98,17.46,1.1835,-3.43E-14,2522,FFD25,DMel_FFD25,U,M,3,0.58,NA
3/2/20,11:01:32,11,15,1,39719,39738,1.665623806,3.05315,1.837556681,21.952,12.24479,21.98,17.46,0.832,2.346527273,2523,FFD25,DMel_FFD25,U,M,3,0.653,NA
3/2/20,11:06:31,12,16,1,40134,40153,1.352089765,2.679415,1.530309919,21.3975,12.3759,21.98,17.7,0.25,0,2524,FFD25,DMel_FFD25,U,M,3,0.604,NA
3/2/20,11:16:31,13,18,1,40676,40695,2.794938136,4.212045,3.100941572,21.831,12.337745,22.007,17.7465,0.965,0.922663636,2525,FFD25,DMel_FFD25,U,F,3,1.031,NA
3/2/20,11:21:31,14,19,1,41012,41031,2.554309547,3.892625,2.834664479,21.826,12.468505,22.0175,17.58,1.0775,1.120954545,2526,FFD25,DMel_FFD25,U,F,3,1.184,NA
3/2/20,11:31:31,15,21,1,41541,41560,1.921617528,3.84097,2.805865457,16.589,12.450665,22.03,17.35,1.1705,0.325881818,2527,FFD25,DMel_FFD25,U,F,3,0.938,bad flow
3/2/20,11:36:31,16,22,1,41937,41956,2.566596433,3.86522,2.863446436,21.712,12.50779,22.04,17.22,1.2235,1.137509091,2528,FFD25,DMel_FFD25,U,F,3,1.034,NA
3/2/20,11:46:31,1,24,1,42485,42504,2.436650683,3.757115,2.775628167,21.2655,12.490655,22.05,17.19,1.1375,0.040118182,2513,FFD25,DMel_FFD25,I,F,3,0.856,NA
3/2/20,11:51:31,2,25,1,42834,42853,2.187660151,3.41636,2.463447001,21.513,12.599665,22.06,17.3,0.9515,1.236540909,2514,FFD25,DMel_FFD25,I,F,3,0.763,NA
3/2/20,12:01:31,3,27,1,43383,43402,2.474167114,3.735475,2.805708174,21.3645,12.547945,22.09,17.1845,0.9665,0.164059091,2515,FFD25,DMel_FFD25,I,F,3,1.025,NA
3/2/20,12:06:31,4,28,1,43678,43697,1.633487227,2.7569,1.855070309,21.3345,12.62989,22.1,17.11,1.1415,1.697186364,2516,FFD25,DMel_FFD25,I,F,3,0.542,NA
3/2/20,12:16:31,5,30,1,44290,44309,1.234808212,2.25162,1.367313941,21.883,12.578755,22.1325,17.4895,1.1475,0,2517,FFD25,DMel_FFD25,I,M,3,0.568,NA
3/2/20,12:21:31,6,31,1,44650,44669,1.413849841,2.42959,1.560583081,21.9545,12.61346,22.16,17.599,1.1875,0,2518,FFD25,DMel_FFD25,I,M,3,0.576,NA
3/2/20,12:31:31,7,33,2,45125,45144,1.384595069,2.423625,1.563081292,21.4665,12.52041,22.166,17.48,0.7665,-6.86E-14,2519,FFD25,DMel_FFD25,I,M,3,0.557,NA
3/2/20,12:36:31,8,34,2,45534,45553,1.454666487,2.482605,1.642116015,21.467,12.58087,22.16,17.51,1.0325,-1.37E-13,2520,FFD25,DMel_FFD25,I,M,3,0.591,NA
3/2/20,12:46:31,9,36,2,46128,46147,1.103957386,2.01221,1.192039329,22.4425,12.599425,22.16,17.32,1.006,6.86E-14,2521,FFD25,DMel_FFD25,U,M,3,0.606,NA
3/2/20,12:51:31,10,37,2,46342,46361,1.100270992,2.031595,1.226696561,21.7355,12.616775,22.16,17.231,1.087,0,2522,FFD25,DMel_FFD25,U,M,3,0.58,NA
3/2/20,13:01:31,11,39,2,46892,46911,1.143709564,2.05136,1.263719421,21.9295,12.47447,22.13,17.15,0.0855,0,2523,FFD25,DMel_FFD25,U,M,3,0.653,NA
3/2/20,13:06:31,12,40,2,47261,47280,1.062251549,1.968375,1.20562012,21.3475,12.57951,22.106,17.164,0.104,0,2524,FFD25,DMel_FFD25,U,M,3,0.604,NA
3/2/20,13:16:31,13,42,2,47801,47820,2.411616886,3.437605,2.681339853,21.7915,12.705585,22.11,17.38,0.089,1.385172727,2525,FFD25,DMel_FFD25,U,F,3,1.031,NA
3/2/20,13:21:31,14,43,2,48150,48169,1.866426894,2.829635,2.072817863,21.818,12.80776,22.13,17.35,0.0835,0.000204545,2526,FFD25,DMel_FFD25,U,F,3,1.184,NA
3/2/20,13:31:32,15,45,2,48692,48711,1.463308044,2.89608,2.143932044,16.54,12.81311,22.16,17.39,0.0895,0,2527,FFD25,DMel_FFD25,U,F,3,0.938,bad flow
3/2/20,13:36:31,16,46,2,49037,49056,2.049029198,3.026695,2.287451779,21.708,12.76926,22.1725,17.48,0.0805,0.262177273,2528,FFD25,DMel_FFD25,U,F,3,1.034,NA
3/2/20,13:46:31,1,48,2,49751,49770,2.198347964,3.219095,2.494913214,21.352,12.6316,22.16,17.4395,0.1095,2.894459091,2513,FFD25,DMel_FFD25,I,F,3,0.856,NA
3/2/20,13:51:31,2,49,2,49995,50014,1.844288618,2.785965,2.070583997,21.585,12.69662,22.157,17.5455,0.133,1.486322727,2514,FFD25,DMel_FFD25,I,F,3,0.763,NA
3/3/20,9:56:03,7,9,1,35830,35849,4.228144221,5.91356,4.781351019,21.4235,12.24027,22.0775,24.53,1.329,-8.57E-15,2535,FFD25,DMel_FFD25,I,F,4,1.482,NA
3/3/20,10:01:02,8,10,1,36203,36222,3.785597031,5.315445,4.291826668,21.3685,12.372745,22.072,24.49,1.1745,1.07E-15,2536,FFD25,DMel_FFD25,I,F,4,1.008,NA
3/3/20,10:11:02,9,12,1,36748,36767,1.789332703,2.900395,1.937311704,22.376,12.2933,22.08,24.33,1.1175,0.108736364,2537,FFD25,DMel_FFD25,I,M,4,0.613,NA
3/3/20,10:16:03,10,13,1,36973,36992,1.476031247,2.562145,1.653274364,21.6295,12.30158,22.08,24.1525,1.157,1.184745455,2538,FFD25,DMel_FFD25,I,M,4,0.58,NA
3/3/20,10:26:03,11,15,1,37607,37626,1.387624342,2.389685,1.539938142,21.832,12.334715,22.1,23.997,0.4835,-1.37E-13,2539,FFD25,DMel_FFD25,I,M,4,0.607,NA
3/3/20,10:31:02,12,16,1,38023,38042,1.701610052,2.74098,1.940848697,21.2435,12.444175,22.122,23.86,1.411,-3.43E-14,2540,FFD25,DMel_FFD25,I,M,4,0.629,NA
3/3/20,10:41:02,13,18,1,38564,38583,1.489068835,2.417105,1.659914442,21.7375,12.33964,22.14,23.75,1.221,1.71E-14,2541,FFD25,DMel_FFD25,U,M,4,0.629,NA
3/3/20,10:46:02,14,19,1,38917,38936,1.401353302,2.25367,1.56022941,21.7635,12.39336,22.131,23.63,1.3865,0,2542,FFD25,DMel_FFD25,U,M,4,0.571,NA
3/3/20,10:56:02,15,21,1,39488,39507,1.295103708,2.540675,1.890882353,16.5965,12.43269,22.138,22.919,1.261,4.28E-15,2543,FFD25,DMel_FFD25,U,M,4,0.489,bad flow
3/3/20,11:01:02,16,22,1,39736,39755,1.409426974,2.18872,1.578591703,21.634,12.39729,22.13,22.2645,1.1565,0,2544,FFD25,DMel_FFD25,U,M,4,0.569,NA
3/3/20,11:11:02,1,24,1,40392,40411,2.222392798,3.10355,2.526985144,21.3085,12.36155,22.11,20.3,1.531,0.2787,2529,FFD25,DMel_FFD25,U,F,4,0.962,NA
3/3/20,11:16:02,2,25,1,40717,40736,2.055926952,2.869025,2.315288581,21.514,12.43209,22.0925,20.15,1.287,1.084963636,2530,FFD25,DMel_FFD25,U,F,4,1.051,NA
3/3/20,11:26:02,3,27,1,41281,41300,2.026912447,2.84063,2.305668967,21.298,12.43421,22.09,19.529,1.2755,0.718863636,2531,FFD25,DMel_FFD25,U,F,4,0.975,NA
3/3/20,11:31:02,4,28,1,41536,41555,2.080447717,2.88323,2.366490318,21.298,12.478855,22.0875,19.157,1.091,1.176886364,2532,FFD25,DMel_FFD25,U,F,4,1.018,NA
3/3/20,11:41:02,5,30,1,42222,42241,2.549274449,3.33122,2.829304636,21.828,12.42598,22.07,18.56,1.446,1.343704545,2533,FFD25,DMel_FFD25,I,F,4,1.036,NA
3/3/20,11:46:02,6,31,1,42388,42407,2.18429055,2.910175,2.412846994,21.93,12.389395,22.0605,18.304,1.3115,1.731404545,2534,FFD25,DMel_FFD25,I,F,4,0.999,NA
3/3/20,11:56:03,7,33,2,42987,43006,5.054827177,6.19956,5.714258941,21.4265,12.354785,22.021,18.0555,1.6285,0.237077273,2535,FFD25,DMel_FFD25,I,F,4,1.482,NA
3/3/20,12:01:02,8,34,2,43294,43313,2.57974256,3.390355,2.921176679,21.388,12.375755,21.985,18.01,1.4895,0.066968182,2536,FFD25,DMel_FFD25,I,F,4,1.008,NA
3/3/20,12:11:02,9,36,2,43864,43883,1.192001019,1.74982,1.289958486,22.377,12.384045,21.95,17.904,1.4725,0,2537,FFD25,DMel_FFD25,I,M,4,0.613,NA
3/3/20,12:16:02,10,37,2,44215,44234,1.25163607,1.850295,1.396027361,21.71,12.45387,21.932,17.73,1.7945,0.495981818,2538,FFD25,DMel_FFD25,I,M,4,0.58,NA
3/3/20,12:26:03,11,39,2,44816,44835,1.09564195,1.655805,1.212759284,21.875,12.42188,21.9165,17.61,1.68,0,2539,FFD25,DMel_FFD25,I,M,4,0.607,NA
3/3/20,12:31:02,12,40,2,45065,45084,1.287075501,1.896015,1.465747099,21.261,12.416185,21.91,17.57,1.719,5.14E-14,2540,FFD25,DMel_FFD25,I,M,4,0.629,NA
3/3/20,12:41:02,13,42,2,45812,45831,1.140147388,1.67772,1.270330969,21.73,12.380605,21.89,17.4565,1.572,0,2541,FFD25,DMel_FFD25,U,M,4,0.629,NA
3/3/20,12:46:02,14,43,2,46053,46072,1.319028758,1.86134,1.466311094,21.7785,12.41862,21.88,17.172,1.631,0.372581818,2542,FFD25,DMel_FFD25,U,M,4,0.571,NA
3/3/20,12:56:02,15,45,2,46718,46737,1.064994896,1.945075,1.557339848,16.5545,12.426485,21.85,17.7665,1.539,0,2543,FFD25,DMel_FFD25,U,M,4,0.489,bad flow
3/3/20,13:01:03,16,46,2,46885,46904,1.180464291,1.70706,1.321224828,21.6285,12.388995,21.85,17.915,1.7405,-6.86E-14,2544,FFD25,DMel_FFD25,U,M,4,0.569,NA
3/3/20,13:11:02,1,48,2,47620,47639,1.91821955,2.549395,2.178372184,21.3135,12.3196,21.81,18.24,1.7285,1.172481818,2529,FFD25,DMel_FFD25,U,F,4,0.962,NA
3/3/20,13:16:02,2,49,2,47903,47922,1.737654412,2.312565,1.95451728,21.5175,12.298675,21.79,18.0025,1.735,0.000745455,2530,FFD25,DMel_FFD25,U,F,4,1.051,NA
3/3/20,13:26:02,3,51,2,48377,48396,1.628411514,2.19787,1.84374476,21.372,12.224995,21.73,18.3,1.71,0.480181818,2531,FFD25,DMel_FFD25,U,F,4,0.975,NA
3/3/20,13:31:02,4,52,2,48715,48734,1.82804899,2.420525,2.07251838,21.341,12.235315,21.69,18.6145,1.614,0.91385,2532,FFD25,DMel_FFD25,U,F,4,1.018,NA
3/3/20,13:41:02,5,54,2,49262,49281,2.219932402,2.80252,2.455699678,21.867,12.18844,21.626,19.01,1.673,1.249304545,2533,FFD25,DMel_FFD25,I,F,4,1.036,NA
3/3/20,13:46:02,6,55,2,49665,49684,1.744152132,2.271775,1.922083467,21.947,12.180945,21.582,18.99,1.721,0.748904545,2534,FFD25,DMel_FFD25,I,F,4,0.999,NA
3/3/20,13:56:02,7,57,3,50162,50181,2.938981539,3.65657,3.307372555,21.4865,12.212855,21.51,18.76,0.5185,1.37E-13,2535,FFD25,DMel_FFD25,I,F,4,1.482,NA
3/3/20,14:01:02,8,58,3,50494,50513,1.967716443,2.571845,2.225128897,21.3815,12.230915,21.495,18.8,0.489,0,2536,FFD25,DMel_FFD25,I,F,4,1.008,NA
3/3/20,14:11:02,9,60,3,51108,51127,1.022576274,1.44532,1.103373005,22.4035,12.16523,21.435,18.79,0.121,0,2537,FFD25,DMel_FFD25,I,M,4,0.613,NA
3/3/20,14:16:02,10,61,3,51476,51495,1.050574849,1.50392,1.169818311,21.7055,12.12727,21.38,18.721,0.5275,0.139245455,2538,FFD25,DMel_FFD25,I,M,4,0.58,NA
3/5/20,10:05:02,7,9,1,36303,36322,1.522458555,3.05146,1.730399351,21.3155,12.019205,22.0825,15.5485,0.215,0,2551,FFD25,DMel_FFD25,U,M,3,0.412,NA
3/5/20,10:10:02,8,10,1,36676,36695,1.609333126,3.02322,1.830553821,21.298,12.04327,22.069,15.29,0.2325,1.71E-14,2552,FFD25,DMel_FFD25,U,M,3,0.605,NA
3/5/20,10:20:01,9,12,1,37360,37379,2.234313488,3.52372,2.431953464,22.255,12.02733,22.04,15.25,0.2555,0.778840909,2553,FFD25,DMel_FFD25,U,F,3,0.773,NA
3/5/20,10:25:02,10,13,1,37531,37550,2.592562268,3.96756,2.91625446,21.535,12.058475,22.04,15.2465,0.275,0.414577273,2554,FFD25,DMel_FFD25,U,F,3,0.901,NA
3/5/20,10:35:02,11,15,1,38125,38144,2.216436979,3.451765,2.466614102,21.765,12.01475,22.02,15.21,0.2685,0.145409091,2555,FFD25,DMel_FFD25,U,F,3,0.901,NA
3/5/20,10:40:02,12,16,1,38490,38509,2.37618132,3.635015,2.728633192,21.092,12.047585,21.999,15.21,0.26,0.593045455,2556,FFD25,DMel_FFD25,U,F,3,0.861,NA
3/5/20,10:50:02,13,18,1,39094,39113,2.630394648,3.8055,2.94518777,21.6305,12.18552,21.99,15.06,0.3015,1.902563636,2557,FFD25,DMel_FFD25,I,F,3,0.962,NA
3/5/20,10:55:02,14,19,1,39302,39321,1.777732261,2.824175,1.990608293,21.6295,12.165655,21.995,15.06,0.261,3.43E-14,2558,FFD25,DMel_FFD25,I,F,3,0.712,NA
3/5/20,11:05:02,15,21,1,39924,39943,2.157237844,3.92653,3.137974913,16.649,12.11293,21.98,15.25,1.0015,3.43E-14,2559,FFD25,DMel_FFD25,I,F,3,0.962,bad flow
3/5/20,11:10:02,16,22,1,40268,40287,2.224106189,3.23627,2.500431127,21.542,12.21455,21.98,15.45,1.354,0.612040909,2560,FFD25,DMel_FFD25,I,F,3,0.913,NA
3/5/20,11:20:02,1,24,1,40845,40864,2.061146375,3.076275,2.360555573,21.15,12.248115,22.03,15.5975,1.4585,2.229781818,2545,FFD25,DMel_FFD25,I,M,3,0.655,NA
3/5/20,11:25:02,2,25,1,41229,41248,1.446987931,2.344335,1.638095604,21.398,12.271065,22.05,15.57,0.407,1.105890909,2546,FFD25,DMel_FFD25,I,M,3,0.55,NA
3/5/20,11:35:02,3,27,1,41807,41826,1.350863834,2.20965,1.540037288,21.2495,12.14989,22.06,15.41,0.4265,0.056627273,2547,FFD25,DMel_FFD25,I,M,3,0.653,NA
3/5/20,11:40:02,4,28,1,42004,42023,1.247407224,2.06669,1.426965389,21.176,12.14228,22.05,15.33,0.456,0.596540909,2548,FFD25,DMel_FFD25,I,M,3,0.533,NA
3/5/20,11:50:02,5,30,1,42762,42781,1.27186445,2.0197,1.418482926,21.7185,12.15035,22.03,15.06,0.4835,0,2549,FFD25,DMel_FFD25,U,M,3,0.485,NA
3/5/20,11:55:02,6,31,1,42992,43011,1.119178859,1.834055,1.243241605,21.8045,12.182885,22.02,15.01,0.4925,0,2550,FFD25,DMel_FFD25,U,M,3,0.516,NA
3/5/20,12:05:02,7,33,2,43553,43572,1.152739183,1.89238,1.310016774,21.312,12.18958,21.996,15.093,0.481,1.29E-14,2551,FFD25,DMel_FFD25,U,M,3,0.412,NA
3/5/20,12:10:03,8,34,2,43947,43966,1.169594958,1.90346,1.331692461,21.271,12.238525,21.9885,15.21,0.413,0.003413636,2552,FFD25,DMel_FFD25,U,M,3,0.605,NA
3/5/20,12:20:02,9,36,2,44562,44581,1.806572321,2.519115,1.968045908,22.2315,12.181135,21.98,14.9295,0.4545,2.619845455,2553,FFD25,DMel_FFD25,U,F,3,0.773,NA
3/5/20,12:25:02,10,37,2,44804,44823,1.978335381,2.758885,2.224567473,21.537,12.192095,21.97,15.108,0.4855,0.401336364,2554,FFD25,DMel_FFD25,U,F,3,0.901,NA
3/5/20,12:35:02,11,39,2,45407,45426,1.637445435,2.3484,1.821197061,21.77,12.09315,21.915,14.88,0.488,1.37E-13,2555,FFD25,DMel_FFD25,U,F,3,0.901,NA
3/5/20,12:40:02,12,40,2,45639,45658,1.736297071,2.517275,1.992488172,21.0985,12.09344,21.9,14.72,0.508,0.150118182,2556,FFD25,DMel_FFD25,U,F,3,0.861,NA
3/5/20,12:50:02,13,42,2,46212,46231,2.095747509,2.86016,2.343757477,21.6465,12.167875,21.85,14.65,0.495,1.127545455,2557,FFD25,DMel_FFD25,I,F,3,0.962,NA
3/5/20,12:55:02,14,43,2,46661,46680,1.480692583,2.147495,1.65363715,21.676,12.26006,21.85,14.65,0.52,3.43E-14,2558,FFD25,DMel_FFD25,I,F,3,0.712,NA
3/5/20,13:05:02,15,45,2,47120,47139,1.684747394,2.943705,2.452811181,16.6285,12.27579,21.87,14.97,0.626,0,2559,FFD25,DMel_FFD25,I,F,3,0.962,bad flow
3/5/20,13:10:02,16,46,2,47420,47439,1.975343613,2.700305,2.214367418,21.596,12.186225,21.87,15.12,0.6115,0.564036364,2560,FFD25,DMel_FFD25,I,F,3,0.913,NA
3/5/20,13:20:02,1,48,2,48017,48036,1.534881871,2.232025,1.753741042,21.1865,12.160845,21.85,15.24,0.626,1.095913636,2545,FFD25,DMel_FFD25,I,M,3,0.655,NA
3/5/20,13:25:02,2,49,2,48344,48363,1.397034287,2.04692,1.580292006,21.4,12.214005,21.85,15.3095,0.6055,0.555018182,2546,FFD25,DMel_FFD25,I,M,3,0.55,NA
3/6/20,10:19:35,7,9,1,37175,37194,1.555420974,3.124465,1.773539014,21.246,12.03737,22.0645,20.42,1.2895,1.71E-14,2567,FFD25,DMel_FFD25,U,M,4,0.5,NA
3/6/20,10:24:35,8,10,1,37611,37630,1.844464363,3.3299,2.110224626,21.1755,12.090545,22.08,20.22,1.3205,-1.71E-14,2568,FFD25,DMel_FFD25,U,M,4,0.55,NA
3/6/20,10:34:35,9,12,1,38223,38242,1.96906622,3.296005,2.1521855,22.1645,11.926185,22.07,20.22,1.2305,0.246595455,2569,FFD25,DMel_FFD25,I,F,4,0.521,NA
3/6/20,10:39:35,10,13,1,38447,38466,2.632897813,4.056055,2.965326529,21.509,11.98197,22.06,20.26,1.4865,1.765890909,2570,FFD25,DMel_FFD25,I,F,4,1.015,NA
3/6/20,10:49:35,11,15,1,39113,39132,2.731464581,4.080785,3.055521557,21.6545,12.029865,22.04,20.4245,0.9265,0.044963636,2571,FFD25,DMel_FFD25,I,F,4,0.912,NA
3/6/20,10:54:35,12,16,1,39393,39412,2.151972788,3.44772,2.466792029,21.1315,12.047565,22.04,20.42,1.138,1.37E-13,2572,FFD25,DMel_FFD25,I,F,4,0.898,NA
3/6/20,11:04:35,13,18,1,39986,40005,1.29761854,2.39483,1.456842488,21.5745,12.04473,22.0205,20.34,1.348,0,2573,FFD25,DMel_FFD25,I,M,4,0.624,NA
3/6/20,11:09:35,14,19,1,40277,40296,1.782967489,2.89707,2.001172702,21.5805,12.09698,22.0175,20.296,1.329,0.024340909,2574,FFD25,DMel_FFD25,I,M,4,0.64,NA
3/6/20,11:19:35,15,21,1,40925,40944,1.942882554,3.7005,2.840400903,16.5675,12.073415,22.01,20.3,1.4475,-3.43E-14,2575,FFD25,DMel_FFD25,I,M,4,0.679,bad flow
3/6/20,11:24:35,16,22,1,41210,41229,1.341504076,2.34648,1.512928226,21.476,12.07139,22.006,20.3,1.508,0,2576,FFD25,DMel_FFD25,I,M,4,0.608,NA
3/6/20,11:34:35,1,24,1,41721,41740,1.937281306,3.037305,2.224142739,21.0945,12.074365,21.98,20.22,1.634,0.883513636,2561,FFD25,DMel_FFD25,U,F,4,0.917,NA
3/6/20,11:39:35,2,25,1,42052,42071,1.919136397,2.95897,2.178202152,21.338,12.151185,21.98,20.26,1.3305,1.518854545,2562,FFD25,DMel_FFD25,U,F,4,0.896,NA
3/6/20,11:49:35,3,27,1,42616,42635,1.579211057,2.562965,1.807537869,21.1595,12.11715,21.98,20.38,1.265,0.147613636,2563,FFD25,DMel_FFD25,U,F,4,0.88,NA
3/6/20,11:54:35,4,28,1,42940,42959,1.974268107,2.985535,2.261059653,21.1465,12.1793,21.98,20.4545,1.535,1.03E-13,2564,FFD25,DMel_FFD25,U,F,4,0.87,NA
3/6/20,12:04:34,5,30,1,43549,43568,1.052271736,1.87322,1.17458578,21.696,12.074885,21.97,20.42,1.3395,-8.57E-15,2565,FFD25,DMel_FFD25,U,M,4,0.582,NA
3/6/20,12:09:35,6,31,1,43933,43952,1.150216119,1.948875,1.280018567,21.7605,12.066345,21.95,20.3535,1.523,3.43E-14,2566,FFD25,DMel_FFD25,U,M,4,0.556,NA
3/6/20,12:19:34,7,33,2,44374,44393,1.106665986,1.912355,1.259847321,21.2695,12.064785,21.92,20.33,1.383,-2.57E-14,2567,FFD25,DMel_FFD25,U,M,4,0.5,NA
3/6/20,12:24:35,8,34,2,44790,44809,1.207191344,1.98221,1.379484751,21.1885,12.164635,21.91,20.4885,1.295,1.71E-14,2568,FFD25,DMel_FFD25,U,M,4,0.55,NA
3/6/20,12:34:34,9,36,2,45372,45391,1.675520622,2.42236,1.829126448,22.1795,12.13795,21.91,20.41,1.532,3.0374,2569,FFD25,DMel_FFD25,I,F,4,0.521,NA
3/6/20,12:39:35,10,37,2,45695,45714,1.85663157,2.680165,2.091295799,21.4945,12.12623,21.8955,20.41,1.6085,1.192218182,2570,FFD25,DMel_FFD25,I,F,4,1.015,NA
3/6/20,12:49:34,11,39,2,46186,46205,2.223182125,3.07058,2.484923287,21.6595,12.05298,21.87,20.2135,1.4145,1.249009091,2571,FFD25,DMel_FFD25,I,F,4,0.912,NA
3/6/20,12:54:35,12,40,2,46475,46494,1.415421974,2.202895,1.622442965,21.118,12.05787,21.84,20.1885,0.286,-1.37E-13,2572,FFD25,DMel_FFD25,I,F,4,0.898,NA
3/6/20,13:04:34,13,42,2,47104,47123,1.051232478,1.74698,1.180362828,21.5565,12.06702,21.8085,20.1685,0.373,-8.57E-15,2573,FFD25,DMel_FFD25,I,M,4,0.624,NA
3/6/20,13:09:34,14,43,2,47395,47414,1.507153193,2.235,1.68806823,21.609,12.13123,21.79,20.25,0.4,0.832209091,2574,FFD25,DMel_FFD25,I,M,4,0.64,NA
3/6/20,13:19:34,15,45,2,48071,48090,1.725022179,3.067155,2.52217741,16.5535,12.18602,21.79,20.368,0.4985,0.860754545,2575,FFD25,DMel_FFD25,I,M,4,0.679,bad flow
3/6/20,13:24:35,16,46,2,48391,48410,1.05939498,1.750435,1.19409721,21.472,12.177315,21.78,20.479,0.3805,6.86E-14,2576,FFD25,DMel_FFD25,I,M,4,0.608,NA
3/6/20,13:34:34,1,48,2,48885,48904,1.718760403,2.530655,1.974318859,21.0695,12.135715,21.782,20.736,0.39,0.009472727,2561,FFD25,DMel_FFD25,U,F,4,0.917,NA
3/6/20,13:39:34,2,49,2,49238,49257,1.645300368,2.417135,1.865515125,21.346,12.21684,21.79,20.84,0.351,1.223168182,2562,FFD25,DMel_FFD25,U,F,4,0.896,NA
3/6/20,13:49:34,3,51,2,49777,49796,1.467277639,2.22586,1.677667395,21.1675,12.160635,21.79,20.9165,0.363,0.111709091,2563,FFD25,DMel_FFD25,U,F,4,0.88,NA
3/6/20,13:54:34,4,52,2,50180,50199,1.954732469,2.77705,2.235034989,21.1675,12.21837,21.79,20.99,0.8835,0.894531818,2564,FFD25,DMel_FFD25,U,F,4,0.87,NA
3/6/20,14:04:35,5,54,2,50690,50709,0.962101348,1.61709,1.074530806,21.671,12.11692,21.8,21.35,1.455,1.71E-14,2565,FFD25,DMel_FFD25,U,M,4,0.582,NA
3/6/20,14:09:34,6,55,2,51095,51114,1.30136974,1.99547,1.448657394,21.744,12.23429,21.8145,21.44,1.4185,0.048059091,2566,FFD25,DMel_FFD25,U,M,4,0.556,NA
3/9/20,10:10:36,7,9,1,36647,36666,1.845621399,3.458285,2.09021394,21.3945,11.866855,22.12,18.9285,17.0975,1.850231818,2583,FFD25,DMel_FFD25,I,M,3,0.623,NA
3/9/20,10:15:36,8,10,1,36954,36973,1.717243433,3.265935,1.94563207,21.39,11.97706,22.18,19.843,12.2185,0,2584,FFD25,DMel_FFD25,I,M,3,0.581,NA
3/9/20,10:25:36,9,12,1,37662,37681,2.448741174,3.90417,2.647793,22.4235,12.023025,22.32,19.42,14.478,1.381518182,2585,FFD25,DMel_FFD25,I,F,3,0.85,NA
3/9/20,10:30:37,10,13,1,37864,37883,4.271907815,5.997785,4.773153458,21.702,12.000575,22.3475,19.0745,16.891,0.137304545,2586,FFD25,DMel_FFD25,I,F,3,0.95,NA
3/9/20,10:40:37,11,15,1,38558,38577,2.970491131,4.46685,3.288404669,21.9065,11.95279,22.377,17.9025,17.6115,0.353654545,2587,FFD25,DMel_FFD25,I,F,3,0.98,NA
3/9/20,10:45:37,12,16,1,38739,38758,1.997864979,3.43386,2.272524843,21.3195,11.90551,22.37,17.632,17.5605,0.969240909,2588,FFD25,DMel_FFD25,I,F,3,0.908,NA
3/9/20,10:55:37,13,18,1,39484,39503,2.123425594,3.482975,2.362332082,21.798,11.963585,22.37,17.425,17.6265,1.1377,2589,FFD25,DMel_FFD25,U,F,3,0.761,NA
3/9/20,11:00:37,14,19,1,39759,39778,1.99081842,3.30834,2.212420465,21.821,11.976495,22.37,17.33,0.2245,0.230918182,2590,FFD25,DMel_FFD25,U,F,3,0.708,NA
3/9/20,11:10:37,15,21,1,40354,40373,1.779113496,3.660725,2.592933276,16.6365,11.85066,22.32,17.33,0.3415,0.987045455,2591,FFD25,DMel_FFD25,U,F,3,0.765,bad flow
3/9/20,11:15:37,16,22,1,40697,40716,1.400525946,2.600985,1.566390402,21.676,11.90477,22.283,17.2,0.272,-1.37E-13,2592,FFD25,DMel_FFD25,U,F,3,0.702,NA
3/9/20,11:25:37,1,24,1,41173,41192,1.001957984,2.16453,1.139845265,21.3105,11.99728,22.28,17.319,0.1635,0,2577,FFD25,DMel_FFD25,U,M,3,0.461,NA
3/9/20,11:30:37,2,25,1,41503,41522,1.486552562,2.682225,1.675466761,21.5095,11.943875,22.277,17.43,0.2515,1.646222727,2578,FFD25,DMel_FFD25,U,M,3,0.626,NA
3/9/20,11:40:37,3,27,1,42101,42120,1.056012188,2.184345,1.19735675,21.3785,11.84496,22.24,17.23,0.2435,-1.71E-14,2579,FFD25,DMel_FFD25,U,M,3,0.5,NA
3/9/20,11:45:37,4,28,1,42409,42428,1.304671671,2.44513,1.480660908,21.359,11.841015,22.24,17.19,0.258,1.173063636,2580,FFD25,DMel_FFD25,U,M,3,0.557,NA
3/9/20,11:55:37,5,30,1,42937,42956,1.131394527,2.206685,1.254830108,21.8525,11.78739,22.2,17.23,0.2865,0,2581,FFD25,DMel_FFD25,I,M,3,0.551,NA
3/9/20,12:00:37,6,31,1,43274,43293,0.96976165,2.00725,1.069670299,21.9705,11.80216,22.17,17.23,0.266,1.37E-13,2582,FFD25,DMel_FFD25,I,M,3,0.488,NA
3/9/20,12:10:37,7,33,2,43885,43904,1.290124784,2.3827,1.454357218,21.4945,11.813695,22.126,17.15,0.2965,0.027390909,2583,FFD25,DMel_FFD25,I,M,3,0.623,NA
3/9/20,12:15:37,8,34,2,44214,44233,1.674608266,2.81627,1.89464488,21.4155,11.822635,22.11,17.04,0.331,1.943422727,2584,FFD25,DMel_FFD25,I,M,3,0.581,NA
3/9/20,12:25:37,9,36,2,44795,44814,1.67662438,2.725985,1.809376991,22.4495,11.831505,22.089,16.864,15.432,0,2585,FFD25,DMel_FFD25,I,F,3,0.85,NA
3/9/20,12:30:36,10,37,2,45180,45199,2.173793376,3.33132,2.421135655,21.752,11.80468,22.08,16.614,17.9575,1.104545455,2586,FFD25,DMel_FFD25,I,F,3,0.95,NA
3/9/20,12:40:37,11,39,2,45712,45731,2.424378486,3.589475,2.684076112,21.8835,11.88348,22.09,16.1075,17.98,1.586081818,2587,FFD25,DMel_FFD25,I,F,3,0.98,NA
3/9/20,12:45:37,12,40,2,45964,45983,1.785109962,2.9293,2.029253258,21.3125,11.881875,22.088,15.9415,17.761,0,2588,FFD25,DMel_FFD25,I,F,3,0.908,NA
3/9/20,12:55:37,13,42,2,46635,46654,1.575302866,2.657955,1.752110628,21.784,11.95673,22.11,15.92,0.2245,0.103531818,2589,FFD25,DMel_FFD25,U,F,3,0.761,NA
3/9/20,13:00:37,14,43,2,46883,46902,1.637025185,2.734035,1.818571344,21.811,11.97078,22.12,15.727,0.1635,-1.37E-13,2590,FFD25,DMel_FFD25,U,F,3,0.708,NA
3/9/20,13:10:36,15,45,2,47436,47455,1.734620068,3.4471,2.529387322,16.616,12.00796,22.11,15.374,0.296,0.397959091,2591,FFD25,DMel_FFD25,U,F,3,0.765,bad flow
3/9/20,13:15:37,16,46,2,47813,47832,1.337906708,2.40399,1.493562411,21.7035,11.9169,22.1,15.2365,0.145,0.711918182,2592,FFD25,DMel_FFD25,U,F,3,0.702,NA
3/9/20,13:25:37,1,48,2,48437,48456,1.089762285,2.151285,1.240449431,21.285,11.99069,22.1,15.235,0.227,0.260922727,2577,FFD25,DMel_FFD25,U,M,3,0.461,NA
3/9/20,13:30:38,2,49,2,48783,48802,1.17623787,2.239285,1.325120052,21.506,11.993125,22.1,15.083,0.4245,1.050040909,2578,FFD25,DMel_FFD25,U,M,3,0.626,NA
3/9/20,13:40:36,3,51,2,49248,49267,0.879865799,1.912555,1.000072703,21.3155,11.870535,22.09,14.687,0.2055,0,2579,FFD25,DMel_FFD25,U,M,3,0.5,NA
3/9/20,13:45:37,4,52,2,49696,49715,1.129435375,2.189345,1.282877568,21.3285,11.850645,22.07,14.66,0.2705,0,2580,FFD25,DMel_FFD25,U,M,3,0.557,NA
3/9/20,13:55:36,5,54,2,50248,50267,1.003027367,2.02203,1.110076471,21.888,11.8496,22.05,14.52,0.511,1.37E-13,2581,FFD25,DMel_FFD25,I,M,3,0.551,NA
3/9/20,14:00:36,6,55,2,50573,50592,0.998145767,2.02239,1.102881876,21.923,11.858325,22.04,14.46,0.161,2.74E-13,2582,FFD25,DMel_FFD25,I,M,3,0.488,NA
3/10/20,10:24:13,7,9,1,37529,37548,1.748159235,3.04011,1.935204298,21.9,15.4705,22.28,16.1715,17.567,-4.28E-15,2599,FFD25,DMel_FFD25,I,M,4,0.625,NA
3/10/20,10:29:13,8,10,1,37907,37926,1.76688403,2.95058,1.955734709,21.905,15.594895,22.32,16.076,17.6,1.454654545,2600,FFD25,DMel_FFD25,I,M,4,0.657,NA
3/10/20,10:39:13,9,12,1,38478,38497,1.197978698,2.198955,1.265203921,22.9595,15.442945,22.34,15.945,17.706,0,2601,FFD25,DMel_FFD25,U,M,4,0.447,NA
3/10/20,10:44:13,10,13,1,38697,38716,1.253769797,2.25302,1.367696098,22.2285,15.49863,22.3475,15.99,17.753,1.71E-14,2602,FFD25,DMel_FFD25,U,M,4,0.427,NA
3/10/20,10:54:13,11,15,1,39413,39432,1.288480269,2.20336,1.394848004,22.401,15.561115,22.37,16.19,18.026,-1.71E-14,2603,FFD25,DMel_FFD25,U,M,4,0.573,NA
3/10/20,10:59:14,12,16,1,39648,39667,1.558602708,2.5048,1.735942928,21.7745,15.643545,22.3885,16.22,17.975,-3.43E-14,2604,FFD25,DMel_FFD25,U,M,4,0.788,NA
3/10/20,11:09:14,13,18,1,40304,40323,2.601525389,3.55382,2.83098702,22.288,15.56242,22.41,16.3,17.9385,0.362445455,2605,FFD25,DMel_FFD25,U,F,4,1.015,NA
3/10/20,11:14:14,14,19,1,40553,40572,2.575143142,3.485295,2.792065356,22.3695,15.635765,22.41,16.3,17.9365,0.295918182,2606,FFD25,DMel_FFD25,U,F,4,1.156,NA
3/10/20,11:24:14,15,21,1,41187,41206,1.999333011,3.53582,2.889214337,16.7835,15.60255,22.41,16.14,18.053,0.405354545,2607,FFD25,DMel_FFD25,U,F,4,0.817,bad flow
3/10/20,11:29:14,16,22,1,41451,41470,2.170822772,2.977395,2.369250178,22.223,15.6831,22.4175,16.1945,18.049,1.340795455,2608,FFD25,DMel_FFD25,U,F,4,1.158,NA
3/10/20,11:39:14,1,24,1,42095,42114,2.078105981,2.89181,2.311910978,21.8015,15.699145,22.41,16.3,18.145,0.679240909,2593,FFD25,DMel_FFD25,I,F,4,0.877,NA
3/10/20,11:44:14,2,25,1,42307,42326,2.134527589,2.9117,2.345660243,22.0705,15.77788,22.41,16.34,18.2145,0.310436364,2594,FFD25,DMel_FFD25,I,F,4,1.035,NA
3/10/20,11:54:14,3,27,1,42968,42987,2.227123491,3.02404,2.472980961,21.8425,15.75442,22.411,16.474,18.161,-6.86E-14,2595,FFD25,DMel_FFD25,I,F,4,1.017,NA
3/10/20,11:59:14,4,28,1,43288,43307,1.970570564,2.728565,2.187184366,21.852,15.86273,22.4165,16.5,18.152,1.077390909,2596,FFD25,DMel_FFD25,I,F,4,0.891,NA
3/10/20,12:09:14,5,30,1,43754,43773,1.317872861,1.953865,1.424710782,22.4345,15.695495,22.41,16.5,18.154,0.241072727,2597,FFD25,DMel_FFD25,I,M,4,0.531,NA
3/10/20,12:14:14,6,31,1,44192,44211,1.127864596,1.708715,1.217281945,22.4705,15.732745,22.39,16.54,18.0975,-1.71E-14,2598,FFD25,DMel_FFD25,I,M,4,0.586,NA
3/10/20,12:24:14,7,33,2,44665,44684,1.367914517,1.990195,1.50779752,22.0005,15.71703,22.36,16.46,18.281,-6.86E-14,2599,FFD25,DMel_FFD25,I,M,4,0.625,NA
3/10/20,12:29:14,8,34,2,45016,45035,1.216459022,1.813925,1.347323146,21.894,15.98863,22.358,16.51,18.224,1.264231818,2600,FFD25,DMel_FFD25,I,M,4,0.657,NA
3/10/20,12:39:14,9,36,2,45612,45631,0.961336312,1.478525,1.016540456,22.935,15.987495,22.39,16.58,0.4035,3.43E-14,2601,FFD25,DMel_FFD25,U,M,4,0.447,NA
3/10/20,12:44:14,10,37,2,45912,45931,1.049935185,1.611035,1.148697846,22.1675,16.09805,22.4,16.54,0.3545,0.082572727,2602,FFD25,DMel_FFD25,U,M,4,0.427,NA
3/10/20,12:54:14,11,39,2,46454,46473,1.053313389,1.601105,1.141144763,22.387,15.905265,22.41,16.39,0.4215,0,2603,FFD25,DMel_FFD25,U,M,4,0.573,NA
3/10/20,12:59:13,12,40,2,46842,46861,1.267983262,1.86176,1.409313994,21.821,15.98035,22.4,16.06,0.4145,0,2604,FFD25,DMel_FFD25,U,M,4,0.788,NA
3/10/20,13:09:14,13,42,2,47477,47496,1.588942648,2.16357,1.725802877,22.3245,15.78407,22.3315,16.06,0.356,-2.74E-13,2605,FFD25,DMel_FFD25,U,F,4,1.015,NA
3/10/20,13:14:14,14,43,2,47807,47826,1.706032568,2.27207,1.851424332,22.3375,15.76053,22.258,15.86,0.5085,-6.86E-14,2606,FFD25,DMel_FFD25,U,F,4,1.156,NA
3/10/20,13:24:14,15,45,2,48379,48398,1.413780883,2.442985,2.035374945,16.8325,15.682,22.16,15.62,0.453,1.37E-13,2607,FFD25,DMel_FFD25,U,F,4,0.817,bad flow
3/10/20,13:29:13,16,46,2,48577,48596,1.635404105,2.18136,1.78322558,22.2205,15.66095,22.11,15.531,0.491,0.142513636,2608,FFD25,DMel_FFD25,U,F,4,1.158,NA
3/11/20,10:56:07,7,9,1,39519,39538,1.439754021,2.834395,1.586061327,21.9515,14.86714,21.54,20.0655,17.085,8.57E-15,2615,FFD25,DMel_FFD25,I,M,5,0.559,NA
3/11/20,11:01:07,8,10,1,39679,39698,1.758742521,3.144015,1.936610009,21.9635,14.942495,21.57,20.023,16.9745,-3.43E-14,2616,FFD25,DMel_FFD25,I,M,5,0.606,NA
3/11/20,11:11:07,9,12,1,40378,40397,2.33165824,3.57657,2.457794808,22.949,14.86685,21.64,20.08,17.246,-3.43E-14,2617,FFD25,DMel_FFD25,I,F,5,0.782,NA
3/11/20,11:16:07,10,13,1,40608,40627,2.280080463,3.55745,2.4846626,22.201,14.96623,21.67,19.99,17.174,0.2282,2618,FFD25,DMel_FFD25,I,F,5,0.986,NA
3/11/20,11:26:07,11,15,1,41193,41212,2.171870888,3.366345,2.340733901,22.452,14.877585,21.73,19.8555,17.0385,1.842172727,2619,FFD25,DMel_FFD25,I,F,5,0.901,NA
3/11/20,11:31:07,12,16,1,41467,41486,1.935412449,3.132115,2.144358402,21.8405,14.966185,21.74,19.76,17.0325,6.86E-14,2620,FFD25,DMel_FFD25,I,F,5,0.771,NA
3/11/20,11:41:07,13,18,1,42131,42150,1.184350716,2.20954,1.281128912,22.3695,14.83032,21.7235,19.92,17.0665,3.43E-14,2621,FFD25,DMel_FFD25,U,M,5,0.607,NA
3/11/20,11:46:07,14,19,1,42478,42497,1.135737408,2.09159,1.227608327,22.384,14.916725,21.69,19.9695,17.121,0,2622,FFD25,DMel_FFD25,U,M,5,0.608,NA
3/11/20,11:56:07,15,21,1,43004,43023,1.397325363,2.832125,1.995204339,16.941,14.93744,21.63,20.15,0.03,0.633590909,2623,FFD25,DMel_FFD25,U,M,5,0.618,bad flow
3/11/20,12:01:07,16,22,1,43427,43446,1.204775622,2.10379,1.308023537,22.278,15.036445,21.6,20.3195,0.0415,-3.43E-14,2624,FFD25,DMel_FFD25,U,M,5,0.601,NA
3/11/20,12:11:07,1,24,1,44027,44046,1.701198033,2.6614,1.877579125,21.9135,15.062105,21.58,20.77,0.0445,0.620172727,2609,FFD25,DMel_FFD25,U,F,5,0.88,NA
3/11/20,12:16:07,2,25,1,44324,44343,1.40943594,2.31533,1.542815972,22.094,15.149375,21.57,21.01,0.147,0,2610,FFD25,DMel_FFD25,U,F,5,0.852,NA
3/11/20,12:26:07,3,27,1,44775,44794,1.245651146,2.13312,1.375479099,21.902,15.168245,21.57,21.01,0.0315,4.28E-15,2611,FFD25,DMel_FFD25,U,F,5,0.737,NA
3/11/20,12:31:07,4,28,1,45225,45244,1.799250221,2.69816,1.987532662,21.895,15.341115,21.59,21.106,0.0285,1.37E-13,2612,FFD25,DMel_FFD25,U,F,5,1.182,NA
3/11/20,12:41:07,5,30,1,45780,45799,0.796872154,1.56894,0.858033261,22.463,15.196615,21.6,21.17,0.0305,4.28E-15,2613,FFD25,DMel_FFD25,I,M,5,0.377,NA
3/11/20,12:46:07,6,31,1,46013,46032,1.072054872,1.86498,1.152547239,22.498,15.23831,21.6,21.2445,0.034,1.71E-14,2614,FFD25,DMel_FFD25,I,M,5,0.647,NA
3/11/20,12:56:07,7,33,2,46713,46732,0.977884375,1.771765,1.074724392,22.0065,15.10663,21.58,21.48,0.045,0,2615,FFD25,DMel_FFD25,I,M,5,0.559,NA
3/11/20,13:01:08,8,34,2,47023,47042,1.181456971,1.97974,1.300929204,21.962,15.13115,21.5475,21.63,0.05,3.43E-14,2616,FFD25,DMel_FFD25,I,M,5,0.606,NA
3/11/20,13:11:06,9,36,2,47616,47635,1.816792039,2.58064,1.911246989,22.9835,15.108865,21.5,21.88,0.0475,0.5477,2617,FFD25,DMel_FFD25,I,F,5,0.782,NA
3/11/20,13:16:07,10,37,2,47902,47921,1.648808289,2.450985,1.790476624,22.264,15.21826,21.4745,21.88,0.0505,1.745472727,2618,FFD25,DMel_FFD25,I,F,5,0.986,NA
3/11/20,13:26:07,11,39,2,48438,48457,1.378605726,2.13578,1.481685298,22.4935,15.17999,21.455,21.63,0.0675,1.37E-13,2619,FFD25,DMel_FFD25,I,F,5,0.901,NA
3/11/20,13:31:06,12,40,2,48710,48729,1.454828413,2.255375,1.608527201,21.865,15.22941,21.45,21.6165,0.0905,0,2620,FFD25,DMel_FFD25,I,F,5,0.771,NA
3/11/20,13:41:07,13,42,2,49376,49395,0.967626627,1.69004,1.044124659,22.4035,15.20794,21.45,22.0745,0.1035,1.71E-14,2621,FFD25,DMel_FFD25,U,M,5,0.607,NA
3/11/20,13:46:07,14,43,2,49600,49619,0.886738238,1.605235,0.957049729,22.398,15.276435,21.44,22.182,0.235,0,2622,FFD25,DMel_FFD25,U,M,5,0.608,NA
3/11/20,13:56:08,15,45,2,50200,50219,1.323863216,2.541275,1.890781163,16.925,15.38398,21.43,22.3915,0.138,0.058231818,2623,FFD25,DMel_FFD25,U,M,5,0.618,bad flow
3/11/20,14:01:07,16,46,2,50605,50624,1.0151399,1.75769,1.104891237,22.211,15.562195,21.45,22.1885,0.2055,-3.43E-14,2624,FFD25,DMel_FFD25,U,M,5,0.601,NA
3/12/20,10:29:52,7,9,1,37918,37937,1.435375976,2.620235,1.584207669,21.961,14.86328,22.22,18.38,0.22,3.43E-14,2631,FFD25,DMel_FFD25,I,M,3,0.571,NA
3/12/20,10:34:52,8,10,1,38112,38131,1.512346233,2.64334,1.671970287,21.9225,14.90582,22.2,18.42,0.2365,-2.14E-15,2632,FFD25,DMel_FFD25,I,M,3,0.581,NA
3/12/20,10:44:52,9,12,1,38852,38871,1.237702274,2.177845,1.307426989,22.9395,15.001235,22.142,18.54,0.221,1.71E-14,2633,FFD25,DMel_FFD25,U,M,3,0.519,NA
3/12/20,10:49:52,10,13,1,39147,39166,1.803547163,2.789375,1.971053624,22.1735,15.10315,22.157,18.66,17.857,0.011545455,2634,FFD25,DMel_FFD25,U,M,3,0.563,NA
3/12/20,10:59:52,11,15,1,39608,39627,1.436583337,2.34933,1.555810825,22.377,15.08959,22.17,18.7,17.8975,0.633772727,2635,FFD25,DMel_FFD25,U,M,3,0.418,NA
3/12/20,11:04:52,12,16,1,40052,40071,1.443379097,2.330725,1.605076851,21.794,15.25392,22.19,18.7,17.8915,-1.71E-14,2636,FFD25,DMel_FFD25,U,M,3,0.781,NA
3/12/20,11:14:52,13,18,1,40644,40663,2.318836357,3.222085,2.527012359,22.2425,15.21557,22.235,18.6465,17.93,1.040322727,2637,FFD25,DMel_FFD25,U,F,3,0.779,NA
3/12/20,11:19:52,14,19,1,40817,40836,1.550253165,2.36371,1.686535522,22.281,15.273555,22.24,18.54,17.8875,0,2638,FFD25,DMel_FFD25,U,F,3,0.65,NA
3/12/20,11:29:52,15,21,1,41403,41422,2.271377055,3.93421,3.282944272,16.7705,15.276275,22.24,18.19,18.118,1.035222727,2639,FFD25,DMel_FFD25,U,F,3,0.711,bad flow
3/12/20,11:34:52,16,22,1,41727,41746,2.543451613,3.406275,2.780281566,22.175,15.299635,22.24,17.79,17.954,1.692395455,2640,FFD25,DMel_FFD25,U,F,3,0.923,NA
3/12/20,11:44:52,1,24,1,42448,42467,2.600365592,3.486035,2.898951332,21.746,15.36462,22.28,17.51,17.846,1.860309091,2625,FFD25,DMel_FFD25,I,F,3,1.028,NA
3/12/20,11:49:51,2,25,1,42698,42717,1.667680652,2.39898,1.836781309,22.012,15.378515,22.29,17.4355,17.803,1.37E-13,2626,FFD25,DMel_FFD25,I,F,3,0.856,NA
3/12/20,11:59:51,3,27,1,43273,43292,2.195167377,2.97725,2.440354628,21.807,15.29542,22.28,17.12,17.6705,0.324636364,2627,FFD25,DMel_FFD25,I,F,3,0.912,NA
3/12/20,12:04:52,4,28,1,43652,43671,1.763791232,2.4671,1.964220612,21.7695,15.39283,22.2775,16.838,17.928,1.6729,2628,FFD25,DMel_FFD25,I,F,3,0.901,NA
3/12/20,12:14:51,5,30,1,44104,44123,1.198854131,1.794765,1.299135967,22.37,15.25588,22.2575,16.61,17.5635,0.077813636,2629,FFD25,DMel_FFD25,I,M,3,0.622,NA
3/12/20,12:19:52,6,31,1,44544,44563,1.159877194,1.728545,1.252670304,22.444,15.420405,22.24,16.25,17.647,-3.43E-14,2630,FFD25,DMel_FFD25,I,M,3,0.605,NA
3/12/20,12:29:52,7,33,2,44992,45011,1.101983472,1.69131,1.219579596,21.9025,15.356275,22.24,16.207,17.731,-1.71E-14,2631,FFD25,DMel_FFD25,I,M,3,0.571,NA
3/12/20,12:34:51,8,34,2,45311,45330,1.11528951,1.698125,1.234778517,21.894,15.456865,22.24,16.13,17.609,0,2632,FFD25,DMel_FFD25,I,M,3,0.581,NA
3/12/20,12:44:51,9,36,2,46052,46071,0.987701191,1.501445,1.045755883,22.894,15.472505,22.2425,15.97,17.824,0,2633,FFD25,DMel_FFD25,U,M,3,0.519,NA
3/12/20,12:49:52,10,37,2,46293,46312,1.147620034,1.71003,1.257433832,22.124,15.53894,22.255,15.9405,17.665,0.772172727,2634,FFD25,DMel_FFD25,U,M,3,0.563,NA
3/12/20,12:59:52,11,39,2,46846,46865,1.196126791,1.73913,1.295656799,22.379,15.395875,22.2585,15.93,18.11,0.162145455,2635,FFD25,DMel_FFD25,U,M,3,0.418,NA
3/12/20,13:04:51,12,40,2,47227,47246,1.192782343,1.754075,1.327745106,21.777,15.557975,22.257,16.01,17.8945,8.57E-15,2636,FFD25,DMel_FFD25,U,M,3,0.781,NA
3/12/20,13:14:51,13,42,2,47787,47806,1.916482581,2.502435,2.082764747,22.3045,15.32711,22.24,15.77,17.875,0.394877273,2637,FFD25,DMel_FFD25,U,F,3,0.779,NA
3/12/20,13:19:51,14,43,2,48033,48052,1.282808454,1.810855,1.396805427,22.2615,15.42882,22.24,15.8155,18.3615,-2.14E-15,2638,FFD25,DMel_FFD25,U,F,3,0.65,NA
3/13/20,11:05:01,7,9,1,40057,40076,2.368736044,3.54319,2.636646478,21.774,14.786375,22.2075,13.1215,17.8025,1.627268182,2647,FFD25,DMel_FFD25,I,F,4,0.857,NA
3/13/20,11:10:01,8,10,1,40289,40308,2.458704129,3.56706,2.73570855,21.783,14.83542,22.2045,13.13,17.835,1.210872727,2648,FFD25,DMel_FFD25,I,F,4,0.886,NA
3/13/20,11:20:01,9,12,1,40941,40960,1.961705968,2.83809,2.08618022,22.7915,14.85223,22.214,13.03,17.807,-1.71E-14,2649,FFD25,DMel_FFD25,U,F,4,0.92,NA
3/13/20,11:25:01,10,13,1,41131,41150,2.017652863,2.933915,2.219389897,22.0345,14.94217,22.216,13.03,17.83,0.905568182,2650,FFD25,DMel_FFD25,U,F,4,0.713,NA
3/13/20,11:35:01,11,15,1,41839,41858,2.199975174,3.04898,2.40068129,22.213,14.999715,22.24,13.07,18.0365,0.421854545,2651,FFD25,DMel_FFD25,U,F,4,0.693,NA
3/13/20,11:40:01,12,16,1,42071,42090,2.207327958,3.08617,2.471503196,21.649,15.05606,22.24,13.0725,17.9135,0.426663636,2652,FFD25,DMel_FFD25,U,F,4,0.998,NA
3/13/20,11:50:01,13,18,1,42669,42688,1.170957835,1.852785,1.283074707,22.1215,14.98733,22.24,12.99,17.955,2.14E-15,2653,FFD25,DMel_FFD25,U,M,4,0.521,NA
3/13/20,11:55:01,14,19,1,43011,43030,1.014326741,1.626535,1.109696144,22.1565,15.141285,22.24,12.99,18.072,0,2654,FFD25,DMel_FFD25,U,M,4,0.412,NA
3/13/20,12:05:01,15,21,1,43641,43660,1.388008825,2.488565,2.01077975,16.7335,15.107365,22.26,12.9635,17.4905,8.57E-15,2655,FFD25,DMel_FFD25,U,M,4,0.62,bad flow
3/13/20,12:10:01,16,22,1,43855,43874,1.063530339,1.622345,1.168266672,22.068,15.140715,22.26,13.116,17.495,0,2656,FFD25,DMel_FFD25,U,M,4,0.471,NA
3/13/20,12:20:01,1,24,1,44510,44529,1.320819063,1.903255,1.480829758,21.6235,15.213045,22.28,13.073,17.604,0.517836364,2641,FFD25,DMel_FFD25,I,M,4,0.518,NA
3/13/20,12:25:01,2,25,1,44849,44868,1.278510008,1.81324,1.417619204,21.865,15.34884,22.29,13.1135,17.9015,0,2642,FFD25,DMel_FFD25,I,M,4,0.709,NA
3/13/20,12:35:01,3,27,1,45456,45475,1.314474681,1.85077,1.471138022,21.665,15.30776,22.33,13.07,18.037,0,2643,FFD25,DMel_FFD25,I,M,4,0.624,NA
3/13/20,12:40:01,4,28,1,45617,45636,1.187004678,1.701715,1.330169144,21.638,15.293865,22.34,13.11,17.977,0.000204545,2644,FFD25,DMel_FFD25,I,M,4,0.638,NA
3/13/20,12:50:01,5,30,1,46334,46353,2.079656789,2.63638,2.270838792,22.207,15.26477,22.35,13.23,18.021,0.265027273,2645,FFD25,DMel_FFD25,I,F,4,0.976,NA
3/13/20,12:55:01,6,31,1,46514,46533,1.943391498,2.47974,2.113029791,22.302,15.310135,22.35,13.23,18.054,0.011931818,2646,FFD25,DMel_FFD25,I,F,4,0.969,NA
3/13/20,13:05:01,7,33,2,47102,47121,1.652391869,2.19955,1.835019701,21.8355,15.244985,22.35,13.34,17.9985,0.458931818,2647,FFD25,DMel_FFD25,I,F,4,0.857,NA
3/13/20,13:10:01,8,34,2,47467,47486,1.605874289,2.146465,1.790874519,21.744,15.3862,22.35,13.377,18.048,2.74E-13,2648,FFD25,DMel_FFD25,I,F,4,0.886,NA
3/13/20,13:20:01,9,36,2,48064,48083,1.469666383,1.91016,1.568767601,22.7175,15.38516,22.36,13.62,17.959,-3.43E-14,2649,FFD25,DMel_FFD25,U,F,4,0.92,NA
3/13/20,13:25:01,10,37,2,48359,48378,1.576121206,2.05936,1.735840911,22.019,15.49087,22.37,13.741,18.094,1.448040909,2650,FFD25,DMel_FFD25,U,F,4,0.713,NA
3/13/20,13:35:01,11,39,2,49048,49067,1.77639093,2.268515,1.940222556,22.204,15.42223,22.3875,14.17,17.9225,0.236336364,2651,FFD25,DMel_FFD25,U,F,4,0.693,NA
3/13/20,13:40:01,12,40,2,49361,49380,1.816192408,2.379785,2.038441803,21.6085,15.585465,22.4,14.318,17.9415,2.74E-13,2652,FFD25,DMel_FFD25,U,F,4,0.998,NA
3/13/20,13:50:01,13,42,2,49838,49857,0.926971247,1.352605,1.016874681,22.11,15.449,22.42,14.45,17.877,-2.14E-15,2653,FFD25,DMel_FFD25,U,M,4,0.521,NA
3/13/20,13:55:01,14,43,2,50256,50275,0.881196953,1.28655,0.965905307,22.1275,15.56123,22.4225,14.65,17.837,-4.28E-15,2654,FFD25,DMel_FFD25,U,M,4,0.412,NA
3/13/20,14:05:01,15,45,2,50854,50873,1.118754299,1.9403,1.625822234,16.6905,15.52235,22.43,14.9585,17.947,8.57E-15,2655,FFD25,DMel_FFD25,U,M,4,0.62,bad flow
3/13/20,14:10:01,16,46,2,51149,51168,0.920023262,1.32369,1.015105572,21.984,15.597595,22.44,15.08,17.8965,1.71E-14,2656,FFD25,DMel_FFD25,U,M,4,0.471,NA
3/16/20,9:52:13,7,9,1,35618,35637,1.62456293,3.05369,1.830144755,21.53,14.556695,22.42,12.55,17.8105,1.71E-14,2663,FFD25,DMel_FFD25,I,M,3,0.582,NA
3/16/20,9:57:13,8,10,1,35833,35852,1.851927608,3.23307,2.090121279,21.4905,14.611725,22.42,12.5995,17.814,0.416304545,2664,FFD25,DMel_FFD25,I,M,3,0.531,NA
3/16/20,10:07:13,9,12,1,36452,36471,2.862119692,4.13404,3.092074246,22.4525,14.64483,22.44,12.62,17.827,0.039763636,2665,FFD25,DMel_FFD25,U,F,3,0.946,NA
3/16/20,10:12:13,10,13,1,36741,36760,1.963790951,3.15906,2.189962952,21.7525,14.720225,22.46,12.705,17.901,1.37E-13,2666,FFD25,DMel_FFD25,U,F,3,0.703,NA
3/16/20,10:22:13,11,15,1,37348,37367,2.072100424,3.179925,2.28492508,22.0005,14.694035,22.49,12.9,18.031,6.86E-14,2667,FFD25,DMel_FFD25,U,F,3,0.887,NA
3/16/20,10:27:13,12,16,1,37727,37746,2.118675632,3.208985,2.401525899,21.4045,14.783295,22.499,12.861,17.9525,0.016781818,2668,FFD25,DMel_FFD25,U,F,3,0.73,NA
3/16/20,10:37:13,13,18,1,38241,38260,2.034304756,3.030135,2.259316232,21.846,14.85417,22.51,12.86,17.962,0.203963636,2669,FFD25,DMel_FFD25,I,F,3,0.87,NA
3/16/20,10:42:13,14,19,1,38657,38676,2.579195683,3.579085,2.866359385,21.833,15.006635,22.53,12.78,17.9955,-1.03E-13,2670,FFD25,DMel_FFD25,I,F,3,0.842,NA
3/16/20,10:52:13,15,21,1,39138,39157,2.382851901,4.181095,3.49226599,16.5575,15.0164,22.56,12.82,17.969,1.561909091,2671,FFD25,DMel_FFD25,I,F,3,0.891,bad flow
3/16/20,10:57:13,16,22,1,39454,39473,1.908607474,2.778765,2.131151473,21.7345,15.04089,22.595,12.78,17.992,0.945286364,2672,FFD25,DMel_FFD25,I,F,3,0.695,NA
3/16/20,11:07:13,1,24,1,40040,40059,1.291800505,2.08117,1.468361043,21.353,14.96749,22.63,12.854,18.0195,-3.43E-14,2657,FFD25,DMel_FFD25,U,M,3,0.577,NA
3/16/20,11:12:12,2,25,1,40482,40501,1.841122427,2.631955,2.069551304,21.594,15.05442,22.65,12.8645,18.0155,0.290463636,2658,FFD25,DMel_FFD25,U,M,3,0.608,NA
3/16/20,11:22:13,3,27,1,40989,41008,1.505401398,2.245875,1.700939871,21.4815,14.96893,22.63,12.9315,18.1235,0.745822727,2659,FFD25,DMel_FFD25,U,M,3,0.549,NA
3/16/20,11:27:13,4,28,1,41233,41252,1.479616403,2.199985,1.674952336,21.441,12.5495,22.63,12.94,18.035,0.561972727,2660,FFD25,DMel_FFD25,U,M,3,0.507,NA
3/16/20,11:37:12,5,30,1,41871,41890,1.516069013,2.179645,1.67827568,21.9265,12.559445,22.63,13.0205,18.1015,0.236290909,2661,FFD25,DMel_FFD25,I,M,3,0.544,NA
3/16/20,11:42:13,6,31,1,42162,42181,1.433443687,2.06475,1.580370343,22.0155,12.56908,22.635,13.05,18.0365,1.449990909,2662,FFD25,DMel_FFD25,I,M,3,0.606,NA
3/16/20,11:52:12,7,33,2,42893,42912,1.200161378,1.812885,1.354768984,21.5045,12.56599,22.67,13.17,18.095,6.86E-14,2663,FFD25,DMel_FFD25,I,M,3,0.582,NA
3/16/20,11:57:13,8,34,2,43130,43149,1.545114995,2.18769,1.744308554,21.5035,12.57062,22.67,13.21,18.09,1.2485,2664,FFD25,DMel_FFD25,I,M,3,0.531,NA
3/16/20,12:07:13,9,36,2,43704,43723,2.443119436,3.058875,2.634935635,22.5065,12.568035,22.66,13.17,18.1095,2.045418182,2665,FFD25,DMel_FFD25,U,F,3,0.946,NA
3/16/20,12:12:12,10,37,2,44074,44093,1.285884585,1.82869,1.432425605,21.791,12.57963,22.6625,13.21,18.1,0,2666,FFD25,DMel_FFD25,U,F,3,0.703,NA
3/16/20,12:22:13,11,39,2,44533,44552,1.821933628,2.40351,2.011702151,21.985,12.585125,22.67,13.146,18.2215,1.984068182,2667,FFD25,DMel_FFD25,U,F,3,0.887,NA
3/16/20,12:27:12,12,40,2,44852,44871,1.836175297,2.46908,2.08318319,21.3975,12.58109,22.6765,13.151,18.215,0.090318182,2668,FFD25,DMel_FFD25,U,F,3,0.73,NA
3/16/20,12:37:12,13,42,2,45438,45457,2.147640946,2.76805,2.385882124,21.8525,12.58407,22.69,12.998,18.2265,0.752972727,2669,FFD25,DMel_FFD25,I,F,3,0.87,NA
3/16/20,12:42:12,14,43,2,45892,45911,2.061588664,2.66721,2.288254345,21.8735,12.591595,22.71,12.98,18.2895,0.445704545,2670,FFD25,DMel_FFD25,I,F,3,0.842,NA
3/16/20,12:52:12,15,45,2,46332,46351,1.859071363,3.09366,2.719680281,16.596,12.588465,22.72,13.0035,18.297,0.151677273,2671,FFD25,DMel_FFD25,I,F,3,0.891,bad flow
3/16/20,12:57:12,16,46,2,46782,46801,1.645417808,2.19017,1.833247612,21.792,12.580595,22.71,12.937,18.388,0.304804545,2672,FFD25,DMel_FFD25,I,F,3,0.695,NA
3/17/20,9:59:00,7,9,1,36100,36119,2.402219659,3.63187,2.708790416,21.506,12.530155,22.39,15.59,17.907,1.245231818,2679,FFD25,DMel_FFD25,I,F,4,0.908,NA
3/17/20,10:04:00,8,10,1,36363,36382,2.106821911,3.20791,2.376730476,21.499,12.53002,22.4055,15.63,17.957,0.837227273,2680,FFD25,DMel_FFD25,I,F,4,0.826,NA
3/17/20,10:14:01,9,12,1,36864,36883,2.349598669,3.308495,2.53482253,22.483,12.527345,22.43,15.63,17.989,0.810040909,2681,FFD25,DMel_FFD25,U,F,4,0.763,NA
3/17/20,10:19:01,10,13,1,37230,37249,2.15188964,3.07778,2.403128084,21.7225,12.53408,22.47,15.637,17.961,1.011131818,2682,FFD25,DMel_FFD25,U,F,4,0.914,NA
3/17/20,10:29:00,11,15,1,37770,37789,2.543125807,3.454375,2.818251107,21.8935,12.530055,22.5115,15.72,18.0055,6.36E-05,2683,FFD25,DMel_FFD25,U,F,4,0.851,NA
3/17/20,10:34:01,12,16,1,38184,38203,2.53044765,3.46686,2.874912009,21.3575,12.536265,22.544,15.72,18.0775,-5.36E-16,2684,FFD25,DMel_FFD25,U,F,4,0.897,NA
3/17/20,10:44:01,13,18,1,38764,38783,1.473692922,2.18128,1.638365544,21.828,12.53586,22.58,15.77,18.0915,1.086022727,2685,FFD25,DMel_FFD25,U,M,4,0.557,NA
3/17/20,10:49:01,14,19,1,38940,38959,1.683820905,2.3777,1.867379271,21.8835,12.53497,22.598,15.72,18.053,3.43E-14,2686,FFD25,DMel_FFD25,U,M,4,0.591,NA
3/17/20,10:59:00,15,21,1,39575,39594,1.804695588,3.124645,2.662931552,16.4475,12.534195,22.6,15.84,18.093,0.341018182,2687,FFD25,DMel_FFD25,U,M,4,0.523,bad flow
3/17/20,11:04:00,16,22,1,39957,39976,1.294172157,1.863985,1.443018639,21.7645,12.53605,22.58,15.88,18.132,0,2688,FFD25,DMel_FFD25,U,M,4,0.636,NA
3/17/20,11:14:00,1,24,1,40600,40619,1.222018871,1.775815,1.387892254,21.366,12.54206,22.5675,15.88,18.147,-6.86E-14,2673,FFD25,DMel_FFD25,I,M,4,0.371,NA
3/17/20,11:19:00,2,25,1,40755,40774,1.482875613,2.03897,1.665748523,21.602,12.545105,22.56,15.9395,18.0255,0.940954545,2674,FFD25,DMel_FFD25,I,M,4,0.578,NA
3/17/20,11:29:00,3,27,1,41501,41520,1.233461629,1.733495,1.396128837,21.4395,12.54644,22.57,16.16,18.101,0,2675,FFD25,DMel_FFD25,I,M,4,0.471,NA
3/17/20,11:34:00,4,28,1,41640,41659,1.090424503,1.562235,1.235121706,21.424,12.547295,22.57,16.19,18.2245,-1.71E-14,2676,FFD25,DMel_FFD25,I,M,4,0.668,NA
3/17/20,11:44:01,5,30,1,42266,42285,1.867801139,2.371505,2.068263835,21.9145,12.54358,22.57,16.35,18.1515,0.905963636,2677,FFD25,DMel_FFD25,I,F,4,0.9,NA
3/17/20,11:49:00,6,31,1,42572,42591,1.837167148,2.30535,2.024658052,22.0205,12.55086,22.575,16.51,18.165,2.019781818,2678,FFD25,DMel_FFD25,I,F,4,0.708,NA
3/17/20,11:59:00,7,33,2,43301,43320,1.933078553,2.44895,2.184183144,21.478,12.55393,22.58,16.51,18.2505,0.014690909,2679,FFD25,DMel_FFD25,I,F,4,0.908,NA
3/17/20,12:04:01,8,34,2,43484,43503,1.583160028,2.0524,1.79129484,21.448,12.55827,22.58,16.55,18.255,0.481063636,2680,FFD25,DMel_FFD25,I,F,4,0.826,NA
3/17/20,12:14:01,9,36,2,44148,44167,1.977813542,2.403495,2.137014247,22.46,12.55745,22.58,16.5495,18.198,1.123672727,2681,FFD25,DMel_FFD25,U,F,4,0.763,NA
3/17/20,12:19:01,10,37,2,44466,44485,1.62955825,2.09891,1.821797742,21.708,12.559765,22.595,16.5825,18.2655,-4.11E-13,2682,FFD25,DMel_FFD25,U,F,4,0.914,NA
3/17/20,12:29:01,11,39,2,45049,45068,1.667114887,2.11289,1.844824758,21.931,12.55414,22.6,16.59,18.3145,0,2683,FFD25,DMel_FFD25,U,F,4,0.851,NA
3/17/20,12:34:01,12,40,2,45268,45287,2.781531289,3.418205,3.159853913,21.3625,12.55612,22.59,16.55,18.2765,1.234322727,2684,FFD25,DMel_FFD25,U,F,4,0.897,NA
3/17/20,12:44:01,13,42,2,45898,45917,1.391250206,1.78457,1.546526017,21.829,12.545115,22.55,16.5355,18.2775,0.178640909,2685,FFD25,DMel_FFD25,U,M,4,0.557,NA
3/17/20,12:49:01,14,43,2,46197,46216,1.40730081,1.7748,1.559179012,21.8995,12.546425,22.52,16.63,18.451,0.142731818,2686,FFD25,DMel_FFD25,U,M,4,0.591,NA
3/17/20,12:59:01,15,45,2,46838,46857,1.197370969,1.98278,1.765186709,16.458,12.56475,22.52,16.75,18.3165,0,2687,FFD25,DMel_FFD25,U,M,4,0.523,bad flow
3/17/20,13:04:01,16,46,2,47170,47189,1.115622887,1.478075,1.24511437,21.74,12.567095,22.53,16.784,18.438,0,2688,FFD25,DMel_FFD25,U,M,4,0.636,NA
3/17/20,13:14:01,1,48,2,47644,47663,0.858076951,1.203805,0.973812018,21.3805,12.55308,22.54,16.7615,18.402,2.06E-13,2673,FFD25,DMel_FFD25,I,M,4,0.371,NA
3/17/20,13:19:01,2,49,2,47961,47980,1.353096235,1.738615,1.52020694,21.597,12.564865,22.54,16.79,18.432,0.899213636,2674,FFD25,DMel_FFD25,I,M,4,0.578,NA
3/17/20,13:29:01,3,51,2,48656,48675,0.999771011,1.33665,1.133231193,21.406,12.558085,22.53,16.8365,18.48,1.37E-13,2675,FFD25,DMel_FFD25,I,M,4,0.471,NA
3/17/20,13:34:01,4,52,2,48841,48860,0.966774402,1.29126,1.095048779,21.421,12.55808,22.5275,16.866,18.463,8.57E-15,2676,FFD25,DMel_FFD25,I,M,4,0.668,NA
3/17/20,13:44:01,5,54,2,49601,49620,1.566551458,1.925695,1.734845977,21.908,12.55695,22.51,16.87,18.4595,0.267577273,2677,FFD25,DMel_FFD25,I,F,4,0.9,NA
3/17/20,13:49:01,6,55,2,49901,49920,1.590450956,1.94378,1.75164444,22.028,12.56175,22.5175,16.91,18.5835,0.540127273,2678,FFD25,DMel_FFD25,I,F,4,0.708,NA
3/17/20,13:59:01,7,57,3,50379,50398,1.575648756,1.97107,1.776120001,21.5235,12.550935,22.513,16.91,18.4605,0.078545455,2679,FFD25,DMel_FFD25,I,F,4,0.908,NA
3/17/20,14:04:01,8,58,3,50694,50713,1.422398986,1.80771,1.607543793,21.467,12.554655,22.502,16.91,18.554,-2.74E-13,2680,FFD25,DMel_FFD25,I,F,4,0.826,NA
3/18/20,9:53:51,7,9,1,35632,35651,1.127369925,2.351155,1.273819621,21.4385,12.52954,22.04,15.48,17.7235,0,2695,FFD25,DMel_FFD25,I,M,5,0.407,NA
3/18/20,9:58:51,8,10,1,36027,36046,2.059744466,3.28191,2.327984534,21.4335,12.533975,22.06,15.45,17.7165,1.113890909,2696,FFD25,DMel_FFD25,I,M,5,0.646,NA
3/18/20,10:08:51,9,12,1,36656,36675,1.792119747,2.81469,1.936704388,22.417,12.53148,22.064,15.7515,17.672,1.456681818,2697,FFD25,DMel_FFD25,U,M,5,0.689,NA
3/18/20,10:13:51,10,13,1,36991,37010,1.66440303,2.668535,1.860282353,21.675,12.53276,22.08,17.506,17.682,0.331613636,2698,FFD25,DMel_FFD25,U,M,5,0.636,NA
3/18/20,10:23:52,11,15,1,37515,37534,1.450148198,2.36981,1.607385312,21.8615,12.54185,22.145,16.13,17.732,0.418431818,2699,FFD25,DMel_FFD25,U,M,5,0.639,NA
3/18/20,10:28:51,12,16,1,37805,37824,1.226096034,2.09931,1.396447994,21.2775,12.53821,22.166,15.86,17.823,1.71E-14,2700,FFD25,DMel_FFD25,U,M,5,0.476,NA
3/18/20,10:38:51,13,18,1,38358,38377,2.16069754,3.060885,2.400465546,21.808,12.528405,22.0975,15.676,0.069,0.663013636,2701,FFD25,DMel_FFD25,U,F,5,1.005,NA
3/18/20,10:43:51,14,19,1,38724,38743,2.045645866,2.885015,2.277982304,21.7525,12.52836,22.038,15.68,0.075,0.158477273,2702,FFD25,DMel_FFD25,U,F,5,1.124,NA
3/18/20,10:53:51,15,21,1,39258,39277,2.112962412,3.695615,3.111268855,16.4475,12.534825,21.98,15.77,0.0775,0.755159091,2703,FFD25,DMel_FFD25,U,F,5,1.112,bad flow
3/18/20,10:58:51,16,22,1,39665,39684,1.570045726,2.304005,1.749638613,21.731,12.542745,21.96,15.919,0.0445,-1.37E-13,2704,FFD25,DMel_FFD25,U,F,5,0.789,NA
3/18/20,11:08:52,1,24,1,40139,40158,1.548885876,2.306715,1.762996062,21.275,12.539565,21.9505,15.5945,0.093,0,2689,FFD25,DMel_FFD25,I,F,5,0.879,NA
3/18/20,11:13:51,2,25,1,40561,40580,1.800425652,2.542245,2.02306172,21.5515,12.543565,21.96,15.603,0.088,6.86E-14,2690,FFD25,DMel_FFD25,I,F,5,1.08,NA
3/18/20,11:23:51,3,27,1,41045,41064,1.625262622,2.350435,1.841195836,21.3765,12.53753,21.954,15.5975,0.086,0.231668182,2691,FFD25,DMel_FFD25,I,F,5,0.998,NA
3/18/20,11:28:51,4,28,1,41484,41503,1.834169185,2.566315,2.080259249,21.3505,12.544165,21.94,16.028,0.07,1.632290909,2692,FFD25,DMel_FFD25,I,F,5,0.885,NA
3/18/20,11:38:51,5,30,1,42004,42023,1.701513926,2.358845,1.883995773,21.8685,12.53887,21.92,15.68,0.0955,1.187840909,2693,FFD25,DMel_FFD25,I,M,5,0.616,NA
3/18/20,11:43:51,6,31,1,42390,42409,1.636395744,2.259745,1.804596386,21.9565,12.546675,21.92,15.71,0.094,1.321536364,2694,FFD25,DMel_FFD25,I,M,5,0.648,NA
3/18/20,11:53:51,7,33,2,42850,42869,1.117668688,1.710575,1.260019891,21.478,12.538435,21.92,15.879,0.0715,0.219063636,2695,FFD25,DMel_FFD25,I,M,5,0.407,NA
3/18/20,11:58:51,8,34,2,43291,43310,1.608712687,2.257005,1.818499758,21.419,12.53817,21.91,16.032,0.091,0.249568182,2696,FFD25,DMel_FFD25,I,M,5,0.646,NA
3/18/20,12:08:51,9,36,2,43789,43808,1.524740294,2.081635,1.648903583,22.3905,12.549025,21.92,16.285,0.084,1.037840909,2697,FFD25,DMel_FFD25,U,M,5,0.689,NA
3/18/20,12:13:51,10,37,2,44116,44135,1.51703111,2.11654,1.693425432,21.693,12.55242,21.94,16.0345,0.1115,0.72,2698,FFD25,DMel_FFD25,U,M,5,0.636,NA
3/18/20,12:23:51,11,39,2,44631,44650,1.112293817,1.655635,1.233536153,21.8365,12.55262,21.96,15.968,0.086,0.263836364,2699,FFD25,DMel_FFD25,U,M,5,0.639,NA
3/18/20,12:28:51,12,40,2,45054,45073,0.986117116,1.54716,1.120261599,21.3175,12.552775,21.97,16.5785,16.3585,-5.14E-14,2700,FFD25,DMel_FFD25,U,M,5,0.476,NA
3/18/20,12:38:51,13,42,2,45562,45581,1.989802951,2.635365,2.209502328,21.812,12.54708,22.01,17.406,17.637,0.415,2701,FFD25,DMel_FFD25,U,F,5,1.005,NA
3/18/20,12:43:51,14,43,2,45970,45989,1.82935984,2.45457,2.032716141,21.8,12.5516,22.04,17.7,0.1485,0.439359091,2702,FFD25,DMel_FFD25,U,F,5,1.124,NA
3/18/20,12:53:51,15,45,2,46560,46579,1.86964907,3.18338,2.762512328,16.3955,12.557665,22.06,17.5,0.214,0.423931818,2703,FFD25,DMel_FFD25,U,F,5,1.112,bad flow
3/18/20,12:58:52,16,46,2,46886,46905,1.320252408,1.893845,1.473841364,21.7005,12.547635,22.06,17.54,0.247,0,2704,FFD25,DMel_FFD25,U,F,5,0.789,NA
3/19/20,10:07:31,7,9,1,36593,36612,1.546721667,2.855375,1.621190907,23.117,13.34335,22.12,16.76,17.95,0,2711,FFD25,DMel_FFD25,I,M,3,0.654,NA
3/19/20,10:12:31,8,10,1,36786,36805,1.66352377,2.911845,1.744981733,23.0995,13.40115,22.13,16.76,17.952,0.754104545,2712,FFD25,DMel_FFD25,I,M,3,0.465,NA
3/19/20,10:22:31,9,12,1,37393,37412,2.193912969,3.28026,2.197693419,24.1915,13.340535,22.16,16.64,17.9265,0.390131818,2713,FFD25,DMel_FFD25,I,F,3,0.845,NA
3/19/20,10:27:31,10,13,1,37666,37685,2.050277727,3.14698,2.123918499,23.3935,13.412075,22.1665,16.61,17.9735,1.57725,2714,FFD25,DMel_FFD25,I,F,3,0.751,NA
3/19/20,10:37:31,11,15,1,38309,38328,2.034223311,3.03944,2.086512251,23.628,13.44516,22.1855,16.52,18.034,-6.86E-14,2715,FFD25,DMel_FFD25,I,F,3,0.964,NA
3/19/20,10:42:31,12,16,1,38634,38653,2.212723639,3.21868,2.328945772,23.027,13.51762,22.2,16.64,18.0875,0.266022727,2716,FFD25,DMel_FFD25,I,F,3,0.796,NA
3/19/20,10:52:31,13,18,1,39284,39303,1.178942487,2.06764,1.217573493,23.4685,13.52046,22.2155,16.57,18.102,-1.71E-14,2717,FFD25,DMel_FFD25,U,M,3,0.534,NA
3/19/20,10:57:31,14,19,1,39456,39475,1.24393105,2.115665,1.280569715,23.5445,13.539275,22.22,16.5055,18.1535,0,2718,FFD25,DMel_FFD25,U,M,3,0.679,NA
3/19/20,11:07:31,15,21,1,40093,40112,1.196197834,2.437745,1.638482454,17.6955,13.52867,22.22,16.45,18.04,3.43E-14,2719,FFD25,DMel_FFD25,U,M,3,0.488,bad flow
3/19/20,11:12:31,16,22,1,40404,40423,1.054042692,1.85317,1.092921782,23.375,13.552135,22.21,16.45,18.0525,-1.71E-14,2720,FFD25,DMel_FFD25,U,M,3,0.482,NA
3/19/20,11:22:31,1,24,1,41095,41114,1.836731733,2.65776,1.941123381,22.933,13.636665,22.2,16.457,18.0895,0.318854545,2705,FFD25,DMel_FFD25,U,F,3,0.947,NA
3/19/20,11:27:31,2,25,1,41304,41323,1.928101465,2.704175,2.009696894,23.2535,13.69201,22.2145,16.489,18.0975,0.229445455,2706,FFD25,DMel_FFD25,U,F,3,0.857,NA
3/19/20,11:37:31,3,27,1,41938,41957,2.17973907,2.97091,2.298297318,22.987,13.636935,22.21,16.4345,18.2,0.495936364,2707,FFD25,DMel_FFD25,U,F,3,0.872,NA
3/19/20,11:42:31,4,28,1,42269,42288,1.747982458,2.50173,1.84366283,22.979,13.736635,22.21,16.41,18.1535,1.576195455,2708,FFD25,DMel_FFD25,U,F,3,0.891,NA
3/19/20,11:52:31,5,30,1,42751,42770,1.647053951,2.337455,1.690998502,23.6075,13.63341,22.21,16.37,18.187,1.459954545,2709,FFD25,DMel_FFD25,I,M,3,0.677,NA
3/19/20,11:57:31,6,31,1,43141,43160,1.34497864,1.996525,1.378075056,23.655,13.73772,22.209,16.33,18.1755,0.963413636,2710,FFD25,DMel_FFD25,I,M,3,0.628,NA
3/19/20,12:07:31,7,33,2,43711,43730,1.286467022,1.959805,1.350778639,23.084,13.74183,22.22,16.25,18.2285,0.881645455,2711,FFD25,DMel_FFD25,I,M,3,0.654,NA
3/19/20,12:12:31,8,34,2,44111,44130,1.149885782,1.809075,1.207734534,23.078,13.761225,22.23,16.25,18.1145,1.202359091,2712,FFD25,DMel_FFD25,I,M,3,0.465,NA
3/19/20,12:22:32,9,36,2,44576,44595,1.849913828,2.44708,1.856766323,24.1475,13.6245,22.206,16.29,18.1425,1.548213636,2713,FFD25,DMel_FFD25,I,F,3,0.845,NA
3/19/20,12:27:32,10,37,2,44885,44904,1.332686484,1.95162,1.383137031,23.353,13.756865,22.2075,16.29,18.2265,0.343445455,2714,FFD25,DMel_FFD25,I,F,3,0.751,NA
3/19/20,12:37:32,11,39,2,45452,45471,1.831162307,2.4379,1.88431395,23.5545,13.82287,22.23,16.25,18.2495,2.822045455,2715,FFD25,DMel_FFD25,I,F,3,0.964,NA
3/19/20,12:42:32,12,40,2,45886,45905,1.944412812,2.58856,2.052579456,22.9625,13.8839,22.24,16.194,18.3545,0.870063636,2716,FFD25,DMel_FFD25,I,F,3,0.796,NA
3/19/20,12:52:32,13,42,2,46372,46391,1.020795768,1.589145,1.057900636,23.3895,13.74512,22.24,16.09,18.3375,-1.71E-14,2717,FFD25,DMel_FFD25,U,M,3,0.534,NA
3/19/20,12:57:32,14,43,2,46692,46711,1.069255947,1.62866,1.104470829,23.467,13.730045,22.24,16.05,18.43,0,2718,FFD25,DMel_FFD25,U,M,3,0.679,NA
3/19/20,13:07:31,15,45,2,47278,47297,0.99898178,1.892795,1.36909128,17.687,13.85611,22.24,16.01,18.3085,3.43E-14,2719,FFD25,DMel_FFD25,U,M,3,0.488,bad flow
3/19/20,13:12:32,16,46,2,47712,47731,0.895930272,1.46255,0.932335862,23.293,13.82809,22.24,16.09,18.3085,5.14E-14,2720,FFD25,DMel_FFD25,U,M,3,0.482,NA
3/19/20,13:22:32,1,48,2,48258,48277,1.294486888,1.9085,1.372866261,22.856,13.90817,22.24,16.09,18.3835,0,2705,FFD25,DMel_FFD25,U,F,3,0.947,NA
3/19/20,13:27:31,2,49,2,48464,48483,1.380966098,1.986535,1.446265522,23.146,13.949055,22.25,16.09,18.3325,0.995563636,2706,FFD25,DMel_FFD25,U,F,3,0.857,NA
3/20/20,10:49:21,7,9,1,39113,39132,1.93380536,3.378245,2.117859559,22.1285,13.20948,22.1775,13.9665,18.076,1.03E-13,2727,FFD25,DMel_FFD25,I,M,4,0.599,NA
3/20/20,10:54:21,8,10,1,39310,39329,1.854537806,3.23466,2.034676587,22.0895,13.26192,22.184,13.9715,18.19,0.016990909,2728,FFD25,DMel_FFD25,I,M,4,0.613,NA
3/20/20,11:04:21,9,12,1,40002,40021,2.682500149,3.90298,2.819357663,23.0635,13.246485,22.24,14.071,18.08,0.124245455,2729,FFD25,DMel_FFD25,I,F,4,0.906,NA
3/20/20,11:09:21,10,13,1,40221,40240,2.607797794,3.843125,2.823797708,22.3855,13.283125,22.24,14.1475,17.943,1.747463636,2730,FFD25,DMel_FFD25,I,F,4,0.862,NA
3/20/20,11:19:21,11,15,1,40914,40933,3.451210917,4.653535,3.709652615,22.551,13.25433,22.24,14.04,18.0205,0.665377273,2731,FFD25,DMel_FFD25,I,F,4,1.083,NA
3/20/20,11:24:21,12,16,1,41070,41089,1.853936526,2.962895,2.042921967,21.998,13.28643,22.249,14.049,18.1055,1.284286364,2732,FFD25,DMel_FFD25,I,F,4,0.872,NA
3/20/20,11:34:21,13,18,1,41673,41692,2.114705697,3.15411,2.28046057,22.4785,13.30079,22.2475,14.121,18.2295,0.433354545,2733,FFD25,DMel_FFD25,U,F,4,0.85,NA
3/20/20,11:39:21,14,19,1,42080,42099,1.924952968,2.88473,2.073567464,22.504,13.40752,22.26,14.1805,18.218,0,2734,FFD25,DMel_FFD25,U,F,4,0.696,NA
3/20/20,11:49:21,15,21,1,42564,42583,3.677816926,6.00721,5.210895326,17.11,13.4458,22.27,14.16,18.2705,0.636177273,2735,FFD25,DMel_FFD25,U,F,4,0.742,bad flow
3/20/20,11:54:21,16,22,1,42861,42880,2.114450537,3.071015,2.290602883,22.3785,13.4002,22.2735,14.16,18.2215,1.384368182,2736,FFD25,DMel_FFD25,U,F,4,0.919,NA
3/20/20,12:04:21,1,24,1,43464,43483,1.328602108,2.2239,1.46781706,21.9435,13.36772,22.278,14.23,18.289,0.149913636,2721,FFD25,DMel_FFD25,U,M,4,0.662,NA
3/20/20,12:09:21,2,25,1,43764,43783,1.202010292,2.03395,1.312403233,22.203,13.47024,22.27,14.2035,18.2145,8.57E-15,2722,FFD25,DMel_FFD25,U,M,4,0.507,NA
3/20/20,12:19:21,3,27,1,44473,44492,1.107283032,1.907545,1.218882745,22.0225,13.45945,22.27,14.324,18.3,-4.28E-15,2723,FFD25,DMel_FFD25,U,M,4,0.612,NA
3/20/20,12:24:21,4,28,1,44670,44689,1.014138397,1.794925,1.117452129,22.001,13.527915,22.27,14.39,18.2905,8.03E-16,2724,FFD25,DMel_FFD25,U,M,4,0.527,NA
3/20/20,12:34:21,5,30,1,45324,45343,1.138525952,1.8785,1.226262142,22.507,13.37297,22.26,14.58,18.3685,1.71E-14,2725,FFD25,DMel_FFD25,I,M,4,0.686,NA
3/20/20,12:39:21,6,31,1,45584,45603,1.222358491,1.941715,1.311247974,22.5965,13.50679,22.24,14.55,18.287,0,2726,FFD25,DMel_FFD25,I,M,4,0.683,NA
3/20/20,12:49:21,7,33,2,46176,46195,1.322496492,2.063565,1.451616064,22.0865,13.594125,22.28,14.63,18.3635,0,2727,FFD25,DMel_FFD25,I,M,4,0.599,NA
3/20/20,12:54:21,8,34,2,46563,46582,1.292493891,2.01903,1.423822669,22.01,13.697145,22.32,14.65,18.2365,0,2728,FFD25,DMel_FFD25,I,M,4,0.613,NA
3/20/20,13:04:21,9,36,2,47148,47167,2.101774471,2.79983,2.211561781,23.0435,13.58343,22.3325,14.68,18.345,0.074186364,2729,FFD25,DMel_FFD25,I,F,4,0.906,NA
3/20/20,13:09:21,10,37,2,47362,47381,1.930258526,2.681025,2.096729435,22.3225,13.567,22.34,14.68,18.261,0.054836364,2730,FFD25,DMel_FFD25,I,F,4,0.862,NA
3/20/20,13:19:21,11,39,2,48082,48101,2.665118807,3.44134,2.870511863,22.5095,13.54511,22.29,14.9505,18.31,1.059904545,2731,FFD25,DMel_FFD25,I,F,4,1.083,NA
3/20/20,13:24:21,12,40,2,48261,48280,1.512219186,2.2321,1.668673381,21.9705,13.58298,22.29,14.95,18.335,0.195577273,2732,FFD25,DMel_FFD25,I,F,4,0.872,NA
3/20/20,13:34:21,13,42,2,48864,48883,1.519565075,2.192345,1.642188632,22.4335,13.632275,22.29,15.03,18.5215,0.550568182,2733,FFD25,DMel_FFD25,U,F,4,0.85,NA
3/20/20,13:39:21,14,43,2,49181,49200,1.718238739,2.393285,1.858109097,22.42,13.64344,22.305,14.996,18.3785,-6.86E-14,2734,FFD25,DMel_FFD25,U,F,4,0.696,NA
6/2/20,9:51:28,5,7,1,35488,35507,1.939540407,2.45142,2.183088946,21.5355,13.71483,22.24,40.96,17.6875,1.07E-15,2741,suz,DSuz,I,F,4,1.061,NA
6/2/20,9:56:28,6,8,1,35931,35950,2.161108155,2.54359,2.424673497,21.608,13.808,22.247,40.9845,17.6675,0,2742,suz,DSuz,I,F,4,1.352,NA
6/2/20,10:06:28,7,10,1,36502,36521,1.960953122,2.309895,2.254960776,21.085,13.82592,22.32,40.8415,17.712,0,2743,suz,DSuz,I,F,4,1.299,NA
6/2/20,10:11:28,8,11,1,36779,36798,2.304349595,2.64926,2.656943007,21.03,13.91916,22.34,40.644,17.576,0,2744,suz,DSuz,I,F,4,1.335,NA
6/2/20,10:21:28,9,13,1,37305,37324,2.872383654,3.10671,3.158674351,22.0515,13.608645,22.36,40.7135,17.712,0,2745,suz,DSuz,U,F,4,1.551,NA
6/2/20,10:26:28,10,14,1,37725,37744,2.244002943,2.42551,2.553550336,21.31,13.691925,22.3605,40.68,17.6435,2.14E-15,2746,suz,DSuz,U,F,4,1.68,NA
6/2/20,10:36:28,11,16,1,38255,38274,1.998041186,2.082105,2.250864095,21.5265,13.64903,22.37,40.6195,17.6385,2.68E-16,2747,suz,DSuz,U,F,4,1.348,NA
6/2/20,10:41:28,12,17,1,38519,38538,1.939462417,2.022195,2.237751189,21.019,13.65809,22.38,40.8015,17.668,-2.68E-16,2748,suz,DSuz,U,F,4,1.301,NA
6/2/20,10:51:28,13,19,1,39185,39204,2.586331029,2.679215,2.937129028,21.357,13.832685,22.41,40.857,17.615,0.106990909,2749,suz,DSuz,U,M,4,0.964,NA
6/2/20,10:56:28,14,20,1,39548,39567,2.467939147,2.50442,2.790872546,21.4495,13.939905,22.44,40.78,17.584,-1.71E-14,2750,suz,DSuz,U,M,4,1.039,NA
6/2/20,11:06:28,15,22,1,39988,40007,2.100581292,2.79919,3.104014953,16.419,13.99552,22.51,40.7115,17.5825,1.71E-14,2751,suz,DSuz,U,M,4,0.913,bad flow
6/2/20,11:11:27,16,23,1,40326,40345,2.287284844,2.25134,2.602168271,21.328,13.990135,22.54,40.45,17.74,0.313154545,2752,suz,DSuz,U,M,4,0.877,NA
6/2/20,11:21:28,1,25,1,40915,40934,1.815106904,1.729015,2.104526147,20.9335,14.089895,22.62,40.566,17.65,0.468563636,2737,suz,DSuz,I,M,4,0.774,NA
6/2/20,11:26:28,2,26,1,41237,41256,1.870996739,1.75586,2.145331616,21.17,14.21498,22.66,40.643,17.62,6.43E-15,2738,suz,DSuz,I,M,4,0.765,NA
6/2/20,11:36:28,3,28,1,41788,41807,1.565851271,1.410025,1.81190883,20.985,14.21755,22.75,40.038,17.6825,1.71E-14,2739,suz,DSuz,I,M,4,0.747,NA
6/2/20,11:41:28,4,29,1,42206,42225,1.89643647,1.772735,2.197819853,20.956,14.377585,22.8085,39.2615,17.66,0.087636364,2740,suz,DSuz,I,M,4,0.904,NA
6/2/20,11:51:28,5,31,2,42689,42708,1.775853313,1.570895,2.011911815,21.442,14.240445,22.88,38.516,17.62,0,2741,suz,DSuz,I,F,4,1.061,NA
6/2/20,11:56:27,6,32,2,43085,43104,1.887590927,1.653235,2.133923012,21.4915,14.327855,22.928,38.04,17.634,4.28E-15,2742,suz,DSuz,I,F,4,1.352,NA
6/2/20,12:06:27,7,34,2,43683,43702,1.660146187,1.419375,1.916559918,21.0495,14.33816,22.98,37.7,17.797,0,2743,suz,DSuz,I,F,4,1.299,NA
6/2/20,12:11:28,8,35,2,44027,44046,2.223853254,2.063385,2.574809002,20.9905,14.429225,23.0125,37.3815,17.6195,0,2744,suz,DSuz,I,F,4,1.335,NA
6/2/20,12:21:27,9,37,2,44634,44653,2.138607427,1.8574,2.370447988,21.931,14.42636,23.08,36.87,17.7455,0,2745,suz,DSuz,U,F,4,1.551,NA
6/2/20,12:26:27,10,38,2,44941,44960,2.062492644,1.84585,2.359345333,21.254,14.5384,23.134,36.7325,17.6755,1.29E-14,2746,suz,DSuz,U,F,4,1.68,NA
6/2/20,12:36:27,11,40,2,45426,45445,1.604711357,1.3017,1.818314962,21.4585,14.512005,23.18,35.965,17.6885,1.07E-15,2747,suz,DSuz,U,F,4,1.348,NA
6/2/20,12:41:27,12,41,2,45762,45781,2.11235344,1.938375,2.461165669,20.874,14.616915,23.23,35.76,17.647,0.798327273,2748,suz,DSuz,U,F,4,1.301,NA
6/2/20,12:51:28,13,43,2,46288,46307,2.647116377,2.487945,3.012469116,21.376,14.613505,23.3,35.5725,17.6455,0.028236364,2749,suz,DSuz,U,M,4,0.964,NA
6/2/20,12:56:27,14,44,2,46699,46718,2.445012548,2.26142,2.785933102,21.355,14.746605,23.3725,35.12,17.631,3.43E-14,2750,suz,DSuz,U,M,4,1.039,NA
6/5/20,10:07:26,7,9,1,36503,36522,2.964803527,4.59357,3.495947208,20.566,12.231155,22.36,33.36,17.699,-2.14E-15,2759,suz,DSuz,U,F,4,1.607,NA
6/5/20,10:12:26,8,10,1,36862,36881,2.432926996,3.868255,2.882103151,20.4715,12.246125,22.378,33.09,17.6165,0,2760,suz,DSuz,U,F,4,1.36,NA
6/5/20,10:22:26,9,12,1,37505,37524,2.131638578,3.323605,2.420771988,21.357,12.224695,22.41,32.85,17.6755,0,2761,suz,DSuz,I,M,4,1.01,NA
6/5/20,10:27:26,10,13,1,37735,37754,2.093214259,3.29872,2.449067511,20.731,12.24728,22.43,32.85,17.692,5.36E-16,2762,suz,DSuz,I,M,4,1.123,NA
6/5/20,10:37:26,11,15,1,38345,38364,1.642223978,2.69566,1.906378833,20.896,12.28852,22.47,32.482,17.6635,-1.07E-15,2763,suz,DSuz,I,M,4,0.645,NA
6/5/20,10:42:26,12,16,1,38656,38675,1.978637871,3.086735,2.354288762,20.392,12.382175,22.51,32.117,17.775,-1.71E-14,2764,suz,DSuz,I,M,4,0.991,NA
6/5/20,10:52:25,13,18,1,39187,39206,1.826075224,2.821845,2.125327307,20.8485,12.33586,22.55,31.815,17.735,0,2765,suz,DSuz,U,M,4,0.984,NA
6/5/20,10:57:26,14,19,1,39543,39562,1.855945688,2.80584,2.161331481,20.838,12.41711,22.57,31.76,17.684,0,2766,suz,DSuz,U,M,4,NA,NA
6/5/20,11:07:26,15,21,1,40157,40176,2.202961389,3.9165,3.310556125,16.151,12.44829,22.6265,32.1185,17.6435,0.108854545,2767,suz,DSuz,U,M,4,0.949,bad flow
6/5/20,11:12:26,16,22,1,40455,40474,2.086286165,3.013695,2.442411918,20.734,12.4672,22.65,32.241,17.6765,0,2768,suz,DSuz,U,M,4,0.865,NA
6/5/20,11:22:26,1,24,1,40946,40965,2.284604852,3.27106,2.724346563,20.3575,12.442975,22.68,32.4355,17.6855,2.14E-15,2753,suz,DSuz,I,F,4,1.739,NA
6/5/20,11:27:26,2,25,1,41246,41265,2.387960097,3.326745,2.820648101,20.554,12.5266,22.71,32.5305,17.667,0,2754,suz,DSuz,I,F,4,1.749,NA
6/5/20,11:37:26,3,27,1,41985,42004,2.58639958,3.54074,3.077231663,20.412,12.57046,22.8,32.37,17.7325,-4.28E-15,2755,suz,DSuz,I,F,4,1.552,NA
6/5/20,11:42:26,4,28,1,42288,42307,2.388036566,3.282295,2.840950484,20.416,12.63257,22.83,32.5475,17.785,-4.28E-15,2756,suz,DSuz,I,F,4,1.744,NA
6/5/20,11:52:26,5,30,1,42890,42909,2.309384998,3.116115,2.686152865,20.887,12.65179,22.91,33.204,17.708,8.57E-15,2757,suz,DSuz,U,F,4,1.547,NA
6/5/20,11:57:26,6,31,1,43097,43116,2.80022781,3.674135,3.251265217,20.9265,12.72276,22.94,33.26,17.7485,-3.43E-14,2758,suz,DSuz,U,F,4,1.588,NA
6/5/20,12:07:26,7,33,2,43735,43754,2.223819062,3.04585,2.641502757,20.462,12.75519,23.038,33.59,17.595,4.28E-15,2759,suz,DSuz,U,F,4,1.607,NA
6/5/20,12:12:26,8,34,2,43969,43988,2.733481159,3.63961,3.250787813,20.4405,12.938705,23.08,33.618,17.6285,2.042209091,2760,suz,DSuz,U,F,4,1.36,NA
6/5/20,12:22:25,9,36,2,44705,44724,1.850528992,2.47892,2.109266135,21.334,12.873755,23.18,32.901,17.7855,0,2761,suz,DSuz,I,M,4,1.01,NA
6/5/20,12:27:26,10,37,2,44894,44913,1.889684405,2.581045,2.217602949,20.725,12.93605,23.2285,32.82,17.8055,0,2762,suz,DSuz,I,M,4,1.123,NA
6/5/20,12:37:26,11,39,2,45510,45529,1.501975527,2.09757,1.751387471,20.865,12.965135,23.344,32.7,17.7185,0.261731818,2763,suz,DSuz,I,M,4,0.645,NA
6/5/20,12:42:25,12,40,2,45761,45780,2.863095009,3.758755,3.429823474,20.313,13.008285,23.39,32.64,17.8165,0.287063636,2764,suz,DSuz,I,M,4,0.991,NA
6/5/20,12:52:26,13,42,2,46434,46453,1.92772743,2.57221,2.258671691,20.7765,13.06028,23.5,32.84,17.6395,0.013254545,2765,suz,DSuz,U,M,4,0.984,NA
6/5/20,12:57:25,14,43,2,46805,46824,2.131593231,2.80528,2.500003136,20.76,13.193115,23.56,32.78,17.784,0.524709091,2766,suz,DSuz,U,M,4,NA,NA
6/5/20,13:07:25,15,45,2,47288,47307,3.03245615,4.88798,4.581376736,16.1195,13.102295,23.6155,32.742,17.843,0.839427273,2767,suz,DSuz,U,M,4,0.949,bad flow
6/5/20,13:12:25,16,46,2,47662,47681,2.431759729,3.17848,2.86854229,20.6485,13.134905,23.6725,32.86,17.8385,-3.43E-14,2768,suz,DSuz,U,M,4,0.865,NA
6/8/20,9:58:44,7,9,1,36048,36067,1.241229154,3.941995,1.468158579,20.4505,12.494635,21.6275,38.22,17.421,-2.68E-16,2775,san,san-Quija630-39,U,M,3,0.463,NA
6/8/20,10:03:44,8,10,1,36294,36313,1.577945907,4.273065,1.872374808,20.386,12.49511,21.63,37.9945,17.3845,3.21E-15,2776,san,san-Quija630-39,U,M,3,0.561,NA
6/8/20,10:13:44,9,12,1,36869,36888,1.745362053,4.30655,1.980359335,21.32,12.49652,21.64,37.99,17.4085,-2.68E-16,2777,san,san-Quija630-39,I,F,3,0.875,NA
6/8/20,10:18:44,10,13,1,37164,37183,1.651001254,4.18066,1.930398379,20.69,12.494955,21.65,37.89,17.433,-1.07E-15,2778,san,san-Quija630-39,I,F,3,0.792,NA
6/8/20,10:28:44,11,15,1,37805,37824,1.90177761,4.398375,2.208521474,20.832,12.49554,21.6595,37.63,17.4535,1.07E-15,2779,san,san-Quija630-39,I,F,3,0.874,NA
6/8/20,10:33:44,12,16,1,38151,38170,1.747251168,4.226575,2.081227317,20.3095,12.49433,21.6525,37.6785,17.409,0,2780,san,san-Quija630-39,I,F,3,0.872,NA
6/8/20,10:43:44,13,18,1,38643,38662,0.973496857,3.25719,1.135598763,20.7395,12.495005,21.6675,37.89,17.3735,1.07E-15,2781,san,san-Quija630-39,I,M,3,NA,dead
6/8/20,10:48:44,14,19,1,39033,39052,1.388419085,3.69289,1.619332287,20.743,12.495385,21.67,37.806,17.4325,2.68E-16,2782,san,san-Quija630-39,I,M,3,0.564,NA
6/8/20,10:58:44,15,21,1,39588,39607,1.262805065,3.94354,1.91133232,15.985,12.494275,21.6935,37.54,17.4215,2.14E-15,2783,san,san-Quija630-39,I,M,3,0.558,bad flow
6/8/20,11:03:44,16,22,1,39927,39946,1.456399899,3.678235,1.705415702,20.6625,12.4952,21.7,37.1765,17.4205,5.36E-16,2784,san,san-Quija630-39,I,M,3,0.572,NA
6/8/20,11:13:44,1,24,1,40440,40459,1.613589451,3.88008,1.923943119,20.2945,12.496085,21.73,36.3115,17.4395,-3.21E-15,2769,san,san-Quija630-39,U,F,3,0.701,NA
6/8/20,11:18:44,2,25,1,40757,40776,1.547578958,3.77409,1.82891736,20.4755,12.49516,21.73,36.02,17.3785,0,2770,san,san-Quija630-39,U,F,3,0.848,NA
6/8/20,11:28:44,3,27,1,41445,41464,1.451167179,3.63466,1.727299299,20.3285,12.49509,21.715,35.35,17.4105,-5.36E-16,2771,san,san-Quija630-39,U,F,3,0.901,NA
6/8/20,11:33:44,4,28,1,41727,41746,1.480078954,3.631855,1.761746154,20.327,12.49613,21.7,35.251,17.3875,0,2772,san,san-Quija630-39,U,F,3,0.801,NA
6/8/20,11:43:44,5,30,1,42323,42342,1.191521138,3.240935,1.384678308,20.818,12.49403,21.6675,34.76,17.3325,0.017445455,2773,san,san-Quija630-39,U,M,3,0.591,NA
6/8/20,11:48:44,6,31,1,42568,42587,1.283550477,3.338335,1.487511825,20.875,12.49526,21.66,34.5665,17.358,-4.28E-15,2774,san,san-Quija630-39,U,M,3,0.625,NA
6/8/20,11:58:44,7,33,2,43142,43161,1.156964624,3.2108,1.370134475,20.427,12.497095,21.6425,34.122,17.3835,1.07E-15,2775,san,san-Quija630-39,U,M,3,0.463,NA
6/8/20,12:03:44,8,34,2,43572,43591,1.578642744,3.69122,1.872052608,20.3985,12.49553,21.6345,33.7005,17.4495,0.146995455,2776,san,san-Quija630-39,U,M,3,0.561,NA
6/8/20,12:13:44,9,36,2,44182,44201,1.606504691,3.640665,1.826828681,21.2715,12.49665,21.62,32.794,17.3605,2.14E-15,2777,san,san-Quija630-39,I,F,3,0.875,NA
6/8/20,12:18:44,10,37,2,44484,44503,1.222220719,3.239735,1.430369506,20.6685,12.49454,21.62,32.535,17.3785,-1.07E-15,2778,san,san-Quija630-39,I,F,3,0.792,NA
6/8/20,12:28:44,11,39,2,44942,44961,1.651441696,3.724725,1.9187322,20.82,12.49436,21.63,32.331,17.4095,0,2779,san,san-Quija630-39,I,F,3,0.874,NA
6/8/20,12:33:44,12,40,2,45309,45328,1.534714254,3.628355,1.830403994,20.282,12.494715,21.63,31.8605,17.3955,2.14E-15,2780,san,san-Quija630-39,I,F,3,0.872,NA
6/8/20,12:43:44,13,42,2,45913,45932,0.871230724,2.798605,1.015797923,20.747,12.49606,21.63,31.39,17.4145,4.28E-15,2781,san,san-Quija630-39,I,M,3,NA,dead
6/8/20,12:48:44,14,43,2,46128,46147,1.095438271,3.044355,1.274627347,20.789,12.493115,21.63,31.291,17.328,-2.14E-15,2782,san,san-Quija630-39,I,M,3,0.564,NA
6/8/20,12:58:44,15,45,2,46791,46810,1.108860716,3.43963,1.681264989,15.954,12.49269,21.63,30.9955,17.356,0,2783,san,san-Quija630-39,I,M,3,0.558,bad flow
6/8/20,13:03:44,16,46,2,47055,47074,1.320417434,3.30625,1.549617613,20.6115,12.49541,21.624,30.84,17.388,8.57E-15,2784,san,san-Quija630-39,I,M,3,0.572,NA
6/9/20,10:01:36,7,9,1,36212,36231,1.293462985,3.504415,1.537125807,20.385,12.493105,22.06,30.273,17.7365,0.111772727,2791,san,san-Quija630-39,I,M,4,0.523,NA
6/9/20,10:06:36,8,10,1,36408,36427,1.414048139,3.58494,1.682560971,20.359,12.495365,22.06,30.097,17.7725,0.132909091,2792,san,san-Quija630-39,I,M,4,0.572,NA
6/9/20,10:16:36,9,12,1,37156,37175,1.997236963,4.07372,2.281864954,21.204,12.49413,22.07,29.929,17.827,5.36E-16,2793,san,san-Quija630-39,I,F,4,0.978,NA
6/9/20,10:21:36,10,13,1,37387,37406,1.735378422,3.783235,2.037950216,20.629,12.49507,22.07,29.8265,17.808,0,2794,san,san-Quija630-39,I,F,4,0.741,NA
6/9/20,10:31:36,11,15,1,37896,37915,1.780765728,3.775305,2.071054971,20.8295,12.494945,22.06,30.05,17.731,-5.36E-16,2795,san,san-Quija630-39,I,F,4,0.922,NA
6/9/20,10:36:36,12,16,1,38356,38375,1.37585632,3.256945,1.642240205,20.2935,12.495425,22.033,29.618,17.779,4.28E-15,2796,san,san-Quija630-39,I,F,4,0.822,NA
6/9/20,10:46:36,13,18,1,38956,38975,1.739963664,3.606985,2.033910581,20.719,12.495835,21.99,29.14,17.7585,1.71E-14,2797,san,san-Quija630-39,U,M,4,0.561,NA
6/9/20,10:51:36,14,19,1,39223,39242,1.761139137,3.592815,2.05642986,20.741,12.49494,21.98,29.215,17.7465,0.171781818,2798,san,san-Quija630-39,U,M,4,0.403,NA
6/9/20,11:01:36,15,21,1,39831,39850,1.724520109,4.10967,2.613837364,15.9765,12.485615,21.94,29.586,17.787,0.515954545,2799,san,san-Quija630-39,U,M,4,0.399,bad flow
6/9/20,11:06:36,16,22,1,39996,40015,1.14054232,2.813525,1.339346633,20.62,12.49443,21.93,29.709,17.6685,0.148413636,2800,san,san-Quija630-39,U,M,4,0.362,NA
6/9/20,11:16:36,1,24,1,40596,40615,1.511264724,3.24183,1.80253493,20.2995,12.494225,21.9,28.318,17.7105,1.07E-15,2785,san,san-Quija630-39,U,F,4,0.883,NA
6/9/20,11:21:35,2,25,1,41056,41075,1.363908722,3.005235,1.610833288,20.499,12.495675,21.88,27.695,17.879,6.69E-17,2786,san,san-Quija630-39,U,F,4,0.803,NA
6/9/20,11:31:36,3,27,1,41655,41674,1.654133111,3.34403,1.971875764,20.309,12.49255,21.88,27.46,17.7045,-2.14E-15,2787,san,san-Quija630-39,U,F,4,0.853,NA
6/9/20,11:36:36,4,28,1,41871,41890,1.968856602,3.702435,2.346243299,20.316,12.49266,21.88,27.4285,17.822,0,2788,san,san-Quija630-39,U,F,4,0.996,NA
6/9/20,11:46:36,5,30,1,42527,42546,1.22905064,2.769105,1.4308693,20.7955,12.49431,21.8825,27.62,17.663,1.61E-15,2789,san,san-Quija630-39,I,M,4,0.634,NA
6/9/20,11:51:36,6,31,1,42696,42715,1.444653847,3.011515,1.680397667,20.8145,12.494445,21.89,27.71,17.6755,-4.28E-15,2790,san,san-Quija630-39,I,M,4,0.517,NA
6/9/20,12:01:35,7,33,2,43314,43333,1.094978373,2.62615,1.300735416,20.382,12.49596,21.9,27.74,17.8075,2.14E-15,2791,san,san-Quija630-39,I,M,4,0.523,NA
6/9/20,12:06:36,8,34,2,43640,43659,1.209620678,2.765675,1.437106498,20.38,12.495975,21.91,27.74,17.9455,0,2792,san,san-Quija630-39,I,M,4,0.572,NA
6/9/20,12:16:36,9,36,2,44200,44219,1.714725332,3.28154,1.95640369,21.223,12.49479,21.93,27.86,17.833,-1.07E-15,2793,san,san-Quija630-39,I,F,4,0.978,NA
6/9/20,12:21:35,10,37,2,44526,44545,1.84487393,3.482085,2.168271215,20.6035,12.496165,21.9405,27.86,17.8055,0.155090909,2794,san,san-Quija630-39,I,F,4,0.741,NA
6/9/20,12:31:36,11,39,2,45098,45117,1.511055159,3.06564,1.760439426,20.7855,12.49504,21.95,27.9045,17.7755,2.14E-15,2795,san,san-Quija630-39,I,F,4,0.922,NA
6/9/20,12:36:36,12,40,2,45538,45557,1.13778182,2.652445,1.359968871,20.2595,12.49597,21.95,28.1355,17.823,4.28E-15,2796,san,san-Quija630-39,I,F,4,0.822,NA
6/9/20,12:46:36,13,42,2,46156,46175,1.775140043,3.371395,2.077561818,20.6915,12.49617,21.96,28.6645,17.935,0.002545455,2797,san,san-Quija630-39,U,M,4,0.561,NA
6/9/20,12:51:36,14,43,2,46451,46470,2.108899043,3.757685,2.461688065,20.7465,12.494975,21.97,28.67,17.806,1.106440909,2798,san,san-Quija630-39,U,M,4,0.403,NA
6/9/20,13:01:35,15,45,2,47026,47045,1.782727524,3.99013,2.699983052,15.991,12.496465,21.987,28.7365,17.818,0.394086364,2799,san,san-Quija630-39,U,M,4,0.399,bad flow
6/9/20,13:06:35,16,46,2,47195,47214,1.394796814,2.925955,1.639667483,20.603,12.49462,21.99,28.818,17.898,1.184422727,2800,san,san-Quija630-39,U,M,4,0.362,NA
6/10/20,10:01:22,7,9,1,36105,36124,2.153325354,4.61157,2.563010305,20.3575,12.4962,22.13,44.86,17.6185,0,2807,san,san-Quija630-39,I,F,5,0.936,NA
6/10/20,10:06:22,8,10,1,36477,36496,2.066310537,4.39707,2.464064337,20.3195,12.494095,22.13,45.03,17.657,-5.36E-16,2808,san,san-Quija630-39,I,F,5,0.959,NA
6/10/20,10:16:23,9,12,1,37087,37106,1.80941627,3.92131,2.064881753,21.2335,12.492935,22.14,45.7525,17.5965,6.69E-17,2809,san,san-Quija630-39,U,F,5,0.952,NA
6/10/20,10:21:22,10,13,1,37380,37399,1.861134554,3.97451,2.185133637,20.64,12.495,22.16,45.678,17.456,8.03E-16,2810,san,san-Quija630-39,U,F,5,0.855,NA
6/10/20,10:31:22,11,15,1,37886,37905,1.624409358,3.64467,1.897041314,20.7505,12.49684,22.16,45.49,17.611,-1.07E-15,2811,san,san-Quija630-39,U,F,5,0.755,NA
6/10/20,10:36:22,12,16,1,38197,38216,1.434582915,3.4242,1.735708342,20.029,12.49285,22.16,45.4315,17.5135,-2.68E-16,2812,san,san-Quija630-39,U,F,5,0.633,NA
6/10/20,10:46:22,13,18,1,38822,38841,1.190899257,3.02396,1.396283544,20.67,12.4951,22.18,45.59,17.601,-4.28E-15,2813,san,san-Quija630-39,U,M,5,0.524,NA
6/10/20,10:51:22,14,19,1,39102,39121,1.323142084,3.124725,1.548979604,20.7035,12.495115,22.2065,45.4955,17.581,0,2814,san,san-Quija630-39,U,M,5,0.502,NA
6/10/20,11:01:22,15,21,1,39698,39717,2.018780723,4.60771,3.071592172,15.9325,12.493925,22.24,45.26,17.6875,0.595709091,2815,san,san-Quija630-39,U,M,5,0.484,bad flow
6/10/20,11:06:22,16,22,1,40050,40069,2.109199928,3.986345,2.479016395,20.6275,12.495555,22.29,45.031,17.7105,0.468286364,2816,san,san-Quija630-39,U,M,5,0.535,NA
6/10/20,11:16:22,1,24,1,40737,40756,1.310319727,3.05006,1.574086703,20.187,12.494445,22.374,44.798,17.627,4.28E-15,2801,san,san-Quija630-39,I,M,5,0.645,NA
6/10/20,11:21:22,2,25,1,41024,41043,1.357636227,3.06633,1.613613155,20.406,12.494105,22.4075,44.653,17.683,2.27E-05,2802,san,san-Quija630-39,I,M,5,0.555,NA
6/10/20,11:31:22,3,27,1,41500,41519,1.352653176,3.051825,1.614735067,20.319,12.49501,22.44,43.7145,17.6555,-4.28E-15,2803,san,san-Quija630-39,I,M,5,0.564,NA
6/10/20,11:36:22,4,28,1,41890,41909,1.347043895,3.0155,1.613836626,20.2475,12.49641,22.47,43.015,17.3975,2.14E-15,2804,san,san-Quija630-39,I,M,5,0.627,NA
6/10/20,11:46:22,5,30,1,42402,42421,1.725040933,3.399615,2.013228275,20.786,12.49301,22.47,42.849,17.649,0,2805,san,san-Quija630-39,I,F,5,0.873,NA
6/10/20,11:51:22,6,31,1,42764,42783,1.602543792,3.229905,1.86698206,20.8235,12.494165,22.47,42.841,17.5615,-1.07E-15,2806,san,san-Quija630-39,I,F,5,1.066,NA
6/10/20,12:01:22,7,33,2,43332,43351,1.834396417,3.537935,2.188910862,20.331,12.493695,22.4935,42.53,17.5715,-2.14E-15,2807,san,san-Quija630-39,I,F,5,0.936,NA
6/10/20,12:06:22,8,34,2,43582,43601,1.568134669,3.213025,1.875459507,20.2845,12.49489,22.5,42.5675,17.4965,5.36E-16,2808,san,san-Quija630-39,I,F,5,0.959,NA
6/10/20,12:16:22,9,36,2,44269,44288,1.69126452,3.25086,1.934033161,21.22,12.49458,22.54,42.0725,17.6015,-2.14E-15,2809,san,san-Quija630-39,U,F,5,0.952,NA
6/10/20,12:21:22,10,37,2,44613,44632,1.896824229,3.536935,2.240715894,20.5415,12.49515,22.557,41.9375,17.555,0.142513636,2810,san,san-Quija630-39,U,F,5,0.855,NA
6/10/20,12:31:22,11,39,2,45192,45211,1.483404861,3.02664,1.737836826,20.7175,12.4958,22.62,41.84,17.595,-5.36E-16,2811,san,san-Quija630-39,U,F,5,0.755,NA
6/10/20,12:36:22,12,40,2,45408,45427,1.525317311,3.12982,1.845625015,20.06,12.49589,22.64,41.8,17.4215,-1.07E-15,2812,san,san-Quija630-39,U,F,5,0.633,NA
6/10/20,12:46:22,13,42,2,46080,46099,1.366203471,2.882625,1.603579274,20.684,12.494145,22.71,41.3145,17.5315,0.703909091,2813,san,san-Quija630-39,U,M,5,0.524,NA
6/10/20,12:51:22,14,43,2,46282,46301,1.892348783,3.502325,2.225133058,20.6485,12.4949,22.73,41.26,17.513,0.103759091,2814,san,san-Quija630-39,U,M,5,0.502,NA
6/10/20,13:01:22,15,45,2,47010,47029,2.523798253,5.11712,3.849837977,15.9215,12.493545,22.81,41.2,17.6405,0.752209091,2815,san,san-Quija630-39,U,M,5,0.484,bad flow
6/10/20,13:06:22,16,46,2,47245,47264,2.185212881,3.83543,2.575772376,20.601,12.49639,22.8205,41.1335,17.702,0.986340909,2816,san,san-Quija630-39,U,M,5,0.535,NA
6/12/20,10:10:28,7,9,1,36734,36753,1.511100606,2.647865,1.814013625,20.3,12.495995,23.82,43.38,17.652,0.145772727,2823,san,san-Quija630-39,U,M,4,0.511,NA
6/12/20,10:15:28,8,10,1,37056,37075,2.076851182,3.193205,2.494385623,20.2895,12.494215,23.81,43.29,17.5415,2.68E-16,2824,san,san-Quija630-39,U,M,4,0.647,NA
6/12/20,10:25:28,9,12,1,37601,37620,1.481832702,2.30351,1.70151117,21.217,12.495375,23.73,43.639,17.565,-5.36E-16,2825,san,san-Quija630-39,I,M,4,0.544,NA
6/12/20,10:30:28,10,13,1,37959,37978,1.651260029,2.413255,1.95165821,20.6075,12.494395,23.66,43.8975,17.629,0.011045455,2826,san,san-Quija630-39,I,M,4,0.625,NA
6/12/20,10:40:28,11,15,1,38546,38565,1.457403577,2.10568,1.709558129,20.7525,12.49525,23.4995,44.672,17.6265,1.07E-15,2827,san,san-Quija630-39,I,M,4,0.552,NA
6/12/20,10:45:28,12,16,1,38765,38784,1.678407143,2.3704,2.018853094,20.2335,12.494415,23.43,45.019,17.666,0,2828,san,san-Quija630-39,I,M,4,0.588,NA
6/12/20,10:55:28,13,18,1,39360,39379,1.809976424,2.432615,2.130176026,20.6705,12.49694,23.305,45.7995,17.5515,1.61E-15,2829,san,san-Quija630-39,I,F,4,0.892,NA
6/12/20,11:00:28,14,19,1,39688,39707,1.709037214,2.268655,2.011179566,20.67,12.494915,23.27,45.995,17.667,-1.07E-15,2830,san,san-Quija630-39,I,F,4,0.784,NA
6/12/20,11:10:28,15,21,1,40339,40358,1.899762409,3.11082,2.887662657,16.001,12.495275,23.24,46.2705,17.621,0,2831,san,san-Quija630-39,I,F,4,0.895,bad flow
6/12/20,11:15:28,16,22,1,40534,40553,2.03907634,2.621885,2.414382303,20.5405,12.49728,23.2325,46.17,17.5625,0,2832,san,san-Quija630-39,I,F,4,0.958,NA
6/12/20,11:25:28,1,24,1,41262,41281,1.693494075,2.243435,2.045658942,20.1395,12.49553,23.31,46.365,17.583,-2.14E-15,2817,san,san-Quija630-39,U,F,4,0.899,NA
6/12/20,11:30:28,2,25,1,41438,41457,2.094914165,2.70324,2.503193522,20.363,12.495275,23.36,45.9325,17.69,8.57E-15,2818,san,san-Quija630-39,U,F,4,0.933,NA
6/12/20,11:40:28,3,27,1,42100,42119,1.890109123,2.481055,2.28289843,20.157,12.495165,23.5325,44.768,17.6555,4.28E-15,2819,san,san-Quija630-39,U,F,4,0.929,NA
6/12/20,11:45:28,4,28,1,42339,42358,1.995344697,2.600475,2.407000549,20.187,12.49401,23.606,44.5225,17.782,2.14E-15,2820,san,san-Quija630-39,U,F,4,0.939,NA
6/12/20,11:55:28,5,30,1,43046,43065,2.142233572,2.69805,2.527091497,20.658,12.493915,23.8145,43.941,17.688,1.805827273,2821,san,san-Quija630-39,U,M,4,0.473,NA
6/12/20,12:00:28,6,31,1,43240,43259,2.103181235,2.62879,2.473186945,20.7265,12.493125,23.86,43.664,17.638,0.733086364,2822,san,san-Quija630-39,U,M,4,0.516,NA
6/12/20,12:10:28,7,33,2,43848,43867,2.005825001,2.525285,2.405575486,20.3235,12.49531,23.8825,43.74,17.6835,0.292304545,2823,san,san-Quija630-39,U,M,4,0.511,NA
6/12/20,12:15:28,8,34,2,44128,44147,1.780362841,2.20929,2.133577128,20.3385,12.49667,23.86,43.7855,17.632,1.359040909,2824,san,san-Quija630-39,U,M,4,0.647,NA
6/12/20,12:25:28,9,36,2,44784,44803,1.334248295,1.563925,1.533073059,21.202,12.495865,23.73,44.3675,17.6965,0.715972727,2825,san,san-Quija630-39,I,M,4,0.544,NA
6/12/20,12:30:29,10,37,2,45093,45112,1.82717243,2.158765,2.158275432,20.6215,12.495845,23.6675,44.664,17.7615,0.386804545,2826,san,san-Quija630-39,I,M,4,0.625,NA
6/12/20,12:40:28,11,39,2,45767,45786,1.756067464,2.037245,2.062362472,20.729,12.49514,23.52,45.1545,17.3595,0.677431818,2827,san,san-Quija630-39,I,M,4,0.552,NA
6/12/20,12:45:28,12,40,2,46057,46076,1.761108012,2.07767,2.119354583,20.2255,12.49472,23.46,45.63,17.8095,0.007486364,2828,san,san-Quija630-39,I,M,4,0.588,NA
6/12/20,12:55:28,13,42,2,46559,46578,2.053699942,2.36528,2.419794782,20.6515,12.495655,23.39,45.431,0.082,0.63505,2829,san,san-Quija630-39,I,F,4,0.892,NA
6/12/20,13:00:28,14,43,2,46966,46985,1.608575044,1.811415,1.892597832,20.677,12.494005,23.313,44.338,0.0755,-2.57E-14,2830,san,san-Quija630-39,I,F,4,0.784,NA
6/12/20,13:10:28,15,45,2,47468,47487,1.808393148,2.663915,2.741001054,16.0465,12.495145,23.24,43.6505,0.0625,3.43E-14,2831,san,san-Quija630-39,I,F,4,0.895,bad flow
6/12/20,13:15:28,16,46,2,47831,47850,1.748880992,2.009515,2.0734072,20.511,12.49365,23.18,43.2355,0.062,-1.71E-14,2832,san,san-Quija630-39,I,F,4,0.958,NA
6/15/20,10:01:03,7,9,1,36063,36082,1.393845251,3.37022,1.663624386,20.3165,12.49384,22.35,29.29,17.655,2.68E-16,2839,san,san-Quija630-39,U,M,3,0.486,NA
6/15/20,10:06:03,8,10,1,36363,36382,1.477188885,3.383955,1.767968783,20.2605,12.493965,22.35,29.29,17.7205,-1.07E-15,2840,san,san-Quija630-39,U,M,3,0.545,NA
6/15/20,10:16:03,9,12,1,37051,37070,1.959920018,3.75429,2.249569961,21.128,12.493675,22.37,29.059,17.8305,4.02E-16,2841,san,san-Quija630-39,I,F,3,0.98,NA
6/15/20,10:21:03,10,13,1,37422,37441,1.798007609,3.52263,2.120377378,20.5635,12.494365,22.37,29.02,17.82,-8.57E-15,2842,san,san-Quija630-39,I,F,3,0.683,NA
6/15/20,10:31:03,11,15,1,37863,37882,1.793229093,3.46853,2.100136205,20.7065,12.49458,22.37,29.0895,17.8175,-2.14E-15,2843,san,san-Quija630-39,I,F,3,0.907,NA
6/15/20,10:36:03,12,16,1,38260,38279,1.919974054,3.68766,2.41417467,19.285,12.49497,22.355,29.17,17.809,2.14E-15,2844,san,san-Quija630-39,I,F,3,0.89,NA
6/15/20,10:46:03,13,18,1,38886,38905,1.628942669,3.147155,1.91682126,20.607,12.494785,22.35,29.203,17.8585,0,2845,san,san-Quija630-39,U,F,3,0.852,NA
6/15/20,10:51:03,14,19,1,39065,39084,1.638501813,3.1387,1.926669941,20.6215,12.495045,22.345,29.22,17.857,-2.14E-15,2846,san,san-Quija630-39,U,F,3,0.747,NA
6/15/20,11:01:03,15,21,1,39663,39682,1.67509458,3.72802,2.549810962,15.93,12.495315,22.3455,28.656,17.632,0,2847,san,san-Quija630-39,U,F,3,0.836,bad flow
6/15/20,11:06:03,16,22,1,40042,40061,1.575449576,2.98916,1.859806182,20.541,12.49502,22.3405,28.51,17.7115,2.14E-15,2848,san,san-Quija630-39,U,F,3,0.81,NA
6/15/20,11:16:03,1,24,1,40676,40695,1.381353046,2.757055,1.661782248,20.158,12.496195,22.37,29.024,17.704,8.57E-15,2833,san,san-Quija630-39,I,M,3,0.52,NA
6/15/20,11:21:03,2,25,1,41018,41037,1.488560208,2.83828,1.774619484,20.344,12.494075,22.4115,28.83,17.627,0.000140909,2834,san,san-Quija630-39,I,M,3,0.602,NA
6/15/20,11:31:03,3,27,1,41529,41548,1.501351,2.84572,1.800844541,20.222,12.49431,22.44,28.3905,17.7205,0.069440909,2835,san,san-Quija630-39,I,M,3,0.508,NA
6/15/20,11:36:03,4,28,1,41879,41898,1.338164676,2.61993,1.606285591,20.2085,12.495515,22.46,28.19,17.7075,4.28E-15,2836,san,san-Quija630-39,I,M,3,0.605,NA
6/15/20,11:46:03,5,30,1,42523,42542,1.501484548,2.745125,1.760813104,20.686,12.496255,22.469,28.27,17.7335,0.083763636,2837,san,san-Quija630-39,U,M,3,0.569,NA
6/15/20,11:51:03,6,31,1,42663,42682,1.650748582,2.900215,1.927779469,20.7725,12.49471,22.468,28.23,17.6805,1.714445455,2838,san,san-Quija630-39,U,M,3,0.532,NA
6/15/20,12:01:03,7,33,2,43419,43438,1.542924853,2.79079,1.844757871,20.2865,12.495265,22.43,28.145,17.6445,0.301209091,2839,san,san-Quija630-39,U,M,3,0.486,NA
6/15/20,12:06:03,8,34,2,43645,43664,1.186464159,2.35793,1.421416404,20.2485,12.493805,22.46,28.3785,17.7745,-4.28E-15,2840,san,san-Quija630-39,U,M,3,0.545,NA
6/15/20,12:16:03,9,36,2,44276,44295,1.798776438,2.97801,2.061404584,21.168,12.495765,22.47,28.5615,17.661,-1.07E-15,2841,san,san-Quija630-39,I,F,3,0.98,NA
6/15/20,12:21:03,10,37,2,44608,44627,1.304702511,2.43446,1.540064915,20.5515,12.494505,22.47,28.7835,17.6395,0.013281818,2842,san,san-Quija630-39,I,F,3,0.683,NA
6/15/20,12:31:03,11,39,2,45221,45240,1.684093106,2.853185,1.9731314,20.705,12.494225,22.47,28.592,17.5415,-2.14E-15,2843,san,san-Quija630-39,I,F,3,0.907,NA
6/15/20,12:36:03,12,40,2,45412,45431,1.831674144,3.14844,2.276825257,19.516,12.494415,22.475,28.511,17.588,8.57E-15,2844,san,san-Quija630-39,I,F,3,0.89,NA
6/15/20,12:46:03,13,42,2,45975,45994,1.925250048,3.132265,2.267552327,20.599,12.495185,22.5,28.84,17.6415,0.888313636,2845,san,san-Quija630-39,U,F,3,0.852,NA
6/15/20,12:51:03,14,43,2,46266,46285,2.027435728,3.244705,2.383237704,20.6395,12.496675,22.51,29.03,17.572,0.514954545,2846,san,san-Quija630-39,U,F,3,0.747,NA
6/15/20,13:01:03,15,45,2,46976,46995,1.740158426,3.515155,2.654432803,15.9085,12.49426,22.5685,29.55,17.546,0.413681818,2847,san,san-Quija630-39,U,F,3,0.836,bad flow
6/15/20,13:06:03,16,46,2,47187,47206,1.336016618,2.44415,1.582460428,20.4895,12.492855,22.6,29.55,17.5355,8.57E-15,2848,san,san-Quija630-39,U,F,3,0.81,NA
6/17/20,9:51:39,7,9,1,35499,35518,1.999282647,4.021155,2.382304337,20.3335,12.49463,22.109,41.23,17.5975,6.43E-15,2855,san,san-Quija630-39,U,F,5,0.944,NA
6/17/20,9:56:39,8,10,1,35864,35883,1.984078358,3.900285,2.37113123,20.2745,12.495045,22.124,41.145,17.5845,-1.07E-15,2856,san,san-Quija630-39,U,F,5,1.047,NA
6/17/20,10:06:39,9,12,1,36441,36460,1.914962582,3.646775,2.191873059,21.172,12.496915,22.16,41.421,17.694,0,2857,san,san-Quija630-39,I,M,5,0.537,NA
6/17/20,10:11:39,10,13,1,36851,36870,1.43732341,3.04972,1.697247433,20.5235,12.49543,22.18,41.42,17.6385,0.000354545,2858,san,san-Quija630-39,I,M,5,0.5,NA
6/17/20,10:21:38,11,15,1,37459,37478,1.340732802,2.86572,1.56741974,20.7305,12.494915,22.19,41.26,17.6635,-4.28E-15,2859,san,san-Quija630-39,I,M,5,0.529,NA
6/17/20,10:26:39,12,16,1,37711,37730,1.459352468,3.011245,1.756145019,20.14,12.495725,22.2,41.33,17.6345,0.413436364,2860,san,san-Quija630-39,I,M,5,0.552,NA
6/17/20,10:36:39,13,18,1,38330,38349,1.922895406,3.4813,2.263387264,20.592,12.49527,22.215,40.9,17.612,0,2861,san,san-Quija630-39,I,F,5,0.964,NA
6/17/20,10:41:39,14,19,1,38651,38670,1.807173937,3.308285,2.124049587,20.622,12.496515,22.23,40.87,17.61,1.07E-15,2862,san,san-Quija630-39,I,F,5,0.98,NA
6/17/20,10:51:39,15,21,1,39146,39165,1.779582008,3.86956,2.717626828,15.873,12.494855,22.24,40.957,17.695,0.018218182,2863,san,san-Quija630-39,I,F,5,0.937,bad flow
6/17/20,10:56:39,16,22,1,39454,39473,1.733579424,3.14938,2.050611729,20.4925,12.49473,22.24,40.93,17.592,4.02E-16,2864,san,san-Quija630-39,I,F,5,0.911,NA
6/17/20,11:06:39,1,24,1,40087,40106,1.537643435,2.90582,1.848173674,20.167,12.4937,22.24,40.8235,17.5755,0,2849,san,san-Quija630-39,U,M,5,0.519,NA
6/17/20,11:11:39,2,25,1,40447,40466,1.194359616,2.44459,1.422294384,20.357,12.49512,22.266,40.83,17.59,-3.21E-15,2850,san,san-Quija630-39,U,M,5,0.577,NA
6/17/20,11:21:39,3,27,1,40921,40940,1.649828917,2.989065,1.974251462,20.262,12.49712,22.31,40.56,17.5875,0.000140909,2851,san,san-Quija630-39,U,M,5,0.551,NA
6/17/20,11:26:39,4,28,1,41343,41362,1.348006922,2.62232,1.622466862,20.1455,12.49607,22.33,40.49,17.6125,-4.28E-15,2852,san,san-Quija630-39,U,M,5,0.587,NA
6/17/20,11:36:39,5,30,1,41826,41845,1.613602307,2.882355,1.89446101,20.6545,12.49477,22.36,40.49,17.6495,-5.36E-16,2853,san,san-Quija630-39,U,F,5,0.812,NA
6/17/20,11:41:39,6,31,1,42106,42125,1.34416822,2.543095,1.57498018,20.697,12.495945,22.3775,40.29,17.5645,-1.07E-15,2854,san,san-Quija630-39,U,F,5,0.71,NA
6/17/20,11:51:39,7,33,2,42802,42821,1.901584545,3.21463,2.275990921,20.264,12.49604,22.41,40.62,17.646,-4.28E-15,2855,san,san-Quija630-39,U,F,5,0.944,NA
6/17/20,11:56:39,8,34,2,43149,43168,1.792774576,3.061585,2.149805601,20.227,12.49572,22.43,40.752,17.635,1.07E-15,2856,san,san-Quija630-39,U,F,5,1.047,NA
6/17/20,12:06:38,9,36,2,43695,43714,1.816105158,2.98155,2.087843259,21.099,12.49736,22.44,40.8035,17.6085,0.266968182,2857,san,san-Quija630-39,I,M,5,0.537,NA
6/17/20,12:11:38,10,37,2,43965,43984,2.172498776,3.436935,2.563064804,20.5615,12.49568,22.46,40.635,17.587,0.238413636,2858,san,san-Quija630-39,I,M,5,0.5,NA
6/17/20,12:21:39,11,39,2,44597,44616,1.224421188,2.29689,1.437608093,20.6615,12.493935,22.47,39.682,17.6215,-4.28E-15,2859,san,san-Quija630-39,I,M,5,0.529,NA
6/17/20,12:26:39,12,40,2,44884,44903,2.355178531,3.692685,2.842306713,20.102,12.49522,22.481,39.442,17.614,0.076040909,2860,san,san-Quija630-39,I,M,5,0.552,NA
6/17/20,12:36:38,13,42,2,45558,45577,1.749017919,2.91305,2.059552156,20.601,12.495105,22.47,39.0805,17.4235,4.28E-15,2861,san,san-Quija630-39,I,F,5,0.964,NA
6/17/20,12:41:38,14,43,2,45698,45717,1.83993701,3.02076,2.164500852,20.621,12.4943,22.47,39.1125,17.401,4.28E-15,2862,san,san-Quija630-39,I,F,5,0.98,NA
6/17/20,12:51:39,15,45,2,46307,46326,1.686728854,3.432975,2.5758684,15.885,12.49451,22.47,39.2,17.471,-8.57E-15,2863,san,san-Quija630-39,I,F,5,0.937,bad flow
6/17/20,12:56:39,16,46,2,46758,46777,1.551575804,2.68243,1.833509294,20.528,12.494205,22.464,39.005,17.4325,4.28E-15,2864,san,san-Quija630-39,I,F,5,0.911,NA
6/17/20,13:06:39,1,48,2,47301,47320,1.766093471,2.964265,2.125241925,20.1585,12.49613,22.462,38.7,17.489,0.884563636,2849,san,san-Quija630-39,U,M,5,0.519,NA
6/17/20,13:11:38,2,49,2,47555,47574,1.360655841,2.448095,1.619742341,20.3785,12.49413,22.47,38.6,17.482,0,2850,san,san-Quija630-39,U,M,5,0.577,NA
6/18/20,9:57:01,7,9,1,35961,35980,1.692120129,3.72256,2.018779479,20.2965,12.494125,21.9415,41.09,17.5185,5.36E-16,2871,san,san-Quija630-39,U,F,3,0.968,NA
6/18/20,10:02:01,8,10,1,36273,36292,1.782818915,3.747755,2.131264147,20.256,12.495595,21.94,41.09,17.472,4.28E-15,2872,san,san-Quija630-39,U,F,3,0.938,NA
6/18/20,10:12:02,9,12,1,36881,36900,1.745618527,3.53707,2.001438536,21.12,12.49592,21.94,41.09,17.5295,8.03E-16,2873,san,san-Quija630-39,I,F,3,0.83,NA
6/18/20,10:17:01,10,13,1,37117,37136,1.753459662,3.543535,2.069566346,20.5165,12.493645,21.94,41.09,17.4165,1.07E-15,2874,san,san-Quija630-39,I,F,3,0.754,NA
6/18/20,10:27:02,11,15,1,37656,37675,1.66533814,3.384725,1.95381739,20.6405,12.494625,21.9515,41.1695,17.4905,5.36E-16,2875,san,san-Quija630-39,I,F,3,0.857,NA
6/18/20,10:32:02,12,16,1,37922,37941,1.599515368,3.36922,1.97656534,19.597,12.494585,21.96,41.169,17.368,-1.34E-16,2876,san,san-Quija630-39,I,F,3,0.945,NA
6/18/20,10:42:02,13,18,1,38606,38625,1.376704351,2.95282,1.619391784,20.589,12.49453,21.98,41.07,17.5055,1.07E-15,2877,san,san-Quija630-39,U,M,3,0.621,NA
6/18/20,10:47:02,14,19,1,38822,38841,1.264181614,2.783065,1.48489585,20.6185,12.49521,21.98,41.07,17.5285,5.36E-16,2878,san,san-Quija630-39,U,M,3,0.625,NA
6/18/20,10:57:02,15,21,1,39424,39443,1.435032831,3.449215,2.195540514,15.831,12.49298,22.01,41,17.5165,-4.28E-15,2879,san,san-Quija630-39,U,M,3,0.583,bad flow
6/18/20,11:02:02,16,22,1,39841,39860,1.401486824,2.85495,1.654632778,20.5165,12.492645,22.03,41,17.4665,0.223122727,2880,san,san-Quija630-39,U,M,3,0.571,NA
6/18/20,11:12:02,1,24,1,40374,40393,1.468274178,2.948545,1.766661184,20.133,12.49653,22.05,41.2115,17.4985,0.505395455,2865,san,san-Quija630-39,I,M,3,0.598,NA
6/18/20,11:17:02,2,25,1,40623,40642,1.383372483,2.81492,1.649460135,20.317,12.49556,22.06,41.43,17.4455,0,2866,san,san-Quija630-39,I,M,3,0.574,NA
6/18/20,11:27:02,3,27,1,41238,41257,1.465511707,2.896315,1.758275411,20.1935,12.49593,22.09,41.67,17.4505,-6.43E-15,2867,san,san-Quija630-39,I,M,3,0.704,NA
6/18/20,11:32:02,4,28,1,41665,41684,1.319352986,2.676605,1.58641898,20.152,12.4944,22.12,41.4455,17.4865,-6.86E-14,2868,san,san-Quija630-39,I,M,3,0.53,NA
6/18/20,11:42:02,5,30,1,42161,42180,1.584558231,2.935535,1.857947479,20.6675,12.49553,22.16,41.3115,17.5625,0,2869,san,san-Quija630-39,U,F,3,0.869,NA
6/18/20,11:47:02,6,31,1,42571,42590,1.640248536,2.97126,1.917101277,20.7365,12.49669,22.2,41.23,17.5405,5.36E-16,2870,san,san-Quija630-39,U,F,3,0.886,NA
6/18/20,11:57:02,7,33,2,43146,43165,1.723249016,3.09861,2.061811667,20.2595,12.49471,22.24,41.1,17.524,0,2871,san,san-Quija630-39,U,F,3,0.968,NA
6/18/20,12:02:02,8,34,2,43418,43437,1.655536563,3.00158,1.982152058,20.2455,12.49457,22.24,41.205,17.5155,0,2872,san,san-Quija630-39,U,F,3,0.938,NA
6/18/20,12:12:02,9,36,2,43944,43963,1.407245322,2.626335,1.615928778,21.1125,12.496915,22.29,40.948,17.555,-1.07E-15,2873,san,san-Quija630-39,I,F,3,0.83,NA
6/18/20,12:17:02,10,37,2,44380,44399,1.530188631,2.809755,1.811803938,20.4795,12.4931,22.34,41.05,17.5265,0.002231818,2874,san,san-Quija630-39,I,F,3,0.754,NA
6/18/20,12:27:02,11,39,2,44894,44913,1.607420939,2.889825,1.890180398,20.624,12.49403,22.39,40.717,17.5455,0,2875,san,san-Quija630-39,I,F,3,0.857,NA
6/18/20,12:32:02,12,40,2,45122,45141,1.477212069,2.827555,1.825622411,19.625,12.493425,22.41,40.376,17.48,1.07E-15,2876,san,san-Quija630-39,I,F,3,0.945,NA
6/18/20,12:42:02,13,42,2,45774,45793,1.340209227,2.5763,1.581098771,20.564,12.494415,22.49,40.11,17.5945,4.28E-15,2877,san,san-Quija630-39,U,M,3,0.621,NA
6/18/20,12:47:02,14,43,2,46070,46089,1.324348772,2.54318,1.561730615,20.5745,12.494905,22.5225,40.15,17.6845,2.14E-15,2878,san,san-Quija630-39,U,M,3,0.625,NA
6/18/20,12:57:02,15,45,2,46781,46800,1.916526804,3.93621,2.949451914,15.7705,12.49518,22.611,39.98,17.453,0.918286364,2879,san,san-Quija630-39,U,M,3,0.583,bad flow
6/18/20,13:02:02,16,46,2,47006,47025,1.437807084,2.70016,1.704859352,20.4695,12.494625,22.6235,39.85,17.47,0.050868182,2880,san,san-Quija630-39,U,M,3,0.571,NA
6/19/20,9:58:56,7,9,1,35936,35955,1.919517445,3.73752,2.295019417,20.2765,12.49317,22.28,40.6225,17.7705,1.71E-14,2887,san,san-Quija630-39,U,M,4,0.496,NA
6/19/20,10:03:56,8,10,1,36396,36415,1.648651071,3.275705,1.978032483,20.208,12.495395,22.31,40.3245,17.7925,0,2888,san,san-Quija630-39,U,M,4,0.607,NA
6/19/20,10:13:56,9,12,1,36979,36998,1.585788972,3.054315,1.822426541,21.099,12.496565,22.3355,40.3205,17.7345,-2.14E-15,2889,san,san-Quija630-39,I,M,4,0.564,NA
6/19/20,10:18:56,10,13,1,37139,37158,1.494285384,2.96731,1.772290851,20.445,12.494825,22.3495,40.4425,17.9045,5.36E-16,2890,san,san-Quija630-39,I,M,4,0.577,NA
6/19/20,10:28:56,11,15,1,37858,37877,1.698196385,3.10444,1.998342809,20.61,12.4946,22.39,40.42,17.664,0.637777273,2891,san,san-Quija630-39,I,M,4,0.552,NA
6/19/20,10:33:56,12,16,1,38085,38104,1.723631643,3.14839,2.087922817,20.022,12.496125,22.41,40.42,17.6995,0,2892,san,san-Quija630-39,I,M,4,0.577,NA
6/19/20,10:43:56,13,18,1,38676,38695,1.555383839,2.842655,1.837054268,20.5385,12.493805,22.4615,40.5025,17.7745,0,2893,san,san-Quija630-39,U,F,4,0.784,NA
6/19/20,10:48:56,14,19,1,39015,39034,1.783268702,3.04951,2.105197976,20.551,12.494335,22.5,40.7295,17.7295,0,2894,san,san-Quija630-39,U,F,4,0.943,NA
6/19/20,10:58:56,15,21,1,39691,39710,1.914501419,3.82281,2.923320144,15.891,12.494655,22.54,40.9215,17.5805,0.111977273,2895,san,san-Quija630-39,U,F,4,0.816,bad flow
6/19/20,11:03:56,16,22,1,39836,39855,2.086538222,3.353225,2.468240461,20.512,12.4952,22.54,41.052,17.292,0.102054545,2896,san,san-Quija630-39,U,F,4,0.973,NA
6/19/20,11:13:56,1,24,1,40566,40585,1.896489075,3.11797,2.29032398,20.094,12.494795,22.57,41.14,17.6965,-5.36E-16,2881,san,san-Quija630-39,I,F,4,1.016,NA
6/19/20,11:18:56,2,25,1,40886,40905,1.972994855,3.13828,2.360431041,20.2845,12.49437,22.582,41.3455,17.473,0,2882,san,san-Quija630-39,I,F,4,0.951,NA
6/19/20,11:28:56,3,27,1,41338,41357,1.81427254,2.95098,2.187065658,20.1335,12.49808,22.615,41.54,17.6055,-1.34E-16,2883,san,san-Quija630-39,I,F,4,1.02,NA
6/19/20,11:33:56,4,28,1,41713,41732,1.553594932,2.606075,1.873244617,20.129,12.496325,22.62,41.588,17.163,6.69E-17,2884,san,san-Quija630-39,I,F,4,0.9,NA
6/19/20,11:43:56,5,30,1,42298,42317,1.282662228,2.226225,1.510011547,20.621,12.49498,22.68,41.5435,17.6465,2.14E-15,2885,san,san-Quija630-39,U,M,4,0.607,NA
6/19/20,11:48:56,6,31,1,42605,42624,1.999719993,3.046765,2.344898873,20.704,12.494165,22.7,41.2945,17.49,1.535695455,2886,san,san-Quija630-39,U,M,4,0.552,NA
6/19/20,11:58:56,7,33,2,43194,43213,1.964218794,3.04562,2.356775566,20.238,12.49584,22.7605,40.87,17.553,1.499295455,2887,san,san-Quija630-39,U,M,4,0.496,NA
6/19/20,12:03:56,8,34,2,43596,43615,1.9830425,3.055745,2.384749215,20.195,12.494935,22.8,40.429,17.5465,0.224981818,2888,san,san-Quija630-39,U,M,4,0.607,NA
6/19/20,12:13:56,9,36,2,44182,44201,1.756326548,2.68129,2.030987901,21.0055,12.49558,22.86,40.19,17.577,0.370727273,2889,san,san-Quija630-39,I,M,4,0.564,NA
6/19/20,12:18:56,10,37,2,44399,44418,1.912036309,2.90846,2.274125233,20.4245,12.493425,22.88,40.19,17.6335,1.789686364,2890,san,san-Quija630-39,I,M,4,0.577,NA
6/19/20,12:28:56,11,39,2,45096,45115,1.566836563,2.46959,1.845309911,20.632,12.495755,22.9615,40.42,17.5015,0.869090909,2891,san,san-Quija630-39,I,M,4,0.552,NA
6/19/20,12:33:56,12,40,2,45394,45413,2.152694284,3.238995,2.616998215,19.99,12.49532,22.9905,40.4675,17.6085,0.025927273,2892,san,san-Quija630-39,I,M,4,0.577,NA
6/19/20,12:43:56,13,42,2,45974,45993,1.578284495,2.48371,1.870418213,20.512,12.49355,23.08,40.55,17.675,-2.14E-15,2893,san,san-Quija630-39,U,F,4,0.784,NA
6/19/20,12:48:56,14,43,2,46147,46166,1.71873021,2.64185,2.034131001,20.541,12.496175,23.1,40.4675,17.6395,-1.07E-15,2894,san,san-Quija630-39,U,F,4,0.943,NA
6/19/20,12:58:56,15,45,2,46835,46854,1.719937497,3.230725,2.635214748,15.871,12.49397,23.18,40.36,17.2355,0,2895,san,san-Quija630-39,U,F,4,0.816,bad flow
6/19/20,13:03:56,16,46,2,47086,47105,2.110598443,3.101205,2.513497216,20.4225,12.49693,23.2315,40.3555,17.2755,1.71E-14,2896,san,san-Quija630-39,U,F,4,0.973,NA
6/22/20,9:51:56,7,9,1,35538,35557,1.436731176,2.990665,1.724163941,20.2145,12.49806,22.47,39.0405,17.727,2.68E-16,2903,san,san-Quija630-39,U,M,3,0.516,NA
6/22/20,9:56:56,8,10,1,35860,35879,1.264438562,2.69199,1.522027106,20.1555,12.497375,22.49,39.2595,17.6525,2.14E-15,2904,san,san-Quija630-39,U,M,3,0.506,NA
6/22/20,10:06:56,9,12,1,36503,36522,1.730076177,3.07767,1.996795394,21.0225,12.49764,22.53,39.017,17.7215,0,2905,san,san-Quija630-39,I,F,3,0.906,NA
6/22/20,10:11:56,10,13,1,36851,36870,2.031274012,3.412355,2.414200539,20.417,12.494385,22.56,38.96,17.6575,1.07E-15,2906,san,san-Quija630-39,I,F,3,0.925,NA
6/22/20,10:21:56,11,15,1,37462,37481,1.904195731,3.188885,2.24741299,20.5645,12.494935,22.6225,39.283,17.78,1.07E-15,2907,san,san-Quija630-39,I,F,3,0.961,NA
6/22/20,10:26:56,12,16,1,37764,37783,1.845532648,3.12168,2.233353135,20.06,12.495355,22.67,39.54,17.6705,0,2908,san,san-Quija630-39,I,F,3,0.814,NA
6/22/20,10:36:56,13,18,1,38236,38255,1.629897395,2.800885,1.933614209,20.4675,12.496375,22.75,39.28,17.592,0,2909,san,san-Quija630-39,U,F,3,0.833,NA
6/22/20,10:41:56,14,19,1,38637,38656,1.794361532,2.951175,2.130233955,20.4565,12.498045,22.8,39.07,17.7395,0.008240909,2910,san,san-Quija630-39,U,F,3,0.798,NA
6/22/20,10:51:56,15,21,1,39213,39232,1.70434167,3.398475,2.615707772,15.828,12.49589,22.87,38.4545,17.7135,0.000909091,2911,san,san-Quija630-39,U,F,3,0.854,bad flow
6/22/20,10:56:56,16,22,1,39557,39576,1.615659553,2.66038,1.927079433,20.3695,12.495235,22.92,38.1795,17.8655,-2.14E-15,2912,san,san-Quija630-39,U,F,3,0.842,NA
6/22/20,11:06:56,1,24,1,40059,40078,1.371965233,2.3739,1.663533575,20.0415,12.494725,22.972,38.07,17.757,-1.07E-15,2897,san,san-Quija630-39,I,M,3,0.582,NA
6/22/20,11:11:56,2,25,1,40320,40339,1.356149345,2.309485,1.627618092,20.249,12.494695,23.004,37.6835,17.8035,0,2898,san,san-Quija630-39,I,M,3,0.565,NA
6/22/20,11:21:56,3,27,1,40922,40941,1.557085028,2.541035,1.885360445,20.0765,12.495875,23.0845,37.343,17.843,0.034413636,2899,san,san-Quija630-39,I,M,3,0.618,NA
6/22/20,11:26:56,4,28,1,41305,41324,1.368140063,2.29312,1.6603995,20.034,12.494275,23.14,37.17,17.8215,-1.07E-15,2900,san,san-Quija630-39,I,M,3,0.602,NA
6/22/20,11:36:56,5,30,1,41823,41842,1.757773913,2.70358,2.080115189,20.5485,12.494625,23.18,36.79,17.773,0.196709091,2901,san,san-Quija630-39,U,M,3,0.52,NA
6/22/20,11:41:56,6,31,1,42182,42201,1.697382348,2.61504,2.003229256,20.608,12.49596,23.23,36.1055,17.8355,0.885854545,2902,san,san-Quija630-39,U,M,3,0.575,NA
6/22/20,11:51:56,7,33,2,42720,42739,1.504280645,2.41919,1.817874627,20.1295,12.495475,23.291,34.879,17.8415,0.43965,2903,san,san-Quija630-39,U,M,3,0.516,NA
6/22/20,11:56:56,8,34,2,43136,43155,1.362439725,2.22771,1.648629573,20.108,12.49358,23.36,34.5965,17.834,0,2904,san,san-Quija630-39,U,M,3,0.506,NA
6/22/20,12:06:56,9,36,2,43621,43640,1.625978128,2.45431,1.886899266,20.972,12.49689,23.43,34.718,17.7905,-1.07E-15,2905,san,san-Quija630-39,I,F,3,0.906,NA
6/22/20,12:11:56,10,37,2,43995,44014,1.769826721,2.65841,2.116091881,20.359,12.493485,23.491,34.82,17.7445,-1.71E-14,2906,san,san-Quija630-39,I,F,3,0.925,NA
6/22/20,12:21:56,11,39,2,44549,44568,1.848355749,2.72327,2.190945165,20.5415,12.494415,23.57,35.03,17.739,-1.29E-14,2907,san,san-Quija630-39,I,F,3,0.961,NA
6/22/20,12:26:56,12,40,2,44894,44913,1.407414988,2.23182,1.707820616,20.0745,12.4938,23.64,34.8875,17.8005,0,2908,san,san-Quija630-39,I,F,3,0.814,NA
6/22/20,12:36:56,13,42,2,45446,45465,1.566905538,2.389145,1.87028826,20.4095,12.495425,23.72,34.69,17.9065,-1.07E-15,2909,san,san-Quija630-39,U,F,3,0.833,NA
6/22/20,12:41:56,14,43,2,45809,45828,1.989243065,2.874155,2.361976981,20.5215,12.495615,23.753,34.59,17.8405,3.43E-14,2910,san,san-Quija630-39,U,F,3,0.798,NA
6/22/20,12:51:56,15,45,2,46316,46335,1.552683026,2.901615,2.394380683,15.803,12.49681,23.824,34.92,17.934,-1.61E-15,2911,san,san-Quija630-39,U,F,3,0.854,bad flow
6/22/20,12:56:56,16,46,2,46761,46780,2.014536063,2.908365,2.413282116,20.3445,12.494075,23.8625,35.1915,17.932,0.809813636,2912,san,san-Quija630-39,U,F,3,0.842,NA
6/24/20,9:53:47,7,9,1,35647,35666,1.889737228,3.905275,2.168036168,21.126,12.494715,22.21,49.9895,0.0355,5.36E-16,2919,san,san-Quija630-39,U,F,5,0.882,NA
6/24/20,9:58:46,8,10,1,35971,35990,2.093089106,4.04306,2.403904745,21.102,12.49521,22.1885,50.3915,0.041,0,2920,san,san-Quija630-39,U,F,5,1.024,NA
6/24/20,10:08:47,9,12,1,36687,36706,1.923588976,3.65576,2.124579911,21.947,12.49508,22.24,50.62,0.038,-2.68E-16,2921,san,san-Quija630-39,I,F,5,0.924,NA
6/24/20,10:13:47,10,13,1,36827,36846,2.203368966,4.004935,2.507598118,21.3,12.49544,22.27,50.6605,0.039,-2.14E-15,2922,san,san-Quija630-39,I,F,5,0.942,NA
6/24/20,10:23:47,11,15,1,37457,37476,1.797416152,3.45928,2.028542051,21.4925,12.496065,22.44,50.21,0.04,-4.28E-15,2923,san,san-Quija630-39,I,F,5,1,NA
6/24/20,10:28:47,12,16,1,37807,37826,1.63797676,3.27079,1.896281316,20.959,12.497235,22.54,50.076,0.041,-3.43E-14,2924,san,san-Quija630-39,I,F,5,0.801,NA
6/24/20,10:38:47,13,18,1,38443,38462,1.350969192,2.850275,1.53487945,21.3685,12.49494,22.7,50.1055,0.0515,0.730786364,2925,san,san-Quija630-39,U,M,5,0.536,NA
6/24/20,10:43:47,14,19,1,38723,38742,1.564690132,3.039825,1.775450477,21.4,12.496035,22.757,50.273,0.0555,3.43E-14,2926,san,san-Quija630-39,U,M,5,0.543,NA
6/24/20,10:53:47,15,21,1,39263,39282,1.54574514,3.528095,2.305569844,16.281,12.49409,22.78,49.826,0.051,4.28E-15,2927,san,san-Quija630-39,U,M,5,0.587,bad flow
6/24/20,10:58:47,16,22,1,39543,39562,1.719850089,3.13101,1.956628514,21.3445,12.49408,22.765,49.6,0.0515,0.002722727,2928,san,san-Quija630-39,U,M,5,0.554,NA
6/24/20,11:08:47,1,24,1,40233,40252,1.805442368,3.20218,2.092098318,20.9495,12.49472,22.68,48.7715,0.052,0.000977273,2913,san,san-Quija630-39,I,M,5,0.542,NA
6/24/20,11:13:47,2,25,1,40435,40454,1.25814728,2.519235,1.441667819,21.184,12.49607,22.66,48.429,0.052,1.71E-14,2914,san,san-Quija630-39,I,M,5,0.567,NA
6/24/20,11:23:47,3,27,1,41086,41105,1.206805254,2.41733,1.391332185,21.0485,12.493885,22.57,47.1175,0.0615,-5.36E-16,2915,san,san-Quija630-39,I,M,5,0.592,NA
6/24/20,11:28:46,4,28,1,41357,41376,1.174292774,2.34819,1.358958851,20.967,12.494095,22.54,47.23,0.0725,0.103313636,2916,san,san-Quija630-39,I,M,5,0.522,NA
6/24/20,11:38:47,5,30,1,42052,42071,1.567621345,2.72783,1.76878045,21.499,12.495025,22.4605,47.795,0.0585,5.36E-16,2917,san,san-Quija630-39,U,F,5,0.905,NA
6/24/20,11:43:47,6,31,1,42349,42368,1.571522988,2.710925,1.765168978,21.595,12.496515,22.4375,48.481,0.045,2.14E-15,2918,san,san-Quija630-39,U,F,5,1.018,NA
6/24/20,11:53:47,7,33,2,42867,42886,1.705824257,2.894905,1.960768435,21.101,12.496565,22.42,49.3165,0.047,-1.07E-15,2919,san,san-Quija630-39,U,F,5,0.882,NA
6/24/20,11:58:47,8,34,2,43164,43183,1.523279293,2.67067,1.753246296,21.0725,12.496835,22.41,49.8275,0.042,0,2920,san,san-Quija630-39,U,F,5,1.024,NA
6/24/20,12:08:47,9,36,2,43880,43899,1.655949791,2.73218,1.826896571,21.9835,12.494925,22.4,50.589,18.071,-1.07E-15,2921,san,san-Quija630-39,I,F,5,0.924,NA
6/24/20,12:13:47,10,37,2,44045,44064,1.916415378,3.078495,2.175947476,21.3595,12.496605,22.391,50.5215,17.877,-4.28E-15,2922,san,san-Quija630-39,I,F,5,0.942,NA
6/24/20,12:23:46,11,39,2,44680,44699,1.618388026,2.7196,1.824551727,21.5125,12.494275,22.4015,50.2075,18.0045,8.57E-15,2923,san,san-Quija630-39,I,F,5,1,NA
6/24/20,12:28:47,12,40,2,44981,45000,1.659658965,2.81421,1.927342354,20.889,12.49488,22.4615,50.24,18.025,3.43E-14,2924,san,san-Quija630-39,I,F,5,0.801,NA
6/24/20,12:38:47,13,42,2,45612,45631,1.191148497,2.24793,1.355116139,21.337,12.494395,22.664,50.1,17.99,0.002322727,2925,san,san-Quija630-39,U,M,5,0.536,NA
6/24/20,12:43:47,14,43,2,45867,45886,1.973900272,3.155265,2.251682752,21.294,12.494665,22.81,50,17.9025,0.434395455,2926,san,san-Quija630-39,U,M,5,0.543,NA
6/24/20,12:53:46,15,45,2,46582,46601,1.503949044,3.150515,2.245305953,16.2865,12.49609,23.1545,50.15,17.865,-8.57E-15,2927,san,san-Quija630-39,U,M,5,0.587,bad flow
6/24/20,12:58:46,16,46,2,46790,46809,2.360622789,3.60624,2.703799154,21.232,12.495275,23.2055,49.75,18.014,0.855636364,2928,san,san-Quija630-39,U,M,5,0.554,NA
6/25/20,9:51:14,7,9,1,35496,35515,1.534793036,3.32262,1.77368275,20.9785,12.496455,22.29,52.1795,17.6035,1.07E-15,2935,san,san-Quija630-39,I,M,3,0.655,NA
6/25/20,9:56:15,8,10,1,35810,35829,1.389756298,3.072015,1.607041775,20.969,12.49781,22.3345,51.98,17.73,-2.68E-16,2936,san,san-Quija630-39,I,M,3,0.533,NA
6/25/20,10:06:14,9,12,1,36456,36475,1.457254338,2.996225,1.618865088,21.8385,12.496985,22.4925,51.46,17.642,0.112,2937,san,san-Quija630-39,U,M,3,0.548,NA
6/25/20,10:11:14,10,13,1,36674,36693,1.339067923,2.85844,1.534590823,21.1745,12.495555,22.559,51.2005,17.706,0,2938,san,san-Quija630-39,U,M,3,0.522,NA
6/25/20,10:21:14,11,15,1,37338,37357,1.597245849,3.057855,1.815768868,21.361,12.4975,22.77,50.642,17.6365,-8.57E-15,2939,san,san-Quija630-39,U,M,3,0.542,NA
6/25/20,10:26:14,12,16,1,37620,37639,1.816209554,3.301525,2.117755039,20.8305,12.49716,22.84,50.0295,17.6305,0.550227273,2940,san,san-Quija630-39,U,M,3,0.515,NA
6/25/20,10:36:15,13,18,1,38311,38330,2.252296609,3.66089,2.559657856,21.3745,12.497245,22.87,49.3015,17.8515,3.21E-15,2941,san,san-Quija630-39,I,F,3,0.994,NA
6/25/20,10:41:14,14,19,1,38635,38654,1.686917664,2.94939,1.917351352,21.3715,12.49637,22.86,48.9725,17.7725,5.36E-16,2942,san,san-Quija630-39,I,F,3,0.84,NA
6/25/20,10:51:15,15,21,1,39075,39094,1.758976389,3.61441,2.596052637,16.4565,12.49544,22.83,48.67,17.8075,0,2943,san,san-Quija630-39,I,F,3,0.835,bad flow
6/25/20,10:56:15,16,22,1,39386,39405,2.007294452,3.283195,2.292821544,21.2615,12.496555,22.803,48.88,17.9315,0,2944,san,san-Quija630-39,I,F,3,1.084,NA
6/25/20,11:06:15,1,24,1,39977,39996,1.558353185,2.7711,1.812705985,20.8765,12.4973,22.78,49.1885,17.893,1.29E-14,2929,san,san-Quija630-39,U,F,3,NA,NA
6/25/20,11:11:15,2,25,1,40412,40431,1.298990088,2.395345,1.495560358,21.091,12.495155,22.76,49.21,17.8215,8.57E-15,2930,san,san-Quija630-39,U,F,3,0.97,NA
6/25/20,11:21:15,3,27,1,40875,40894,1.521045182,2.649095,1.764755711,20.9265,12.49743,22.724,49.109,17.844,8.03E-16,2931,san,san-Quija630-39,U,F,3,0.84,NA
6/25/20,11:26:15,4,28,1,41185,41204,1.727539648,2.86249,2.004641924,20.922,12.496095,22.71,48.699,17.9225,4.28E-15,2932,san,san-Quija630-39,U,F,3,0.835,NA
6/25/20,11:36:15,5,30,1,41798,41817,1.242579196,2.240485,1.408854471,21.41,12.495795,22.67,48.467,17.866,-1.71E-14,2933,san,san-Quija630-39,I,M,3,0.54,NA
6/25/20,11:41:15,6,31,1,42113,42132,1.497134445,2.495245,1.689614655,21.5075,12.49563,22.65,48.34,17.854,1.233868182,2934,san,san-Quija630-39,I,M,3,0.555,NA
6/25/20,11:51:15,7,33,2,42675,42694,1.277409694,2.26875,1.474569669,21.0265,12.49457,22.63,48.75,17.869,1.07E-15,2935,san,san-Quija630-39,I,M,3,0.655,NA
6/25/20,11:56:15,8,34,2,43028,43047,1.277910759,2.27186,1.479304204,20.9665,12.494535,22.62,48.648,17.8695,-5.36E-16,2936,san,san-Quija630-39,I,M,3,0.533,NA
6/25/20,12:06:15,9,36,2,43674,43693,1.787771669,2.75975,1.980742854,21.906,12.4961,22.62,48.52,17.897,0.265022727,2937,san,san-Quija630-39,U,M,3,0.548,NA
6/25/20,12:11:15,10,37,2,43907,43926,1.442748519,2.41391,1.648171624,21.2455,12.49589,22.615,48.232,17.8235,6.86E-14,2938,san,san-Quija630-39,U,M,3,0.522,NA
6/25/20,12:21:15,11,39,2,44621,44640,1.635113979,2.606195,1.849200128,21.461,12.49751,22.62,47.399,17.929,0.158886364,2939,san,san-Quija630-39,U,M,3,0.542,NA
6/25/20,12:26:15,12,40,2,44935,44954,1.199325467,2.151755,1.395800966,20.8545,12.49544,22.62,46.8775,17.875,0.026804545,2940,san,san-Quija630-39,U,M,3,0.515,NA
6/25/20,12:36:15,13,42,2,45482,45501,1.752876281,2.73978,1.99364386,21.3415,12.495235,22.62,46.6955,17.8815,1.07E-15,2941,san,san-Quija630-39,I,F,3,0.994,NA
6/25/20,12:41:15,14,43,2,45818,45837,1.498272922,2.43613,1.703897588,21.3425,12.49611,22.6275,46.83,17.8375,3.21E-15,2942,san,san-Quija630-39,I,F,3,0.84,NA
6/25/20,12:51:15,15,45,2,46338,46357,1.492390083,2.95212,2.207835528,16.41,12.497105,22.6925,46.4515,17.7905,0.102077273,2943,san,san-Quija630-39,I,F,3,0.835,bad flow
6/25/20,12:56:15,16,46,2,46604,46623,1.904664142,2.944755,2.182301506,21.1935,12.496305,22.7685,45.9695,17.8115,0.167418182,2944,san,san-Quija630-39,I,F,3,1.084,NA
6/29/20,9:56:33,7,9,1,35953,35972,2.059589722,3.49829,2.411634718,20.805,13.773065,23.72,42.6715,18.2565,5.36E-16,2951,san,san-Quija630-39,I,F,3,0.826,NA
6/29/20,10:01:33,8,10,1,36117,36136,2.559390004,4.01328,2.990353769,20.8505,13.788525,23.7235,42.62,18.259,-2.14E-15,2952,san,san-Quija630-39,I,F,3,1.086,NA
6/29/20,10:11:33,9,12,1,36723,36742,1.428271503,2.52895,1.606570247,21.661,13.77619,23.73,42.49,18.286,-4.28E-15,2953,san,san-Quija630-39,U,F,3,0.8,NA
6/29/20,10:16:33,10,13,1,37022,37041,1.86693412,3.00577,2.165884955,21.0015,13.834555,23.7365,42.36,18.212,0,2954,san,san-Quija630-39,U,F,3,0.869,NA
6/29/20,10:26:33,11,15,1,37695,37714,1.693103454,2.698775,1.941796172,21.242,13.824555,23.74,42.42,18.291,-5.36E-16,2955,san,san-Quija630-39,U,F,3,0.878,NA
6/29/20,10:31:33,12,16,1,37920,37939,1.527929663,2.512155,1.798078746,20.7025,13.86252,23.74,42.3945,18.261,-1.07E-15,2956,san,san-Quija630-39,U,F,3,0.649,NA
6/29/20,10:41:33,13,18,1,38641,38660,1.65407751,2.555285,1.904513994,21.159,13.878795,23.74,42.594,18.312,0.095031818,2957,san,san-Quija630-39,U,M,3,0.51,NA
6/29/20,10:46:33,14,19,1,38809,38828,1.676732213,2.557305,1.928409482,21.1835,13.884455,23.74,42.59,18.263,-2.68E-16,2958,san,san-Quija630-39,U,M,3,0.441,NA
6/29/20,10:56:33,15,21,1,39536,39555,1.339571063,2.57978,2.015035646,16.1955,13.930545,23.73,42.62,18.264,0.248304545,2959,san,san-Quija630-39,U,M,3,0.467,bad flow
6/29/20,11:01:33,16,22,1,39693,39712,1.285796323,2.02482,1.485520442,21.0865,13.87538,23.73,42.55,18.1625,0,2960,san,san-Quija630-39,U,M,3,0.483,NA
6/29/20,11:11:33,1,24,1,40349,40368,1.236590429,1.939555,1.452733074,20.7365,13.89607,23.7245,42.75,18.1625,3.43E-14,2945,san,san-Quija630-39,I,M,3,0.52,NA
6/29/20,11:16:33,2,25,1,40601,40620,1.689711527,2.420145,1.967294815,20.9235,13.849765,23.718,42.79,18.1575,0.06415,2946,san,san-Quija630-39,I,M,3,0.585,NA
6/29/20,11:26:33,3,27,1,41193,41212,1.506753036,2.18843,1.768045725,20.7575,13.800645,23.676,43.528,18.2485,-4.28E-15,2947,san,san-Quija630-39,I,M,3,0.656,NA
6/29/20,11:31:33,4,28,1,41544,41563,1.417149921,2.05754,1.666141923,20.7165,13.87506,23.66,43.39,18.2655,0.109454545,2948,san,san-Quija630-39,I,M,3,0.562,NA
6/29/20,11:41:33,5,30,1,42226,42245,1.519868295,2.11734,1.746453788,21.195,13.94901,23.642,43.2455,18.2515,-2.68E-16,2949,san,san-Quija630-39,I,F,3,0.815,NA
6/29/20,11:46:33,6,31,1,42499,42518,1.797431927,2.41753,2.057798751,21.273,14.015395,23.64,43.1,18.31,8.57E-15,2950,san,san-Quija630-39,I,F,3,0.834,NA
6/29/20,11:56:32,7,33,2,43013,43032,1.881286305,2.55272,2.199252811,20.8335,13.98966,23.64,43.319,18.2375,0.591227273,2951,san,san-Quija630-39,I,F,3,0.826,NA
6/29/20,12:01:33,8,34,2,43299,43318,2.017409046,2.71294,2.366523552,20.7615,14.06444,23.6425,43.2635,18.2515,0,2952,san,san-Quija630-39,I,F,3,1.086,NA
6/29/20,12:11:33,9,36,2,44001,44020,1.385053192,1.89095,1.557155014,21.665,14.070045,23.67,43.351,18.2,8.57E-15,2953,san,san-Quija630-39,U,F,3,0.8,NA
6/29/20,12:16:33,10,37,2,44224,44243,1.595789061,2.176675,1.850969383,20.9995,14.126985,23.68,43.33,18.249,0,2954,san,san-Quija630-39,U,F,3,0.869,NA
6/29/20,12:26:33,11,39,2,44817,44836,1.52198974,2.06157,1.748109709,21.209,14.024035,23.706,43.2085,18.1295,-5.36E-16,2955,san,san-Quija630-39,U,F,3,0.878,NA
6/29/20,12:31:33,12,40,2,45253,45272,1.307912796,1.83254,1.539590772,20.6945,14.144615,23.71,43.346,0.0275,-1.07E-15,2956,san,san-Quija630-39,U,F,3,0.649,NA
6/29/20,12:41:33,13,42,2,45746,45765,1.612889069,2.159915,1.864126254,21.077,14.086145,23.71,43.22,0.0305,0.569086364,2957,san,san-Quija630-39,U,M,3,0.51,NA
6/29/20,12:46:33,14,43,2,46076,46095,1.228807955,1.72064,1.418908662,21.097,14.180755,23.72,43.35,0.0285,1.71E-14,2958,san,san-Quija630-39,U,M,3,0.441,NA
6/29/20,12:56:33,15,45,2,46626,46645,1.480117854,2.525945,2.228486122,16.18,14.095655,23.72,43.064,0.0305,1.598227273,2959,san,san-Quija630-39,U,M,3,0.467,bad flow
6/29/20,13:01:33,16,46,2,47008,47027,1.393827975,1.89956,1.615806435,21.014,14.130765,23.71,43.085,0.0315,0.180709091,2960,san,san-Quija630-39,U,M,3,0.483,NA
6/30/20,9:49:47,7,9,1,35535,35554,2.153999527,3.30772,2.524509831,20.7865,13.69001,23.73,38.6415,17.6465,2.68E-16,2967,san,san-Quija630-39,I,F,4,0.999,NA
6/30/20,9:54:47,8,10,1,35769,35788,2.037670989,3.105025,2.391271465,20.7595,13.736295,23.73,38.67,17.615,-1.34E-16,2968,san,san-Quija630-39,I,F,4,1.107,NA
6/30/20,10:04:47,9,12,1,36310,36329,1.699759579,2.558195,1.910479202,21.676,13.61433,23.7375,38.71,17.6115,5.36E-16,2969,san,san-Quija630-39,U,F,4,0.872,NA
6/30/20,10:09:47,10,13,1,36650,36669,1.90019762,2.759925,2.201536018,21.028,13.650315,23.74,38.71,17.701,-2.68E-16,2970,san,san-Quija630-39,U,F,4,0.908,NA
6/30/20,10:19:47,11,15,1,37187,37206,1.879792887,2.6662,2.158961916,21.2125,13.6044,23.739,39.032,17.698,1.07E-15,2971,san,san-Quija630-39,U,F,4,0.971,NA
6/30/20,10:24:47,12,16,1,37636,37655,1.965232162,2.74146,2.314558543,20.685,13.7136,23.73,39.3,17.7435,-5.36E-16,2972,san,san-Quija630-39,U,F,4,0.86,NA
6/30/20,10:34:47,13,18,1,38226,38245,1.559056609,2.18058,1.798333358,21.1205,13.71049,23.73,39.1,17.675,0.110945455,2973,san,san-Quija630-39,I,M,4,0.557,NA
6/30/20,10:39:47,14,19,1,38533,38552,1.567737681,2.14137,1.805987318,21.1485,13.785245,23.73,39.23,17.679,-4.28E-15,2974,san,san-Quija630-39,I,M,4,0.524,NA
6/30/20,10:49:47,15,21,1,39142,39161,1.57984412,2.6662,2.371787683,16.2275,13.74843,23.73,39.4375,17.602,6.43E-15,2975,san,san-Quija630-39,I,M,4,0.623,bad flow
6/30/20,10:54:47,16,22,1,39355,39374,1.284888052,1.752845,1.486420703,21.059,13.677855,23.73,39.3965,17.57,2.14E-15,2976,san,san-Quija630-39,I,M,4,0.595,NA
6/30/20,11:04:47,1,24,1,39936,39955,1.284914511,1.745405,1.51399017,20.6735,13.649495,23.7,39.327,17.548,2.14E-15,2961,san,san-Quija630-39,U,M,4,0.561,NA
6/30/20,11:09:47,2,25,1,40247,40266,1.14988777,1.535105,1.341450018,20.8795,13.724775,23.68,39.3755,17.5605,1.34E-16,2962,san,san-Quija630-39,U,M,4,0.531,NA
6/30/20,11:19:47,3,27,1,40859,40878,1.909005939,2.409505,2.243580659,20.7235,13.74789,23.6525,39.8485,17.609,0.447118182,2963,san,san-Quija630-39,U,M,4,0.512,NA
6/30/20,11:24:47,4,28,1,41144,41163,1.664550734,2.10443,1.958923504,20.695,13.805675,23.6425,40.0285,17.4745,6.36E-05,2964,san,san-Quija630-39,U,M,4,0.469,NA
6/30/20,11:34:47,5,30,1,41739,41758,2.143236322,2.586005,2.460985238,21.21,13.763065,23.64,40.0645,17.5225,0.295059091,2965,san,san-Quija630-39,I,F,4,0.744,NA
6/30/20,11:39:47,6,31,1,42076,42095,1.663956373,2.006155,1.90420917,21.282,13.83774,23.64,39.98,17.523,-2.14E-15,2966,san,san-Quija630-39,I,F,4,0.884,NA
6/30/20,11:49:47,7,33,2,42633,42652,1.846081926,2.24744,2.162246147,20.794,13.82791,23.648,40.04,17.5585,0,2967,san,san-Quija630-39,I,F,4,0.999,NA
6/30/20,11:54:47,8,34,2,42895,42914,1.779855495,2.158625,2.090211465,20.7385,13.83648,23.64,40.18,17.498,0,2968,san,san-Quija630-39,I,F,4,1.107,NA
6/30/20,12:04:47,9,36,2,43540,43559,1.401194661,1.634875,1.572534684,21.7015,13.74624,23.648,40.38,17.5895,0,2969,san,san-Quija630-39,U,F,4,0.872,NA
6/30/20,12:09:47,10,37,2,43814,43833,1.713239522,2.049015,1.980263274,21.0705,13.75251,23.64,40.51,17.529,4.28E-15,2970,san,san-Quija630-39,U,F,4,0.908,NA
6/30/20,12:19:47,11,39,2,44407,44426,1.718676847,2.043325,1.974148025,21.2015,13.70833,23.62,40.58,17.5585,-1.07E-15,2971,san,san-Quija630-39,U,F,4,0.971,NA
6/30/20,12:24:47,12,40,2,44713,44732,1.774437493,2.15042,2.087197545,20.7035,13.80317,23.615,40.58,17.6055,0.2523,2972,san,san-Quija630-39,U,F,4,0.86,NA
6/30/20,12:34:47,13,42,2,45420,45439,1.603341526,1.896195,1.847522182,21.1335,13.76323,23.6005,40.2915,17.4475,0.062922727,2973,san,san-Quija630-39,I,M,4,0.557,NA
6/30/20,12:39:47,14,43,2,45639,45658,1.348333913,1.588335,1.549471079,21.1905,13.819005,23.6025,40.38,17.4795,0.029427273,2974,san,san-Quija630-39,I,M,4,0.524,NA
6/30/20,12:49:47,15,45,2,46324,46343,2.278584395,3.466445,3.425376587,16.199,13.84594,23.61,40.4885,17.5675,1.20265,2975,san,san-Quija630-39,I,M,4,0.623,bad flow
6/30/20,12:54:47,16,46,2,46580,46599,1.197498136,1.434525,1.386283538,21.0365,13.884155,23.618,40.6105,17.4525,-8.57E-15,2976,san,san-Quija630-39,I,M,4,0.595,NA
7/1/20,9:52:02,7,9,1,35522,35541,1.77263704,2.939835,2.08153634,20.7585,13.44052,23.89,35.455,17.7105,2.097022727,2983,san,san-Quija630-39,I,M,5,0.502,NA
7/1/20,9:57:02,8,10,1,35891,35910,2.332317856,3.46696,2.738443925,20.761,13.57051,23.9,35.541,17.703,1.821722727,2984,san,san-Quija630-39,I,M,5,0.507,NA
7/1/20,10:07:02,9,12,1,36569,36588,1.694458086,2.53377,1.910533485,21.6205,13.56369,23.92,36.0825,17.706,0,2985,san,san-Quija630-39,U,M,5,0.511,NA
7/1/20,10:12:02,10,13,1,36807,36826,2.136525796,3.045635,2.482593351,20.981,13.616235,23.94,36.6125,17.7155,1.126263636,2986,san,san-Quija630-39,U,M,5,0.542,NA
7/1/20,10:22:02,11,15,1,37352,37371,1.518088674,2.224855,1.744264721,21.2185,13.55225,23.96,37.75,17.7765,1.355163636,2987,san,san-Quija630-39,U,M,5,0.476,NA
7/1/20,10:27:02,12,16,1,37623,37642,1.443633695,2.078055,1.701242708,20.686,13.35924,23.918,37.6055,17.649,-4.28E-15,2988,san,san-Quija630-39,U,M,5,0.454,NA
7/1/20,10:37:02,13,18,1,38350,38369,1.583646186,2.07625,1.823055907,21.1585,13.09069,23.67,35.701,17.73,-1.34E-16,2989,san,san-Quija630-39,U,F,5,0.826,NA
7/1/20,10:42:02,14,19,1,38522,38541,1.785040435,2.268905,2.055182091,21.1505,13.01243,23.6,35.6,17.663,-1.34E-16,2990,san,san-Quija630-39,U,F,5,0.829,NA
7/1/20,10:52:02,15,21,1,39250,39269,1.750722419,2.755265,2.611660761,16.3085,13.108065,23.32,35.267,17.7815,0.049840909,2991,san,san-Quija630-39,U,F,5,0.932,bad flow
7/1/20,10:57:02,16,22,1,39444,39463,1.848933628,2.25971,2.139627749,21.02,13.09507,23.2775,35.3745,17.742,2.14E-15,2992,san,san-Quija630-39,U,F,5,0.926,NA
7/1/20,11:07:02,1,24,1,40031,40050,1.802413485,2.21137,2.118526335,20.6885,13.329105,23.18,35.4215,17.7425,2.68E-16,2977,san,san-Quija630-39,I,F,5,0.86,NA
7/1/20,11:12:02,2,25,1,40322,40341,1.649484752,1.994775,1.921586127,20.8735,13.430315,23.18,35.23,17.8365,0,2978,san,san-Quija630-39,I,F,5,0.798,NA
7/1/20,11:22:02,3,27,1,40992,41011,1.635169813,1.975235,1.919681854,20.714,13.43073,23.2,35.43,17.7465,2.14E-15,2979,san,san-Quija630-39,I,F,5,0.769,NA
7/1/20,11:27:02,4,28,1,41382,41401,1.864916868,2.239735,2.19627736,20.652,13.690295,23.2365,35.5785,17.805,-1.34E-16,2980,san,san-Quija630-39,I,F,5,0.951,NA
7/1/20,11:37:02,5,30,1,41832,41851,1.567358043,1.84705,1.802145583,21.16,13.794655,23.34,35.89,17.708,0.42665,2981,san,san-Quija630-39,I,M,5,0.452,NA
7/1/20,11:42:02,6,31,1,42281,42300,1.409486602,1.66763,1.617120612,21.2145,14.015665,23.46,35.699,17.553,0.000181818,2982,san,san-Quija630-39,I,M,5,0.524,NA
7/1/20,11:52:02,7,33,2,42724,42743,1.641715508,1.972345,1.924628127,20.769,13.77134,23.56,35.27,17.575,0.787413636,2983,san,san-Quija630-39,I,M,5,0.502,NA
7/1/20,11:57:02,8,34,2,43083,43102,2.318809619,2.76668,2.726944639,20.708,13.93819,23.62,34.8895,17.532,2.367986364,2984,san,san-Quija630-39,I,M,5,0.507,NA
7/1/20,12:07:02,9,36,2,43713,43732,2.020579681,2.320255,2.275913945,21.63,13.83353,23.7365,34.096,17.605,1.913577273,2985,san,san-Quija630-39,U,M,5,0.511,NA
7/1/20,12:12:02,10,37,2,43977,43996,2.174730864,2.579965,2.527151269,20.9685,13.941095,23.7965,33.92,17.6045,0.937659091,2986,san,san-Quija630-39,U,M,5,0.542,NA
7/1/20,12:22:03,11,39,2,44651,44670,1.705437489,2.003665,1.961029552,21.197,13.7694,23.87,33.1085,17.6435,0,2987,san,san-Quija630-39,U,M,5,0.476,NA
7/1/20,12:27:02,12,40,2,44906,44925,1.788377977,2.1407,2.111716293,20.6415,13.713295,23.87,32.7585,17.5805,0.9212,2988,san,san-Quija630-39,U,M,5,0.454,NA
7/1/20,12:37:02,13,42,2,45452,45471,1.534392653,1.78414,1.771104599,21.1125,13.44947,23.82,32.0005,17.694,5.36E-16,2989,san,san-Quija630-39,U,F,5,0.826,NA
7/1/20,12:42:02,14,43,2,45769,45788,1.843181031,2.111975,2.12153893,21.168,13.47094,23.7625,31.323,17.683,0.692631818,2990,san,san-Quija630-39,U,F,5,0.829,NA
7/1/20,12:52:02,15,45,2,46483,46502,1.816008072,2.691165,2.717708196,16.2755,13.499675,23.6685,30.938,17.62,0,2991,san,san-Quija630-39,U,F,5,0.932,bad flow
7/1/20,12:57:02,16,46,2,46630,46649,2.123884895,2.42719,2.457948811,21.045,13.412665,23.6475,31.352,17.622,0,2992,san,san-Quija630-39,U,F,5,0.926,NA
7/13/20,10:18:07,7,11,1,37220,37239,2.757288268,4.189015,3.300597681,20.342,12.495055,23.59,33.857,17.785,1.07E-15,2999,suz,DSuz,U,F,3,1.721,NA
7/13/20,10:23:07,8,12,1,37455,37474,3.157097756,4.60058,3.784828608,20.3165,12.49481,23.66,33.2145,17.8045,0,3000,suz,DSuz,U,F,3,1.732,NA
7/13/20,10:33:07,9,14,1,38046,38065,2.347667013,3.417695,2.688513563,21.2705,12.493235,23.69,31.4375,17.7745,-1.07E-15,3001,suz,DSuz,I,F,3,1.513,NA
7/13/20,10:38:07,10,15,1,38402,38421,3.210416862,4.40801,3.783049609,20.6695,12.491715,23.66,30.8025,17.918,-2.14E-15,3002,suz,DSuz,I,F,3,1.972,NA
7/13/20,10:48:07,11,17,1,39014,39033,2.497716871,3.485025,2.92183594,20.8145,12.494625,23.57,29.775,17.8905,2.68E-16,3003,suz,DSuz,I,F,3,1.164,NA
7/13/20,10:53:07,12,18,1,39222,39241,2.37599298,3.379375,2.853338991,20.2735,12.493555,23.5385,29.4595,17.962,-5.36E-16,3004,suz,DSuz,I,F,3,1.052,NA
7/13/20,11:03:07,13,20,1,39788,39807,1.617067665,2.38297,1.900427089,20.71,12.49334,23.45,29.2475,18.0385,2.68E-16,3005,suz,DSuz,I,M,3,0.713,NA
7/13/20,11:08:07,14,21,1,40231,40250,1.998884817,2.762835,2.34638107,20.7305,12.491565,23.394,28.88,17.9225,-1.07E-15,3006,suz,DSuz,I,M,3,1.044,NA
7/13/20,11:18:08,15,23,1,40765,40784,2.551537307,4.24101,3.849416167,16.127,12.49551,23.3425,28.674,17.9395,0,3007,suz,DSuz,I,M,3,1.104,bad flow
7/13/20,11:23:07,16,24,1,41030,41049,1.408844942,2.022955,1.658280062,20.6685,12.4937,23.3145,28.364,17.962,-1.07E-15,3008,suz,DSuz,I,M,3,0.728,NA
7/13/20,11:33:07,1,26,1,41661,41680,1.893750243,2.64943,2.274879224,20.247,12.490045,23.24,29.6245,16.38,-4.28E-15,2993,suz,DSuz,U,M,3,1.046,NA
7/13/20,11:38:07,2,27,1,41971,41990,2.04140331,2.838545,2.42930092,20.435,12.491595,23.195,29.3,17.911,0,2994,suz,DSuz,U,M,3,1.066,NA
7/13/20,11:48:07,3,29,1,42525,42544,1.717377449,2.460825,2.052992151,20.3415,12.489645,23.18,28.63,18.046,-5.36E-16,2995,suz,DSuz,U,M,3,1.076,NA
7/13/20,11:53:07,4,30,1,42911,42930,2.026128806,2.808975,2.42644501,20.305,12.488815,23.17,28.4265,18.016,3.43E-14,2996,suz,DSuz,U,M,3,1.076,NA
7/13/20,12:03:07,5,32,1,43537,43556,2.370742971,3.143735,2.776540386,20.758,12.49189,23.11,27.3655,18.035,0,2997,suz,DSuz,U,F,3,1.578,NA
7/13/20,12:08:07,6,33,1,43826,43845,2.613078986,3.40127,3.046848033,20.8495,12.490305,23.1,27.262,17.965,-5.36E-16,2998,suz,DSuz,U,F,3,1.647,NA
7/13/20,12:18:07,7,35,2,44420,44439,2.645426178,3.53197,3.161619349,20.346,12.49422,23.17,27.029,18.0115,0,2999,suz,DSuz,U,F,3,1.721,NA
7/13/20,12:23:07,8,36,2,44732,44751,2.583575262,3.483735,3.092849801,20.3155,12.493495,23.22,26.65,18.0755,1.07E-15,3000,suz,DSuz,U,F,3,1.732,NA
7/13/20,12:33:07,9,38,2,45203,45222,3.038903852,3.89533,3.495312652,21.156,12.494895,23.38,26.85,18.0015,-2.14E-15,3001,suz,DSuz,I,F,3,1.513,NA
7/13/20,12:38:07,10,39,2,45514,45533,3.044211577,4.023135,3.607044702,20.544,12.496495,23.49,26.5245,17.933,-4.28E-15,3002,suz,DSuz,I,F,3,1.972,NA
7/13/20,12:48:07,11,41,2,46191,46210,2.35580884,3.18881,2.769836848,20.718,12.49574,23.696,25.809,18.085,0,3003,suz,DSuz,I,F,3,1.164,NA
7/13/20,12:53:07,12,42,2,46401,46420,2.443057707,3.368485,2.953542554,20.153,12.493855,23.755,25.8265,17.995,8.57E-15,3004,suz,DSuz,I,F,3,1.052,NA
7/13/20,13:03:08,13,44,2,47081,47100,1.541249569,2.236715,1.820519214,20.6395,12.49357,23.94,26.01,18.0645,-1.61E-15,3005,suz,DSuz,I,M,3,0.713,NA
7/13/20,13:08:07,14,45,2,47381,47400,1.844795351,2.599995,2.17808508,20.652,12.494415,23.9875,24.8455,18.0235,1.07E-15,3006,suz,DSuz,I,M,3,1.044,NA
7/13/20,13:18:07,15,47,2,47925,47944,2.611892493,4.35255,3.951858901,16.114,12.49376,23.96,24.42,18.035,-2.14E-15,3007,suz,DSuz,I,M,3,1.104,bad flow
7/13/20,13:23:07,16,48,2,48236,48255,1.60308686,2.252595,1.893971297,20.631,12.494995,23.8815,24.38,18.011,1.71E-14,3008,suz,DSuz,I,M,3,0.728,NA
7/24/20,9:57:36,7,9,1,35959,35978,1.988750417,2.974465,2.190301271,22.131,12.495305,23.8745,49.72,17.48,2.68E-16,3015,suz,DSuz,I,M,3,0.757,NA
7/24/20,10:02:36,8,10,1,36304,36323,1.889808612,2.72473,2.082792086,22.1115,12.49354,23.82,49.63,17.596,2.68E-16,3016,suz,DSuz,I,M,3,0.814,NA
7/24/20,10:12:36,9,12,1,36882,36901,2.494284505,3.20277,2.629440721,23.1105,12.49492,23.74,49.82,17.5635,-5.36E-16,3017,suz,DSuz,U,F,3,1.024,NA
7/24/20,10:17:36,10,13,1,37060,37079,3.037694585,3.8368,3.305093661,22.391,12.495615,23.73,49.862,17.5995,2.14E-15,3018,suz,DSuz,U,F,3,1.493,NA
7/24/20,10:27:36,11,15,1,37793,37812,2.89395967,3.576685,3.128204435,22.533,12.495055,23.6675,50.23,17.5155,-2.68E-16,3019,suz,DSuz,U,F,3,1.774,NA
7/24/20,10:32:36,12,16,1,37988,38007,2.229678765,2.893185,2.477284284,21.921,12.49456,23.65,50.1,17.512,4.28E-15,3020,suz,DSuz,U,F,3,1.022,NA
7/24/20,10:42:36,13,18,1,38573,38592,2.22768409,2.78775,2.413308112,22.479,12.495255,23.61,50.46,17.5015,-8.57E-15,3021,suz,DSuz,U,M,3,0.839,NA
7/24/20,10:47:36,14,19,1,38860,38879,2.126043356,2.63913,2.300902728,22.501,12.49477,23.604,50.66,17.556,0,3022,suz,DSuz,U,M,3,1.022,NA
7/24/20,10:57:36,15,21,1,39612,39631,1.800447884,2.86058,2.5707846,17.054,12.49475,23.592,50.9795,17.499,0.038577273,3023,suz,DSuz,U,M,3,0.848,bad flow
7/24/20,11:02:36,16,22,1,39826,39845,1.796682982,2.22728,1.958133937,22.3435,12.49511,23.6,50.9865,17.685,4.28E-15,3024,suz,DSuz,U,M,3,0.834,NA
7/24/20,11:12:36,1,24,1,40363,40382,2.109420626,2.59113,2.344558914,21.909,12.49516,23.6,50.63,17.686,-2.14E-15,3009,suz,DSuz,I,F,3,1.137,NA
7/24/20,11:17:36,2,25,1,40679,40698,1.894556207,2.295325,2.078788963,22.194,12.49443,23.61,51.054,17.6155,-4.28E-15,3010,suz,DSuz,I,F,3,0.967,NA
7/24/20,11:27:36,3,27,1,41358,41377,1.552063279,1.89768,1.71807971,22.001,12.49575,23.64,49.747,17.591,0,3011,suz,DSuz,I,F,3,0.682,NA
7/24/20,11:32:36,4,28,1,41569,41588,1.61247732,1.94454,1.785913265,21.9895,12.49522,23.64,49.2715,17.7305,1.34E-16,3012,suz,DSuz,I,F,3,0.836,NA
7/24/20,11:42:36,5,30,1,42193,42212,1.62908717,1.89578,1.758728108,22.5595,12.493295,23.6425,46.562,17.6915,-2.14E-15,3013,suz,DSuz,I,M,3,0.927,NA
7/24/20,11:47:36,6,31,1,42456,42475,1.821719335,2.08815,1.960605009,22.6295,12.492575,23.64,45.8555,17.6785,0,3014,suz,DSuz,I,M,3,0.71,NA
7/24/20,11:57:36,7,33,2,43169,43188,2.589665604,2.972945,2.855533607,22.0885,12.496865,23.66,43.4995,17.6455,0.303618182,3015,suz,DSuz,I,M,3,0.757,NA
7/24/20,12:02:36,8,34,2,43445,43464,1.898329478,2.21346,2.100608611,22.012,12.495075,23.671,43.001,17.6895,8.57E-15,3016,suz,DSuz,I,M,3,0.814,NA
7/24/20,12:12:36,9,36,2,44115,44134,2.13102323,2.348585,2.251039411,23.0595,12.4946,23.69,41.512,17.6305,2.14E-15,3017,suz,DSuz,U,F,3,1.024,NA
7/24/20,12:17:36,10,37,2,44416,44435,2.477601996,2.786865,2.703900746,22.3205,12.493565,23.6985,41.14,17.736,1.71E-14,3018,suz,DSuz,U,F,3,1.493,NA
7/24/20,12:27:36,11,39,2,45015,45034,2.594245073,2.883355,2.803206516,22.544,12.492985,23.7035,40.891,17.666,2.14E-15,3019,suz,DSuz,U,F,3,1.774,NA
7/24/20,12:32:35,12,40,2,45283,45302,2.011295031,2.31353,2.235569699,21.9165,12.49488,23.71,40.8055,17.6965,-8.57E-15,3020,suz,DSuz,U,F,3,1.022,NA
7/24/20,12:42:36,13,42,2,45773,45792,2.036219479,2.292535,2.218175533,22.365,12.495205,23.75,39.77,17.715,0.692513636,3021,suz,DSuz,U,M,3,0.839,NA
7/24/20,12:47:36,14,43,2,46094,46113,1.684376294,1.898465,1.83123508,22.415,12.495865,23.82,38.911,17.7765,-4.28E-15,3022,suz,DSuz,U,M,3,1.022,NA
7/24/20,12:57:36,15,45,2,46755,46774,1.618403476,2.383735,2.319862126,17.01,12.49461,23.98,37.327,17.577,4.28E-15,3023,suz,DSuz,U,M,3,0.848,bad flow
7/24/20,13:02:36,16,46,2,47057,47076,1.736816488,1.966825,1.903528865,22.2555,12.49431,24.08,36.09,17.632,0.573159091,3024,suz,DSuz,U,M,3,0.834,NA
7/24/20,13:12:36,1,48,2,47564,47583,2.137754618,2.46009,2.386307963,21.8615,12.49658,24.2335,35.1485,17.531,1.71E-14,3009,suz,DSuz,I,F,3,1.137,NA
7/24/20,13:17:36,2,49,2,47856,47875,2.052417504,2.361295,2.264966912,22.119,12.49585,24.3195,34.98,17.5785,0.622259091,3010,suz,DSuz,I,F,3,0.967,NA
7/27/20,10:51:24,7,9,1,39170,39189,1.592612975,2.998315,1.766627024,21.9505,12.49573,23.57,36.99,0.058,6.69E-17,3031,suz,DSuz,U,M,3,0.891,NA
7/27/20,10:56:24,8,10,1,39411,39430,0.6646319,1.882635,0.739479803,21.8835,12.49368,23.56,37.22,0.053,6.69E-17,3032,suz,DSuz,U,M,3,NA,NA
7/27/20,11:06:23,9,12,1,39997,40016,2.991904797,4.23045,3.177261461,22.9245,12.496975,23.52,37.019,0.0555,-2.14E-15,3033,suz,DSuz,U,F,3,1.179,NA
7/27/20,11:11:24,10,13,1,40287,40306,3.492503288,4.813865,3.836699785,22.16,12.49388,23.51,36.915,0.0625,1.07E-15,3034,suz,DSuz,U,F,3,1.682,NA
7/27/20,11:21:24,11,15,1,41033,41052,2.879759769,4.02017,3.134821949,22.361,12.49424,23.48,37.14,0.0725,6.69E-17,3035,suz,DSuz,U,F,3,1.388,NA
7/27/20,11:26:24,12,16,1,41218,41237,3.923933177,5.237715,4.384364503,21.7845,12.49592,23.47,37.1995,0.0755,0,3036,suz,DSuz,U,F,3,1.767,NA
7/27/20,11:36:24,13,18,1,41784,41803,2.30867186,3.32866,2.523944937,22.2645,12.495365,23.47,37.3965,0.076,2.68E-16,3037,suz,DSuz,I,M,3,0.994,NA
7/27/20,11:41:24,14,19,1,42090,42109,2.811588676,3.81346,3.068289436,22.3035,12.494435,23.46,37.312,0.068,-2.68E-16,3038,suz,DSuz,I,M,3,1.148,NA
7/27/20,11:51:23,15,21,1,42763,42782,2.077500332,3.661215,2.977600335,16.983,12.49398,23.475,36.7115,0.0785,1.07E-15,3039,suz,DSuz,I,M,3,0.978,bad flow
7/27/20,11:56:24,16,22,1,43143,43162,2.941796251,3.858935,3.229617793,22.1735,12.49445,23.49,36.64,0.075,0,3040,suz,DSuz,I,M,3,1.117,NA
7/27/20,12:06:24,1,24,1,43695,43714,2.685813798,3.60538,2.999475309,21.7975,12.49608,23.5,36.94,0.0875,-5.36E-16,3025,suz,DSuz,I,F,3,1.293,NA
7/27/20,12:11:24,2,25,1,43913,43932,2.886741703,3.774685,3.188772022,22.038,12.49443,23.51,37.077,0.089,2.68E-16,3026,suz,DSuz,I,F,3,1.306,NA
7/27/20,12:21:24,3,27,1,44499,44518,2.186988222,3.000135,2.438333749,21.8365,12.495915,23.5375,37.397,0.0965,0.116459091,3027,suz,DSuz,I,F,3,1.417,NA
7/27/20,12:26:23,4,28,1,44943,44962,2.1181525,2.887365,2.360342819,21.849,12.495685,23.55,37.36,0.1045,-1.07E-15,3028,suz,DSuz,I,F,3,0.909,NA
7/27/20,12:36:23,5,30,1,45541,45560,2.123439299,2.81959,2.313547413,22.348,12.49506,23.57,37.62,0.1135,-5.36E-16,3029,suz,DSuz,U,M,3,1.064,NA
7/27/20,12:41:23,6,31,1,45773,45792,1.916384656,2.565525,2.07581154,22.478,12.493965,23.57,37.62,0.1,0,3030,suz,DSuz,U,M,3,1.003,NA
7/27/20,12:51:23,7,33,2,46283,46302,1.498575064,2.136015,1.660348003,21.977,12.495035,23.575,37.572,0.1115,-2.68E-16,3031,suz,DSuz,U,M,3,0.891,NA
7/27/20,12:56:23,8,34,2,46584,46603,0.399385736,0.90025,0.444225688,21.8925,12.493705,23.5845,37.707,0.0975,6.69E-17,3032,suz,DSuz,U,M,3,NA,NA
7/27/20,13:06:23,9,36,2,47312,47331,2.558238868,3.15518,2.720796806,22.895,12.49663,23.59,37.59,0.095,-8.57E-15,3033,suz,DSuz,U,F,3,1.179,NA
7/27/20,13:11:23,10,37,2,47557,47576,3.057181947,3.779205,3.354911001,22.1895,12.495105,23.59,37.49,17.605,4.28E-15,3034,suz,DSuz,U,F,3,1.682,NA
7/27/20,13:21:23,11,39,2,48083,48102,2.764745874,3.42354,3.007907121,22.381,12.49358,23.58,37.757,17.495,0.790877273,3035,suz,DSuz,U,F,3,1.388,NA
7/27/20,13:26:23,12,40,2,48430,48449,3.603323947,4.432245,4.029282023,21.7755,12.494955,23.58,38.35,17.4395,0.161195455,3036,suz,DSuz,U,F,3,1.767,NA
7/27/20,13:36:23,13,42,2,48983,49002,1.973866731,2.550425,2.156307062,22.2895,12.495035,23.58,38.29,17.3945,2.14E-15,3037,suz,DSuz,I,M,3,0.994,NA
7/27/20,13:41:23,14,43,2,49288,49307,2.184693719,2.76849,2.384669605,22.3085,12.49528,23.59,38.22,17.436,1.07E-15,3038,suz,DSuz,I,M,3,1.148,NA
7/27/20,13:51:23,15,45,2,49947,49966,1.74686051,2.889175,2.511020749,16.942,12.495495,23.622,39.0955,17.4885,1.07E-15,3039,suz,DSuz,I,M,3,0.978,bad flow
7/27/20,13:56:23,16,46,2,50312,50331,2.259232841,2.8598,2.481857436,22.1705,12.494595,23.6485,39.652,17.494,-2.14E-15,3040,suz,DSuz,I,M,3,1.117,NA
8/5/20,10:12:58,7,9,1,36785,36804,1.866182747,3.448075,2.091604172,21.6765,12.491095,22.91,38.9,0.032,0.238354545,3047,sim198,DSim,U,M,5,0.52,NA
8/5/20,10:17:58,8,10,1,37078,37097,1.565388734,3.0095,1.758930122,21.622,12.491035,22.92,39.0005,0.0395,0.112563636,3048,sim198,DSim,U,M,5,0.434,NA
8/5/20,10:27:58,9,12,1,37836,37855,1.478387317,2.70677,1.587263272,22.632,12.490515,22.958,39.084,17.6725,0.843590909,3049,sim198,DSim,U,F,5,0.506,NA
8/5/20,10:32:58,10,13,1,38114,38133,1.606074332,2.8324,1.780386479,21.9205,12.489735,22.97,38.83,17.7115,-1.34E-16,3050,sim198,DSim,U,F,5,0.677,NA
8/5/20,10:42:58,11,15,1,38703,38722,1.794350054,2.96766,1.974073286,22.0895,12.4907,23,38.5905,17.615,0,3051,sim198,DSim,U,F,5,0.943,NA
8/5/20,10:47:58,12,16,1,38929,38948,2.257215532,3.50066,2.551734822,21.4985,12.491695,23.02,38.7895,17.674,-8.57E-15,3052,sim198,DSim,U,F,5,0.855,NA
8/5/20,10:57:58,13,18,1,39478,39497,1.167668374,2.19788,1.2887211,22.0235,12.491635,23.07,38.1735,17.614,-1.71E-14,3053,sim198,DSim,I,M,5,0.451,NA
8/5/20,11:02:58,14,19,1,39831,39850,1.248393902,2.243265,1.378670276,22.0125,12.492175,23.09,37.999,17.1185,6.43E-15,3054,sim198,DSim,I,M,5,0.527,NA
8/5/20,11:12:58,15,21,1,40462,40481,1.429090412,2.905215,2.09072384,16.6175,12.489995,23.11,37.6255,17.76,-3.43E-14,3055,sim198,DSim,I,M,5,0.525,bad flow
8/5/20,11:17:58,16,22,1,40831,40850,1.293781573,2.188225,1.434910277,21.9215,12.49315,23.13,37.536,17.8065,1.07E-15,3056,sim198,DSim,I,M,5,0.548,NA
8/5/20,11:27:58,1,24,1,41438,41457,1.823083747,2.77942,2.058084983,21.538,12.491595,23.15,37.9725,17.782,8.57E-15,3041,sim198,DSim,I,F,5,0.889,NA
8/5/20,11:32:58,2,25,1,41709,41728,2.183668948,3.136125,2.442165358,21.741,12.491535,23.1525,37.8465,17.8125,-3.43E-14,3042,sim198,DSim,I,F,5,0.975,NA
8/5/20,11:42:58,3,27,1,42198,42217,2.395604032,3.373775,2.697172853,21.598,12.492,23.18,37.4215,17.765,-2.14E-15,3043,sim198,DSim,I,F,5,0.971,NA
8/5/20,11:47:58,4,28,1,42522,42541,1.622852737,2.48011,1.832696837,21.5325,12.491815,23.18,37.38,17.6925,0,3044,sim198,DSim,I,F,5,0.719,NA
8/5/20,11:57:58,5,30,1,43127,43146,1.274061185,2.030935,1.403484608,22.0745,12.491555,23.18,37.68,17.7905,6.86E-14,3045,sim198,DSim,U,M,5,0.483,NA
8/5/20,12:02:58,6,31,1,43469,43488,1.401048274,2.14706,1.536195257,22.18,12.49329,23.21,37.643,17.689,-6.86E-14,3046,sim198,DSim,U,M,5,0.422,NA
8/5/20,12:12:58,7,33,2,43982,44001,1.314878603,2.08008,1.477697086,21.643,12.49206,23.25,37.79,17.728,6.86E-14,3047,sim198,DSim,U,M,5,0.52,NA
8/5/20,12:17:58,8,34,2,44293,44312,1.828267603,2.64911,2.057617653,21.6125,12.49338,23.2675,37.764,17.8,0.954459091,3048,sim198,DSim,U,M,5,0.434,NA
8/5/20,12:27:58,9,36,2,44878,44897,1.287923035,1.96334,1.384055023,22.6375,12.49454,23.304,37.4265,17.768,-1.71E-14,3049,sim198,DSim,U,F,5,0.506,NA
8/5/20,12:32:58,10,37,2,45210,45229,1.4570943,2.180035,1.618175802,21.9065,12.49159,23.32,37.49,17.79,-2.68E-16,3050,sim198,DSim,U,F,5,0.677,NA
8/5/20,12:42:58,11,39,2,45778,45797,1.730513101,2.45301,1.904052572,22.114,12.495175,23.36,37.853,17.794,-1.71E-14,3051,sim198,DSim,U,F,5,0.943,NA
8/5/20,12:47:58,12,40,2,46212,46231,2.013764992,2.806985,2.277079228,21.5195,12.493005,23.381,38.24,17.761,8.57E-15,3052,sim198,DSim,U,F,5,0.855,NA
8/5/20,12:57:58,13,42,2,46719,46738,1.202071165,1.856915,1.332078394,21.96,12.49282,23.4,38.271,0.031,0.124486364,3053,sim198,DSim,I,M,5,0.451,NA
8/5/20,13:02:58,14,43,2,46988,47007,1.558555019,2.242595,1.723297415,22.01,12.494035,23.41,38.2905,0.0355,0.503959091,3054,sim198,DSim,I,M,5,0.527,NA
8/5/20,13:12:58,15,45,2,47710,47729,1.736478721,3.05452,2.550543422,16.571,12.49413,23.46,38.314,0.037,0.444772727,3055,sim198,DSim,I,M,5,0.525,bad flow
8/5/20,13:17:58,16,46,2,47913,47932,1.857571996,2.561355,2.066722412,21.8775,12.494475,23.47,38.46,0.0365,1.445063636,3056,sim198,DSim,I,M,5,0.548,NA
8/5/20,13:27:58,1,48,2,48513,48532,1.806448246,2.535305,2.046831951,21.4845,12.493355,23.5,39.4715,0.034,-3.43E-14,3041,sim198,DSim,I,F,5,0.889,NA
8/5/20,13:32:58,2,49,2,48877,48896,2.341590996,3.11111,2.622567401,21.7365,12.49516,23.52,39.9495,0.031,1.240386364,3042,sim198,DSim,I,F,5,0.975,NA
8/5/20,13:42:58,3,51,2,49408,49427,2.394857804,3.19257,2.706324231,21.545,12.493155,23.548,40.7405,0.0335,0,3043,sim198,DSim,I,F,5,0.971,NA
8/5/20,13:47:58,4,52,2,49678,49697,1.514934109,2.19718,1.714845084,21.51,12.49211,23.5625,40.6265,0.0345,-3.43E-14,3044,sim198,DSim,I,F,5,0.719,NA
8/5/20,13:57:58,5,54,2,50438,50457,1.621947703,2.26589,1.792194307,22.0395,12.49311,23.619,40.7195,0.036,0.483818182,3045,sim198,DSim,U,M,5,0.483,NA
8/5/20,14:02:58,6,55,2,50734,50753,1.454285295,2.069705,1.60233223,22.1045,12.492365,23.6495,40.635,0.033,0.556586364,3046,sim198,DSim,U,M,5,0.422,NA
8/7/20,10:56:38,7,10,1,39407,39426,1.462398615,3.060855,1.649613792,21.5485,12.48562,23.062,29.6545,18.0095,-2.68E-16,3063,sim198,DSim,U,M,4,0.524,NA
8/7/20,11:01:38,8,11,1,39719,39738,1.471076846,2.966945,1.660265507,21.546,12.48788,23.1795,29.58,18.0765,0,3064,sim198,DSim,U,M,4,0.526,NA
8/7/20,11:11:38,9,13,1,40458,40477,2.584974759,3.978255,2.800053773,22.462,12.488305,23.3515,29.047,18.012,0,3065,sim198,DSim,I,F,4,0.948,NA
8/7/20,11:16:38,10,14,1,40723,40742,2.037125702,3.37447,2.268318485,21.8525,12.488715,23.37,29.04,18.101,0.688354545,3066,sim198,DSim,I,F,4,0.728,NA
8/7/20,11:26:38,11,16,1,41287,41306,2.103124639,3.36496,2.321016679,22.049,12.487795,23.38,28.88,17.9805,2.14E-15,3067,sim198,DSim,I,F,4,0.932,NA
8/7/20,11:31:38,12,17,1,41585,41604,2.046183645,3.29457,2.318967939,21.4705,12.487765,23.375,28.8745,17.736,0.071245455,3068,sim198,DSim,I,F,4,0.974,NA
8/7/20,11:41:38,13,19,1,42166,42185,1.874614365,3.00007,2.081913065,21.91,12.48629,23.3745,29.04,17.5665,0,3069,sim198,DSim,U,F,4,0.912,NA
8/7/20,11:46:38,14,20,1,42557,42576,1.82554129,2.863425,2.021538099,21.974,12.48765,23.379,29.04,17.629,-8.57E-15,3070,sim198,DSim,U,F,4,0.757,NA
8/7/20,11:56:38,15,22,1,43153,43172,1.768227199,3.3764,2.572369556,16.7265,12.48815,23.38,29.343,17.738,2.14E-15,3071,sim198,DSim,U,F,4,0.758,bad flow
8/7/20,12:01:38,16,23,1,43396,43415,1.482970603,2.42554,1.652094487,21.843,12.48702,23.388,29.242,17.7405,0,3072,sim198,DSim,U,F,4,0.625,NA
8/7/20,12:11:38,1,25,1,44046,44065,1.685770127,2.65158,1.91449252,21.427,12.485425,23.39,29.486,17.567,0,3057,sim198,DSim,I,M,4,0.64,NA
8/7/20,12:16:38,2,26,1,44352,44371,1.175940238,2.02895,1.322031101,21.646,12.486355,23.4,29.59,17.778,0,3058,sim198,DSim,I,M,4,0.498,NA
8/7/20,12:26:38,3,28,1,44816,44835,1.267100397,2.133435,1.432751632,21.522,12.487595,23.41,29.51,17.774,1.07E-15,3059,sim198,DSim,I,M,4,0.525,NA
8/7/20,12:31:38,4,29,1,45113,45132,1.264510732,2.121,1.429795227,21.5225,12.486195,23.41,29.44,17.8265,0.473186364,3060,sim198,DSim,I,M,4,0.496,NA
8/7/20,12:41:38,5,31,1,45756,45775,1.165228919,1.96287,1.289785986,21.9915,12.48739,23.49,29.6465,17.7105,0.252145455,3061,sim198,DSim,U,M,4,0.414,NA
8/7/20,12:46:38,6,32,1,46016,46035,1.248025123,2.03413,1.379336084,22.0295,12.48862,23.55,29.6815,17.672,-4.28E-15,3062,sim198,DSim,U,M,4,0.468,NA
8/7/20,12:56:38,7,34,2,46604,46623,1.25641729,2.063355,1.422284192,21.5185,12.4905,23.6975,29.4215,17.6805,3.21E-15,3063,sim198,DSim,U,M,4,0.524,NA
8/7/20,13:01:38,8,35,2,46929,46948,1.202698291,1.997425,1.363707126,21.488,12.490885,23.7625,29.422,17.643,0,3064,sim198,DSim,U,M,4,0.526,NA
8/7/20,13:11:38,9,37,2,47515,47534,1.927234643,2.712415,2.09012733,22.477,12.49121,23.9115,29.576,17.6825,2.68E-16,3065,sim198,DSim,I,F,4,0.948,NA
8/7/20,13:16:37,10,38,2,47907,47926,1.648739973,2.44874,1.848652436,21.748,12.491395,24.009,29.41,17.7675,-1.71E-14,3066,sim198,DSim,I,F,4,0.728,NA
8/7/20,13:26:38,11,40,2,48434,48453,1.821441878,2.612465,2.022694943,21.9675,12.49122,24.1275,29.304,17.7535,8.64E-05,3067,sim198,DSim,I,F,4,0.932,NA
8/7/20,13:31:38,12,41,2,48818,48837,1.978529597,2.829155,2.255374228,21.4055,12.491655,24.2,29.12,17.719,8.57E-15,3068,sim198,DSim,I,F,4,0.974,NA
8/7/20,13:41:38,13,43,2,49428,49447,1.743387247,2.48629,1.94392114,21.8885,12.493285,24.27,28.89,17.6425,-1.71E-14,3069,sim198,DSim,U,F,4,0.912,NA
8/7/20,13:46:38,14,44,2,49754,49773,1.806164762,2.51264,2.007143427,21.9615,12.48932,24.26,28.848,17.7595,-8.57E-15,3070,sim198,DSim,U,F,4,0.757,NA
8/7/20,13:56:38,15,46,2,50205,50224,1.737490417,3.02382,2.531828902,16.7455,12.48925,24.206,28.828,17.743,0,3071,sim198,DSim,U,F,4,0.758,bad flow
8/7/20,14:01:38,16,47,2,50631,50650,1.522648439,2.15478,1.700525512,21.8445,12.48876,24.15,28.6705,17.788,-4.28E-15,3072,sim198,DSim,U,F,4,0.625,NA
8/10/20,10:10:42,5,7,1,36642,36661,2.029037488,4.13653,2.769285681,17.81,12.496405,23.07,36.011,18.133,0.002354545,3077,sim198,DSim,I,M,3,0.557,NA
8/10/20,10:15:42,6,8,1,36942,36961,1.966284261,3.91107,2.67139726,17.891,12.49511,23.06,35.91,18.0935,2.14E-15,3078,sim198,DSim,I,M,3,0.574,NA
8/10/20,10:25:42,7,10,1,37549,37568,1.872677042,3.731895,2.605449596,17.469,12.493765,23.03,35.91,18.048,0,3079,sim198,DSim,I,M,3,0.535,NA
8/10/20,10:30:42,8,11,1,37847,37866,1.665420765,3.352045,2.315434902,17.481,12.49448,23.022,35.9185,18.1135,0,3080,sim198,DSim,I,M,3,0.592,NA
8/10/20,10:40:42,9,13,1,38442,38461,1.244416365,2.634075,1.669433548,18.117,12.49565,23.03,35.94,18.139,2.14E-15,3081,sim198,DSim,U,F,3,0.792,NA
8/10/20,10:45:42,10,14,1,38773,38792,1.829211013,3.416485,2.509812799,17.7135,12.495565,23.03,36.0285,18.0805,8.57E-15,3082,sim198,DSim,U,F,3,0.781,NA
8/10/20,10:55:42,11,16,1,39428,39447,2.199915528,3.849105,3.003603983,17.8025,12.49503,23.05,35.87,18.1485,4.28E-15,3083,sim198,DSim,U,F,3,0.832,NA
8/10/20,11:00:42,12,17,1,39660,39679,1.874267717,3.43183,2.626070602,17.3465,12.494745,23.03,35.9725,18.0365,0,3084,sim198,DSim,U,F,3,0.643,NA
8/10/20,11:10:42,13,19,1,40313,40332,2.037676444,3.54531,2.798055757,17.701,12.494705,23.0525,36.01,18.1715,2.14E-15,3085,sim198,DSim,I,F,3,0.838,NA
8/10/20,11:15:42,14,20,1,40596,40615,1.964318707,3.398695,2.697630439,17.6995,12.493995,23.06,35.94,18.0905,2.14E-15,3086,sim198,DSim,I,F,3,0.796,NA
8/10/20,11:25:42,15,22,1,41142,41161,1.832166592,3.76342,3.095242611,14.3885,12.495375,23.07,36.1075,18.074,0,3087,sim198,DSim,I,F,3,0.724,bad flow
8/10/20,11:30:41,16,23,1,41508,41527,1.914773677,3.262825,2.634316656,17.669,12.496685,23.08,36.334,18.132,-4.28E-15,3088,sim198,DSim,I,F,3,0.702,NA
8/10/20,11:40:41,1,25,1,42179,42198,1.561278771,2.78136,2.186662013,17.357,12.495085,23.09,36.77,18.1595,2.14E-15,3073,sim198,DSim,U,M,3,0.507,NA
8/10/20,11:45:41,2,26,1,42388,42407,1.321352823,2.40948,1.832518384,17.5285,12.493115,23.09,36.6005,18.1655,0,3074,sim198,DSim,U,M,3,0.498,NA
8/10/20,11:55:41,3,28,1,43016,43035,1.164053858,2.18118,1.624138181,17.4225,12.49462,23.08,35.633,18.102,1.29E-14,3075,sim198,DSim,U,M,3,0.509,NA
8/10/20,12:00:41,4,29,1,43401,43420,1.363920764,2.44393,1.904818596,17.4055,12.494825,23.08,35.18,18.174,8.57E-15,3076,sim198,DSim,U,M,3,0.473,NA
8/10/20,12:10:42,5,31,2,43965,43984,1.431840941,2.48694,1.954846595,17.805,12.495875,23.08,34.957,18.1665,0,3077,sim198,DSim,I,M,3,0.557,NA
8/10/20,12:15:41,6,32,2,44141,44160,1.286458192,2.27753,1.750019957,17.8695,12.494275,23.08,34.8915,18.2295,4.28E-15,3078,sim198,DSim,I,M,3,0.574,NA
8/10/20,12:25:41,7,34,2,44748,44767,1.486685554,2.582315,2.066043453,17.492,12.493315,23.08,34.3555,18.0835,2.27E-05,3079,sim198,DSim,I,M,3,0.535,NA
8/10/20,12:30:41,8,35,2,45197,45216,1.321738706,2.34143,1.847606504,17.391,12.492745,23.1,34.38,18.1405,0,3080,sim198,DSim,I,M,3,0.592,NA
8/10/20,12:40:41,9,37,2,45641,45660,1.038343846,1.89477,1.399702195,18.039,12.493895,23.18,34.165,18.218,0,3081,sim198,DSim,U,F,3,0.792,NA
8/10/20,12:45:41,10,38,2,45945,45964,1.883255585,3.099105,2.599531775,17.622,12.495775,23.27,33.963,18.1205,-8.57E-15,3082,sim198,DSim,U,F,3,0.781,NA
8/10/20,12:55:41,11,40,2,46701,46720,2.062908924,3.33901,2.835455849,17.7135,12.49667,23.549,33.9905,18.108,0,3083,sim198,DSim,U,F,3,0.832,NA
8/10/20,13:00:41,12,41,2,46841,46860,1.71730554,2.925855,2.421561852,17.269,12.494785,23.594,33.8015,18.1115,0.668409091,3084,sim198,DSim,U,F,3,0.643,NA
8/10/20,13:10:41,13,43,2,47503,47522,2.06959243,3.361055,2.858154191,17.646,12.49496,23.82,33.12,18.2125,0.056627273,3085,sim198,DSim,I,F,3,0.838,NA
8/10/20,13:15:41,14,44,2,47796,47815,1.906233966,3.13499,2.635576499,17.631,12.49567,23.91,32.82,18.084,0.028236364,3086,sim198,DSim,I,F,3,0.796,NA
8/10/20,13:25:41,15,46,2,48501,48520,2.150107094,4.144395,3.661702354,14.3255,12.49368,24.154,32.91,0.036,0.790204545,3087,sim198,DSim,I,F,3,0.724,bad flow
8/10/20,13:30:41,16,47,2,48726,48745,1.932045843,3.152355,2.681585767,17.582,12.494135,24.23,33.09,18.4595,0.011045455,3088,sim198,DSim,I,F,3,0.702,NA
8/10/20,13:40:41,1,49,2,49318,49337,1.623309354,2.69367,2.27567891,17.407,12.49372,24.2225,32.53,18.1945,-1.71E-14,3073,sim198,DSim,U,M,3,0.507,NA
8/10/20,13:45:41,2,50,2,49541,49560,1.337174018,2.227255,1.861423491,17.526,12.495845,24.16,32.643,18.1715,0,3074,sim198,DSim,U,M,3,0.498,NA
8/11/20,11:27:20,7,9,1,41321,41340,1.77929458,3.996395,2.491515161,17.3645,12.493595,23.157,37.785,17.6215,-1.07E-15,3095,sim198,DSim,I,M,4,0.531,NA
8/11/20,11:32:20,8,10,1,41597,41616,1.568818386,3.62161,2.193895475,17.388,12.49556,23.17,37.928,18.122,-1.34E-16,3096,sim198,DSim,I,M,4,0.488,NA
8/11/20,11:42:20,9,12,1,42155,42174,2.469583612,4.70516,3.340717398,17.976,12.493155,23.18,37.8275,18.3135,-2.14E-15,3097,sim198,DSim,U,F,4,0.802,NA
8/11/20,11:47:20,10,13,1,42557,42576,2.521639289,4.76896,3.493037156,17.5585,12.49617,23.25,37.947,18.1725,-1.07E-15,3098,sim198,DSim,U,F,4,0.916,NA
8/11/20,11:57:20,11,15,1,43079,43098,2.543171542,4.72586,3.496768149,17.692,12.496475,23.29,37.7945,18.211,-2.14E-15,3099,sim198,DSim,U,F,4,0.858,NA
8/11/20,12:02:20,12,16,1,43396,43415,2.303353394,4.40381,3.241072884,17.289,12.494505,23.31,37.55,18.061,4.02E-16,3100,sim198,DSim,U,F,4,0.804,NA
8/11/20,12:12:20,13,18,1,44100,44119,1.705662081,3.447815,2.351817537,17.646,12.49568,23.35,37.651,18.177,-1.71E-14,3101,sim198,DSim,U,M,4,0.413,NA
8/11/20,12:17:20,14,19,1,44261,44280,1.810419817,3.567555,2.495461019,17.6525,12.496335,23.36,37.6,18.104,6.36E-05,3102,sim198,DSim,U,M,4,0.445,NA
8/11/20,12:27:20,15,21,1,44962,44981,1.399860326,3.414905,2.407886046,14.1475,12.495275,23.4,37.8,18.126,2.14E-15,3103,sim198,DSim,U,M,4,0.441,bad flow
8/11/20,12:32:20,16,22,1,45173,45192,1.349867255,2.840835,1.870039146,17.5665,12.492635,23.41,37.73,18.165,2.14E-15,3104,sim198,DSim,U,M,4,0.441,NA
8/11/20,12:42:20,1,24,1,45841,45860,1.81902643,3.479945,2.558448121,17.304,12.493795,23.4375,37.4045,18.165,1.07E-15,3089,sim198,DSim,I,F,4,0.796,NA
8/11/20,12:47:20,2,25,1,46063,46082,1.758769565,3.350645,2.454059843,17.4425,12.49508,23.4375,36.74,18.0825,1.07E-15,3090,sim198,DSim,I,F,4,0.768,NA
8/11/20,12:57:20,3,27,1,46712,46731,2.089987718,3.811895,2.940380466,17.3005,12.493725,23.46,36.08,18.207,-1.34E-16,3091,sim198,DSim,I,F,4,0.863,NA
8/11/20,13:02:20,4,28,1,46940,46959,2.443736404,4.29645,3.434701709,17.318,12.49419,23.47,35.8405,18.1655,1.07E-15,3092,sim198,DSim,I,F,4,0.944,NA
8/11/20,13:12:20,5,30,1,47659,47678,1.194905526,2.478805,1.645273819,17.679,12.493195,23.49,34.72,18.1095,1.07E-15,3093,sim198,DSim,I,M,4,0.477,NA
8/11/20,13:17:20,6,31,1,47840,47859,1.293192536,2.59411,1.775843041,17.7265,12.49346,23.49,34.5905,18.138,-1.07E-15,3094,sim198,DSim,I,M,4,0.54,NA
8/11/20,13:27:20,7,33,2,48440,48459,1.490640949,2.889325,2.089664423,17.3655,12.494205,23.51,34.22,18.1085,-8.57E-15,3095,sim198,DSim,I,M,4,0.531,NA
8/11/20,13:32:20,8,34,2,48792,48811,1.227564436,2.50973,1.722019263,17.355,12.4937,23.53,33.937,18.1105,-1.07E-15,3096,sim198,DSim,I,M,4,0.488,NA
8/11/20,13:42:20,9,36,2,49343,49362,2.068028439,3.57469,2.796661887,18.0045,12.49569,23.56,33.74,18.189,0,3097,sim198,DSim,U,F,4,0.802,NA
8/11/20,13:47:19,10,37,2,49639,49658,1.857312036,3.345625,2.580392204,17.526,12.49544,23.57,33.74,18.2075,0,3098,sim198,DSim,U,F,4,0.916,NA
8/11/20,13:57:20,11,39,2,50379,50398,2.147244894,3.713695,2.961948764,17.654,12.495615,23.61,33.3815,18.2195,-4.28E-15,3099,sim198,DSim,U,F,4,0.858,NA
8/11/20,14:02:19,12,40,2,50699,50718,1.947333281,3.488995,2.744589709,17.28,12.494575,23.64,33.38,18.037,0,3100,sim198,DSim,U,F,4,0.804,NA
8/11/20,14:12:20,13,42,2,51146,51165,1.570854063,2.915635,2.175097309,17.59,12.49236,23.655,33.53,18.127,0.573240909,3101,sim198,DSim,U,M,4,0.413,NA
8/11/20,14:17:20,14,43,2,51440,51459,1.312071037,2.548985,1.81636614,17.5945,12.492925,23.67,32.9925,18.179,3.43E-14,3102,sim198,DSim,U,M,4,0.445,NA
8/11/20,14:27:19,15,45,2,52113,52132,1.180148909,2.75528,2.035236202,14.125,12.491985,23.7,31.726,18.2065,-4.28E-15,3103,sim198,DSim,U,M,4,0.441,bad flow
8/11/20,14:32:19,16,46,2,52407,52426,1.263933015,2.46385,1.755416743,17.54,12.49495,23.7125,31.274,18.2745,0.248327273,3104,sim198,DSim,U,M,4,0.441,NA
8/11/20,14:42:19,1,48,2,53047,53066,1.530908379,2.852595,2.15744742,17.288,12.493775,23.74,30.97,18.148,2.14E-15,3089,sim198,DSim,I,F,4,0.796,NA
8/11/20,14:47:19,2,49,2,53239,53258,1.500396884,2.78881,2.101162365,17.397,12.49227,23.7425,30.726,18.187,-4.28E-15,3090,sim198,DSim,I,F,4,0.768,NA
8/12/20,10:13:09,7,9,1,36933,36952,1.554004833,3.446985,2.182986584,17.31,12.49514,23.17,27.869,17.907,-2.14E-15,3111,sim198,DSim,U,M,5,0.499,NA
8/12/20,10:18:09,8,10,1,37168,37187,1.676009274,3.529525,2.349747597,17.344,12.494555,23.17,27.7415,17.873,1.07E-15,3112,sim198,DSim,U,M,5,0.478,NA
8/12/20,10:28:09,9,12,1,37693,37712,2.661603931,4.718215,3.604367423,17.9545,12.49374,23.15,27.7525,17.9025,0,3113,sim198,DSim,U,F,5,0.837,NA
8/12/20,10:33:09,10,13,1,38113,38132,2.350021009,4.2678,3.259332392,17.531,12.494795,23.15,27.781,17.831,1.61E-15,3114,sim198,DSim,U,F,5,0.887,NA
8/12/20,10:43:09,11,15,1,38590,38609,2.307222182,4.157155,3.186416759,17.6055,12.49499,23.15,27.8185,17.894,4.28E-15,3115,sim198,DSim,U,F,5,0.73,NA
8/12/20,10:48:09,12,16,1,38950,38969,2.13630754,3.91977,3.021619906,17.191,12.4935,23.16,27.9,17.8875,1.07E-15,3116,sim198,DSim,U,F,5,0.852,NA
8/12/20,10:58:09,13,18,1,39547,39566,1.561462349,3.00317,2.157137843,17.6015,12.49368,23.173,28.1425,17.783,0,3117,sim198,DSim,I,M,5,0.558,NA
8/12/20,11:03:09,14,19,1,39899,39918,1.469090276,2.82608,2.036819672,17.5385,12.491675,23.171,28.23,17.8645,8.57E-15,3118,sim198,DSim,I,M,5,0.534,NA
8/12/20,11:13:08,15,21,1,40388,40407,1.4505428,3.253665,2.490981609,14.1595,12.49359,23.167,28.2935,17.823,-6.43E-15,3119,sim198,DSim,I,M,5,0.509,bad flow
8/12/20,11:18:09,16,22,1,40766,40785,1.473503796,2.75736,2.044241492,17.526,12.493365,23.15,28.53,17.89,0,3120,sim198,DSim,I,M,5,NA,NA
8/12/20,11:28:08,1,24,1,41288,41307,1.933882554,3.41923,2.732331874,17.2085,12.49418,23.14,28.6785,17.8125,6.86E-14,3105,sim198,DSim,I,F,5,0.816,NA
8/12/20,11:33:09,2,25,1,41746,41765,1.213472122,2.335215,1.698153669,17.375,12.492685,23.16,28.73,17.8125,0,3106,sim198,DSim,I,F,5,0.52,NA
8/12/20,11:43:09,3,27,1,42304,42323,1.97518846,3.39363,2.780495316,17.274,12.49341,23.18,28.59,17.7695,1.61E-15,3107,sim198,DSim,I,F,5,0.764,NA
8/12/20,11:48:09,4,28,1,42612,42631,1.569153378,2.80028,2.21557261,17.222,12.493205,23.18,28.51,17.888,8.57E-15,3108,sim198,DSim,I,F,5,NA,NA
8/12/20,11:58:09,5,30,1,43193,43212,1.420511384,2.530285,1.966769622,17.563,12.49088,23.18,28.98,17.8585,2.57E-14,3109,sim198,DSim,U,M,5,0.566,NA
8/12/20,12:03:09,6,31,1,43432,43451,1.553272003,2.685425,2.13920793,17.6565,12.493165,23.18,29.02,17.9015,0.3778,3110,sim198,DSim,U,M,5,0.471,NA
8/12/20,12:13:09,7,33,2,44011,44030,1.290597252,2.344495,1.811284422,17.3275,12.49266,23.196,29.3015,17.854,0,3111,sim198,DSim,U,M,5,0.499,NA
8/12/20,12:18:09,8,34,2,44436,44455,1.337476511,2.40731,1.884901699,17.257,12.492215,23.22,29.5,17.853,-4.28E-15,3112,sim198,DSim,U,M,5,0.478,NA
8/12/20,12:28:09,9,36,2,44938,44957,2.212705769,3.52131,3.002576194,17.9235,12.494625,23.24,29.34,17.89,0,3113,sim198,DSim,U,F,5,0.837,NA
8/12/20,12:33:09,10,37,2,45347,45366,1.850555935,3.08371,2.572085256,17.4995,12.493715,23.25,29.131,0.046,4.28E-15,3114,sim198,DSim,U,F,5,0.887,NA
8/12/20,12:43:09,11,39,2,45920,45939,1.942358139,3.19458,2.685887708,17.5905,12.49311,23.255,28.993,0.0415,0.083254545,3115,sim198,DSim,U,F,5,0.73,NA
8/12/20,12:48:09,12,40,2,46223,46242,2.031890338,3.37867,2.873156083,17.2015,12.49457,23.26,29.1965,0.0475,0,3116,sim198,DSim,U,F,5,0.852,NA
8/12/20,12:58:08,13,42,2,46712,46731,1.97265501,3.23736,2.737694972,17.53,12.49372,23.32,29.34,0.0465,0.730436364,3117,sim198,DSim,I,M,5,0.558,NA
8/12/20,13:03:08,14,43,2,47148,47167,1.760548051,2.93466,2.450580184,17.4845,12.494,23.439,29.28,0.043,3.43E-14,3118,sim198,DSim,I,M,5,0.534,NA
8/12/20,13:13:09,15,45,2,47749,47768,1.952747868,3.854335,3.36575492,14.128,12.494575,23.597,29.29,0.04,0.093172727,3119,sim198,DSim,I,M,5,0.509,bad flow
8/12/20,13:18:09,16,46,2,47950,47969,1.701093251,2.87428,2.382339609,17.3915,12.49542,23.6525,29.201,0.04,0.037881818,3120,sim198,DSim,I,M,5,NA,NA
8/12/20,13:28:08,1,48,2,48488,48507,1.605891872,2.768685,2.276159612,17.1925,12.49246,23.81,29.07,0.043,3.43E-14,3105,sim198,DSim,I,F,5,0.816,NA
8/12/20,13:33:08,2,49,2,48790,48809,1.231991492,2.229755,1.740056481,17.259,12.49445,23.9,28.97,0.0405,2.57E-14,3106,sim198,DSim,I,F,5,0.52,NA
8/13/20,10:38:36,7,9,1,38401,38420,1.534161985,3.19112,2.16014867,17.283,12.49465,23.4,35.814,17.513,0,3127,sim198,DSim,I,M,3,0.429,NA
8/13/20,10:43:36,8,10,1,38739,38758,1.853652222,3.525285,2.609057604,17.287,12.4942,23.36,35.75,17.899,2.14E-15,3128,sim198,DSim,I,M,3,0.601,NA
8/13/20,10:53:36,9,12,1,39266,39285,2.344016447,4.036225,3.183191599,17.914,12.49287,23.3085,35.69,17.959,-2.14E-15,3129,sim198,DSim,I,F,3,0.837,NA
8/13/20,10:58:36,10,13,1,39591,39610,2.487502467,4.22494,3.457743206,17.4995,12.49281,23.28,35.531,17.8395,0,3130,sim198,DSim,I,F,3,0.911,NA
8/13/20,11:08:36,11,15,1,40186,40205,2.4250276,4.053175,3.348809449,17.612,12.493865,23.23,35.53,17.9355,-1.61E-15,3131,sim198,DSim,I,F,3,0.855,NA
8/13/20,11:13:36,12,16,1,40570,40589,2.191202853,3.76118,3.129712084,17.025,12.492715,23.18,35.63,17.8645,0.283118182,3132,sim198,DSim,I,F,3,0.829,NA
8/13/20,11:23:36,13,18,1,41074,41093,1.956139531,3.3144,2.714536136,17.523,12.49191,23.18,35.6,17.776,0,3133,sim198,DSim,U,F,3,0.732,NA
8/13/20,11:28:36,14,19,1,41474,41493,2.231183603,3.63467,3.095950819,17.5225,12.494105,23.144,35.425,17.8175,5.36E-16,3134,sim198,DSim,U,F,3,0.933,NA
8/13/20,11:38:36,15,21,1,41982,42001,1.677154471,3.41281,2.890519293,14.105,12.49358,23.09,35.41,17.9065,0,3135,sim198,DSim,U,F,3,0.572,bad flow
8/13/20,11:43:36,16,22,1,42363,42382,2.169268701,3.515595,3.021895011,17.4485,12.494795,23.0575,35.152,17.819,-2.14E-15,3136,sim198,DSim,U,F,3,0.763,NA
8/13/20,11:53:36,1,24,1,42828,42847,1.549458956,2.661305,2.18399842,17.2425,12.49284,23.0145,35.01,17.8245,-3.43E-14,3121,sim198,DSim,U,M,3,0.517,NA
8/13/20,11:58:36,2,25,1,43184,43203,1.255840395,2.19785,1.757539695,17.365,12.49432,23,35.239,17.8275,-3.43E-14,3122,sim198,DSim,U,M,3,0.475,NA
8/13/20,12:08:35,3,27,1,43875,43894,1.286602287,2.219465,1.81028394,17.271,12.492525,22.986,34.7,17.72,8.57E-15,3123,sim198,DSim,U,M,3,0.511,NA
8/13/20,12:13:35,4,28,1,44038,44057,1.362264912,2.321715,1.924121945,17.205,12.49237,22.9875,34.66,17.8105,-8.57E-15,3124,sim198,DSim,U,M,3,0.485,NA
8/13/20,12:23:35,5,30,1,44616,44635,1.464594104,2.403035,2.029872782,17.533,12.49182,22.9745,33.663,17.7215,4.28E-15,3125,sim198,DSim,I,M,3,0.552,NA
8/13/20,12:28:36,6,31,1,44918,44937,1.206418766,2.00676,1.665868411,17.597,12.48874,22.967,32.721,17.891,-5.36E-16,3126,sim198,DSim,I,M,3,0.451,NA
8/13/20,12:38:35,7,33,2,45515,45534,1.194431788,2.00501,1.680825033,17.2705,12.49315,23.02,31.8205,17.799,-4.28E-15,3127,sim198,DSim,I,M,3,0.429,NA
8/13/20,12:43:35,8,34,2,45905,45924,1.393690904,2.293685,1.966232564,17.2315,12.491845,23.1,31.7305,0.051,-4.28E-15,3128,sim198,DSim,I,M,3,0.601,NA
8/13/20,12:53:35,9,36,2,46564,46583,1.908245159,2.92571,2.602482796,17.8335,12.49237,23.2375,31.8095,0.048,4.28E-15,3129,sim198,DSim,I,F,3,0.837,NA
8/13/20,12:58:35,10,37,2,46755,46774,2.196261794,3.39085,3.070977327,17.397,12.493255,23.28,31.4585,0.0455,0.664686364,3130,sim198,DSim,I,F,3,0.911,NA
8/13/20,13:08:35,11,39,2,47315,47334,1.990461454,3.07774,2.763622202,17.528,12.49253,23.42,30.98,17.8095,6.43E-15,3131,sim198,DSim,I,F,3,0.855,NA
8/13/20,13:13:35,12,40,2,47615,47634,1.784112311,2.858785,2.552730062,17.012,12.49343,23.475,30.9175,17.767,0,3132,sim198,DSim,I,F,3,0.829,NA
8/13/20,13:23:35,13,42,2,48218,48237,1.647889412,2.591975,2.292503988,17.503,12.49439,23.59,31.16,17.763,8.57E-15,3133,sim198,DSim,U,F,3,0.732,NA
8/13/20,13:28:35,14,43,2,48672,48691,2.078517613,3.19002,2.897499161,17.4725,12.49472,23.6725,31.08,17.7145,0,3134,sim198,DSim,U,F,3,0.933,NA
8/13/20,13:38:35,15,45,2,49116,49135,1.483539287,2.83676,2.557734904,14.1305,12.4928,23.73,30.9075,17.8115,-4.28E-15,3135,sim198,DSim,U,F,3,0.572,bad flow
8/13/20,13:43:35,16,46,2,49575,49594,1.925201827,2.91693,2.684699632,17.4695,12.49158,23.72,30.3745,17.7695,4.28E-15,3136,sim198,DSim,U,F,3,0.763,NA
8/13/20,13:53:35,1,48,2,50156,50175,1.281353623,2.022945,1.814119403,17.2005,12.492185,23.61,30.0595,0.0625,1.37E-13,3121,sim198,DSim,U,M,3,0.517,NA
8/13/20,13:58:35,2,49,2,50475,50494,1.853193337,2.781825,2.599458423,17.357,12.49316,23.55,30.01,0.0765,1.497822727,3122,sim198,DSim,U,M,3,0.475,NA
8/18/20,9:55:01,7,9,1,35859,35878,2.730430494,5.32229,3.874550797,17.139,12.49337,23.23,44.179,0.0315,0.150563636,3143,sim198,DSim,U,F,4,0.755,NA
8/18/20,10:00:01,8,10,1,36092,36111,2.012594812,4.21316,2.860380883,17.1125,12.49488,23.23,44.3485,0.031,0,3144,sim198,DSim,U,F,4,0.64,NA
8/18/20,10:10:01,9,12,1,36742,36761,1.862406355,3.80179,2.554816032,17.7295,12.49302,23.23,45.356,0.032,-2.57E-14,3145,sim198,DSim,I,M,4,0.519,NA
8/18/20,10:15:01,10,13,1,36979,36998,1.63540421,3.47765,2.295346943,17.329,12.492695,23.235,45.7975,0.036,0.407986364,3146,sim198,DSim,I,M,4,0.45,NA
8/18/20,10:25:01,11,15,1,37501,37520,2.052589164,3.997335,2.866779019,17.4145,12.49451,23.25,45.224,17.647,0,3147,sim198,DSim,I,M,4,0.487,NA
8/18/20,10:30:01,12,16,1,37867,37886,1.594517937,3.331175,2.277075047,17.033,12.49296,23.27,44.9705,0.049,-1.71E-14,3148,sim198,DSim,I,M,4,0.384,NA
8/18/20,10:40:01,13,18,1,38438,38457,1.591215212,3.247405,2.231598978,17.3455,12.492765,23.29,44.8235,0.048,0.059940909,3149,sim198,DSim,U,M,4,0.461,NA
8/18/20,10:45:01,14,19,1,38847,38866,1.566737309,3.17528,2.200430892,17.321,12.492215,23.3,45.2825,0.037,-1.07E-15,3150,sim198,DSim,U,M,4,0.431,NA
8/18/20,10:55:01,15,21,1,39401,39420,1.767966342,4.030005,3.09608515,13.892,12.492505,23.32,45.209,0.0285,0,3151,sim198,DSim,U,M,4,0.504,bad flow
8/18/20,11:00:01,16,22,1,39715,39734,1.049435952,2.35685,1.475846508,17.301,12.494235,23.3485,45.6095,0.0285,0.068240909,3152,sim198,DSim,U,M,4,0.774,NA
8/18/20,11:10:01,1,24,1,40236,40255,1.587372787,3.121445,2.268312907,17.027,12.49245,23.3545,45.9295,0.0335,0,3137,sim198,DSim,I,F,4,0.685,NA
8/18/20,11:15:01,2,25,1,40590,40609,2.007085941,3.658,2.845081602,17.1645,12.493685,23.35,46.18,0.04,0,3138,sim198,DSim,I,F,4,0.718,NA
8/18/20,11:25:01,3,27,1,41101,41120,1.635256603,3.11099,2.32352599,17.1235,12.495285,23.3475,44.7395,0.0415,1.71E-14,3139,sim198,DSim,I,F,4,0.616,NA
8/18/20,11:30:01,4,28,1,41512,41531,2.243588821,3.93819,3.202849505,17.044,12.495425,23.35,44.413,0.0445,0.36805,3140,sim198,DSim,I,F,4,0.817,NA
8/18/20,11:40:01,5,30,1,42159,42178,1.714525926,3.107785,2.392949685,17.434,12.49438,23.37,45.1565,18.0075,0,3141,sim198,DSim,U,F,4,0.699,NA
8/18/20,11:45:01,6,31,1,42407,42426,1.475898528,2.76204,2.058602299,17.4455,12.49297,23.38,45.06,17.893,0,3142,sim198,DSim,U,F,4,0.622,NA
8/18/20,11:55:00,7,33,2,43055,43074,1.937486567,3.463115,2.756396639,17.1055,12.493565,23.409,44.682,17.6955,3.43E-14,3143,sim198,DSim,U,F,4,0.755,NA
8/18/20,12:00:01,8,34,2,43203,43222,1.442862032,2.76043,2.050510759,17.124,12.494335,23.41,44.57,17.66,0,3144,sim198,DSim,U,F,4,0.64,NA
8/18/20,12:10:00,9,36,2,43813,43832,1.218200625,2.381685,1.669664342,17.758,12.4928,23.45,45.4275,17.855,0,3145,sim198,DSim,I,M,4,0.519,NA
8/18/20,12:15:00,10,37,2,44193,44212,1.452866553,2.748365,2.040343203,17.3335,12.493445,23.49,45.53,18.002,-3.43E-14,3146,sim198,DSim,I,M,4,0.45,NA
8/18/20,12:25:00,11,39,2,44811,44830,1.898746233,3.34398,2.653785783,17.418,12.49488,23.52,45.916,17.872,6.86E-14,3147,sim198,DSim,I,M,4,0.487,NA
8/18/20,12:30:00,12,40,2,45160,45179,1.271653701,2.48566,1.820167939,17.011,12.49288,23.564,45.48,17.8685,0,3148,sim198,DSim,I,M,4,0.384,NA
8/18/20,12:40:00,13,42,2,45685,45704,1.633411393,2.967965,2.299481789,17.303,12.49399,23.695,44.9625,17.7305,0.946668182,3149,sim198,DSim,U,M,4,0.461,NA
8/18/20,12:45:00,14,43,2,45900,45919,1.441613193,2.695345,2.023189691,17.3595,12.49225,23.7365,44.9665,17.707,0,3150,sim198,DSim,U,M,4,0.431,NA
8/18/20,12:55:00,15,45,2,46612,46631,1.62630316,3.53775,2.852562849,13.9005,12.4933,23.97,45.0465,17.4465,0.008240909,3151,sim198,DSim,U,M,4,0.504,bad flow
8/18/20,13:00:00,16,46,2,46939,46958,0.92929259,2.014915,1.316002161,17.225,12.494765,24.106,44.591,17.4245,0.102054545,3152,sim198,DSim,U,M,4,0.774,NA
8/18/20,13:10:00,1,48,2,47400,47419,1.773049968,3.23213,2.540703777,17.0335,12.493235,24.2965,44.103,17.4575,0.15,3137,sim198,DSim,I,F,4,0.685,NA
8/18/20,13:15:00,2,49,2,47700,47719,2.142073924,3.71752,3.046403059,17.167,12.495135,24.373,43.453,17.417,0,3138,sim198,DSim,I,F,4,0.718,NA
8/18/20,13:25:00,3,51,2,48337,48356,1.614457088,2.94776,2.30927113,17.0735,12.491225,24.455,43.241,17.456,0,3139,sim198,DSim,I,F,4,0.616,NA
8/18/20,13:30:00,4,52,2,48759,48778,1.884847927,3.288185,2.703309966,17.025,12.49261,24.41,43.1275,17.504,0,3140,sim198,DSim,I,F,4,0.817,NA
8/18/20,13:40:00,5,54,2,49331,49350,1.750556466,3.0269,2.448080674,17.4555,12.4942,24.323,43.158,17.495,0.753486364,3141,sim198,DSim,U,F,4,0.699,NA
8/18/20,13:45:00,6,55,2,49660,49679,1.375481996,2.49222,1.919363992,17.49,12.491395,24.26,42.3895,17.617,-6.86E-14,3142,sim198,DSim,U,F,4,0.622,NA
8/18/20,13:55:00,7,57,3,50248,50267,2.066051569,3.500525,2.945411517,17.1135,12.492705,24.162,44.1725,17.5715,0.434722727,3143,sim198,DSim,U,F,4,0.755,NA
8/18/20,14:00:00,8,58,3,50535,50554,1.671881393,2.91751,2.380568355,17.1335,12.492535,24.14,44.598,17.6235,1.269509091,3144,sim198,DSim,U,F,4,0.64,NA
8/19/20,10:13:20,7,9,1,36801,36820,2.210450121,4.432965,3.134700862,17.1495,12.4925,23.22,58.587,17.663,-5.36E-16,3159,sim198,DSim,I,F,5,0.798,NA
8/19/20,10:18:20,8,10,1,37100,37119,2.178832293,4.29052,3.092231165,17.1375,12.493655,23.2415,58.58,17.7745,0.065468182,3160,sim198,DSim,I,F,5,0.737,NA
8/19/20,10:28:20,9,12,1,37763,37782,1.768700714,3.509405,2.425805096,17.737,12.49314,23.3,58.033,17.625,2.14E-15,3161,sim198,DSim,I,M,5,0.559,NA
8/19/20,10:33:20,10,13,1,38065,38084,1.89802127,3.657315,2.664729217,17.328,12.493895,23.31,57.2,17.734,0.002490909,3162,sim198,DSim,I,M,5,0.551,NA
8/19/20,10:43:20,11,15,1,38623,38642,1.458388242,2.97518,2.040995427,17.383,12.492125,23.31,56.223,17.6465,6.43E-15,3163,sim198,DSim,I,M,5,0.531,NA
8/19/20,10:48:20,12,16,1,38961,38980,1.582003189,3.136765,2.262218948,17.0125,12.49389,23.31,55.413,17.621,8.57E-15,3164,sim198,DSim,I,M,5,0.555,NA
8/19/20,10:58:20,13,18,1,39500,39519,2.311012997,4.06893,3.233175146,17.388,12.491135,23.3,54.918,17.6185,8.57E-15,3165,sim198,DSim,U,F,5,0.831,NA
8/19/20,11:03:20,14,19,1,39917,39936,2.633377694,4.46609,3.693599615,17.3435,12.49429,23.3,55.09,0.0465,0,3166,sim198,DSim,U,F,5,0.786,NA
8/19/20,11:13:20,15,21,1,40400,40419,4.810579934,9.038125,8.292754699,14.1115,12.493125,23.3,54.265,0.067,0.383390909,3167,sim198,DSim,U,F,5,NA,"bad flow, two flies"
8/19/20,11:18:20,16,22,1,40860,40879,2.161793751,3.711615,3.034286098,17.332,12.492995,23.309,54.0845,0.0605,0,3168,sim198,DSim,U,F,5,0.801,NA
8/19/20,11:28:20,1,24,1,41360,41379,1.771076265,3.1865,2.532850281,17.011,12.49394,23.3125,53.33,0.063,1.298168182,3153,sim198,DSim,U,M,5,0.449,NA
8/19/20,11:33:20,2,25,1,41728,41747,1.378723495,2.568885,1.958490294,17.1265,12.491005,23.32,52.882,0.0655,3.43E-14,3154,sim198,DSim,U,M,5,0.455,NA
8/19/20,11:43:20,3,27,1,42306,42325,1.53537775,2.78571,2.191282715,17.0485,12.49232,23.36,52.67,17.7275,5.14E-14,3155,sim198,DSim,U,M,5,0.459,NA
8/19/20,11:48:20,4,28,1,42615,42634,1.646087575,2.93681,2.356933241,16.995,12.491815,23.389,52.485,17.8205,3.43E-14,3156,sim198,DSim,U,M,5,0.429,NA
8/19/20,11:58:20,5,30,1,43101,43120,1.386085784,2.50669,1.937714056,17.4095,12.493635,23.44,52.1025,17.7955,-3.43E-14,3157,sim198,DSim,I,F,5,0.631,NA
8/19/20,12:03:20,6,31,1,43526,43545,1.512806439,2.65709,2.115256933,17.41,12.492605,23.503,52.08,17.789,-2.14E-15,3158,sim198,DSim,I,F,5,0.808,NA
8/19/20,12:13:20,7,33,2,44000,44019,1.987755392,3.357605,2.825511522,17.129,12.49222,23.5615,51.8345,17.7725,0.111022727,3159,sim198,DSim,I,F,5,0.798,NA
8/19/20,12:18:20,8,34,2,44403,44422,1.620547607,2.819195,2.308765295,17.0925,12.492285,23.6,51.5145,17.782,0,3160,sim198,DSim,I,F,5,0.737,NA
8/19/20,12:28:20,9,36,2,45059,45078,1.479958934,2.5405,2.038920533,17.6795,12.49268,23.67,51.3695,17.905,8.57E-15,3161,sim198,DSim,I,M,5,0.559,NA
8/19/20,12:33:20,10,37,2,45326,45345,1.876931929,3.145785,2.649087835,17.261,12.493725,23.73,51.1955,17.82,0.469877273,3162,sim198,DSim,I,M,5,0.551,NA
8/19/20,12:43:20,11,39,2,45826,45845,1.300089447,2.325855,1.827722212,17.339,12.49249,23.8995,51.38,17.86,0,3163,sim198,DSim,I,M,5,0.531,NA
8/19/20,12:48:20,12,40,2,46102,46121,1.500140505,2.66006,2.157967271,16.952,12.490315,24.02,51.24,17.75,0.069440909,3164,sim198,DSim,I,M,5,0.555,NA
8/19/20,12:58:20,13,42,2,46700,46719,2.357310244,3.821565,3.321085125,17.3195,12.49538,24.194,50.744,17.733,-3.43E-14,3165,sim198,DSim,U,F,5,0.831,NA
8/19/20,13:03:20,14,43,2,47066,47085,1.977037798,3.277615,2.788485585,17.307,12.49359,24.3195,50.5885,17.759,-4.28E-15,3166,sim198,DSim,U,F,5,0.786,NA
8/19/20,13:13:20,15,45,2,47730,47749,3.90343986,7.297475,6.804798836,14.0135,12.494515,24.553,50.1845,17.956,6.86E-14,3167,sim198,DSim,U,F,5,NA,"bad flow, two flies"
8/19/20,13:18:20,16,46,2,47904,47923,2.229777281,3.659965,3.162758459,17.2265,12.493985,24.612,49.727,17.9045,-8.57E-15,3168,sim198,DSim,U,F,5,0.801,NA
8/25/20,10:10:25,7,9,1,36646,36665,1.032430817,6.963515,0.741043718,33.8275,12.48963,22.73,44.1125,17.6525,0,3175,sim198,DSim,U,M,4,0.47,NA
8/25/20,10:15:26,8,10,1,37017,37036,1.060488065,6.785395,0.762713358,33.7595,12.491005,22.73,43.81,17.591,1.71E-14,3176,sim198,DSim,U,M,4,0.449,NA
8/25/20,10:25:26,9,12,1,37549,37568,0.595038041,6.32798,0.405703898,35.611,12.490105,22.7285,43.58,17.6895,2.14E-15,3177,sim198,DSim,I,M,4,0.419,NA
8/25/20,10:30:26,10,13,1,37851,37870,1.013398014,6.531635,0.7244793,33.965,12.48986,22.75,43.64,17.6085,-1.61E-15,3178,sim198,DSim,I,M,4,0.449,NA
8/25/20,10:40:25,11,15,1,38427,38446,0.914168762,6.36037,0.640051807,34.6875,12.49248,22.81,43.6465,17.6585,4.28E-15,3179,sim198,DSim,I,M,4,0.442,NA
8/25/20,10:45:26,12,16,1,38827,38846,1.09688178,6.41542,0.791695153,33.654,12.493315,22.86,43.541,17.6795,-4.28E-15,3180,sim198,DSim,I,M,4,0.532,NA
8/25/20,10:55:26,13,18,1,39328,39347,1.33587116,6.5346,0.944161551,34.3835,12.492495,22.9925,43.172,17.65,0,3181,sim198,DSim,I,F,4,0.755,NA
8/25/20,11:00:25,14,19,1,39659,39678,1.148066332,6.35691,0.808620027,34.5145,12.494625,23.09,42.9,17.6715,0,3182,sim198,DSim,I,F,4,0.594,NA
8/25/20,11:10:25,15,21,1,40225,40244,1.858011951,7.37673,1.88330656,23.9955,12.493075,23.25,42.6615,17.754,0,3183,sim198,DSim,I,F,4,0.835,bad flow
8/25/20,11:15:25,16,22,1,40525,40544,1.628953045,6.56553,1.159239528,34.188,12.490255,23.34,42.674,17.616,0,3184,sim198,DSim,I,F,4,0.733,NA
8/25/20,11:25:26,1,24,1,41126,41145,1.381674775,6.323295,1.004652346,33.4665,12.49,23.3845,42.912,17.7345,0.267818182,3169,sim198,DSim,U,F,4,0.683,NA
8/25/20,11:30:25,2,25,1,41428,41447,1.254572477,6.12228,0.893229179,34.1745,12.49019,23.357,43.22,17.6515,2.14E-15,3170,sim198,DSim,U,F,4,0.639,NA
8/25/20,11:40:25,3,27,1,42025,42044,1.379189914,6.154605,0.99801709,33.616,12.49164,23.286,42.8815,17.714,-2.14E-15,3171,sim198,DSim,U,F,4,0.652,NA
8/25/20,11:45:25,4,28,1,42468,42487,1.276563621,6.00197,0.924296769,33.5935,12.492475,23.26,42.728,17.739,-1.07E-15,3172,sim198,DSim,U,F,4,0.639,NA
8/25/20,11:55:25,5,30,1,43008,43027,0.919956624,5.67647,0.647037789,34.581,12.48915,23.238,42.844,17.629,1.29E-14,3173,sim198,DSim,U,M,4,0.48,NA
8/25/20,12:00:25,6,31,1,43240,43259,0.926797053,5.630455,0.648536816,34.755,12.494035,23.226,42.85,17.667,0,3174,sim198,DSim,U,M,4,0.482,NA
8/25/20,12:10:25,7,33,2,43825,43844,1.049632108,5.69143,0.754373129,33.8345,12.49269,23.18,43.01,17.6625,0.782809091,3175,sim198,DSim,U,M,4,0.47,NA
8/25/20,12:15:25,8,34,2,44208,44227,0.904190687,5.55016,0.652199976,33.712,12.493475,23.18,43.3915,17.721,1.71E-14,3176,sim198,DSim,U,M,4,0.449,NA
8/25/20,12:25:25,9,36,2,44747,44766,0.682869752,5.343925,0.466640734,35.5835,12.492905,23.17,44.0965,17.665,8.57E-15,3177,sim198,DSim,I,M,4,0.419,NA
8/25/20,12:30:25,10,37,2,45185,45204,1.041797207,5.58955,0.746512975,33.931,12.492785,23.141,44.29,17.6715,2.57E-14,3178,sim198,DSim,I,M,4,0.449,NA
8/25/20,12:40:25,11,39,2,45632,45651,0.796684808,5.38636,0.559352036,34.6265,12.490745,23.11,44.469,17.5855,0.01995,3179,sim198,DSim,I,M,4,0.442,NA
8/25/20,12:45:25,12,40,2,46085,46104,0.990171023,5.492,0.715722249,33.63,12.49378,23.08,44.42,17.6805,0.002545455,3180,sim198,DSim,I,M,4,0.532,NA
8/25/20,12:55:25,13,42,2,46525,46544,1.220510424,5.63157,0.863411163,34.3595,12.493395,23.06,44.641,17.6865,8.57E-15,3181,sim198,DSim,I,F,4,0.755,NA
8/25/20,13:00:25,14,43,2,46861,46880,1.119402641,5.538605,0.788751123,34.493,12.49277,23.03,44.9465,17.7695,0,3182,sim198,DSim,I,F,4,0.594,NA
8/25/20,13:10:25,15,45,2,47425,47444,1.585682509,6.345515,1.602998808,24.043,12.493095,23.03,44.65,17.7995,-1.07E-15,3183,sim198,DSim,I,F,4,0.835,bad flow
8/25/20,13:15:25,16,46,2,47864,47883,1.416057294,5.74711,1.004813251,34.2495,12.490595,23.015,44.62,17.79,6.43E-15,3184,sim198,DSim,I,F,4,0.733,NA
8/26/20,9:51:50,7,9,1,35670,35689,1.743602219,7.381135,1.253321031,33.833,12.49075,23.214,47.36,17.687,-5.36E-16,3191,sim198,DSim,I,F,5,0.716,NA
8/26/20,9:56:50,8,10,1,35810,35829,1.930480293,7.42915,1.389622346,33.7895,12.49165,23.25,47.39,17.7895,1.34E-16,3192,sim198,DSim,I,F,5,0.783,NA
8/26/20,10:06:50,9,12,1,36492,36511,0.942288394,6.490975,0.643801814,35.6165,12.492605,23.4,47.28,17.7,-1.07E-15,3193,sim198,DSim,I,M,5,0.443,NA
8/26/20,10:11:50,10,13,1,36710,36729,1.168125052,6.59649,0.837408362,33.9505,12.49142,23.4415,47.25,17.845,5.36E-16,3194,sim198,DSim,I,M,5,0.447,NA
8/26/20,10:21:50,11,15,1,37311,37330,0.828788323,6.21789,0.582030536,34.672,12.49296,23.57,47.28,17.8345,2.14E-15,3195,sim198,DSim,I,M,5,0.434,NA
8/26/20,10:26:50,12,16,1,37646,37665,1.084553827,6.28302,0.787652541,33.534,12.49488,23.634,47.0205,17.882,0,3196,sim198,DSim,I,M,5,0.482,NA
8/26/20,10:36:50,13,18,1,38224,38243,1.602103095,6.51974,1.136288746,34.3385,12.491865,23.64,47.11,17.746,0,3197,sim198,DSim,U,F,5,0.775,NA
8/26/20,10:41:50,14,19,1,38580,38599,1.778584339,6.499875,1.255174666,34.506,12.493895,23.6,47.307,17.831,-1.61E-15,3198,sim198,DSim,U,F,5,0.759,NA
8/26/20,10:51:50,15,21,1,39110,39129,1.958984769,7.142345,1.967446934,24.2425,12.492295,23.56,47.69,0.0515,0.491527273,3199,sim198,DSim,U,F,5,0.615,bad flow
8/26/20,10:56:50,16,22,1,39559,39578,1.739466362,6.304525,1.23718641,34.2295,12.493455,23.53,47.6755,0.0655,1.71E-14,3200,sim198,DSim,U,F,5,0.658,NA
8/26/20,11:06:50,1,24,1,40043,40062,1.503875754,6.133465,1.093991299,33.4625,12.4933,23.49,47.85,0.0595,1.460372727,3185,sim198,DSim,U,M,5,0.488,NA
8/26/20,11:11:50,2,25,1,40468,40487,1.384455301,5.965245,0.985804953,34.1825,12.492815,23.46,48.118,0.0535,0.051163636,3186,sim198,DSim,U,M,5,0.469,NA
8/26/20,11:21:50,3,27,1,40995,41014,1.063373865,5.70819,0.770331996,33.596,12.49154,23.43,48.2105,0.063,0.000586364,3187,sim198,DSim,U,M,5,0.473,NA
8/26/20,11:26:50,4,28,1,41275,41294,1.006905508,5.614165,0.728466105,33.6385,12.490745,23.42,48.21,17.8695,6.86E-14,3188,sim198,DSim,U,M,5,0.522,NA
8/26/20,11:36:50,5,30,1,41897,41916,1.160043674,5.66662,0.816175686,34.5885,12.492675,23.4115,47.84,17.8525,3.43E-14,3189,sim198,DSim,I,F,5,0.751,NA
8/26/20,11:41:50,6,31,1,42147,42166,1.270474748,5.72334,0.891126697,34.6955,12.491035,23.41,47.633,17.8795,1.71E-14,3190,sim198,DSim,I,F,5,0.718,NA
8/26/20,11:51:50,7,33,2,42720,42739,1.323790858,5.763805,0.953045408,33.8005,12.49225,23.39,47.1445,17.8955,0,3191,sim198,DSim,I,F,5,0.716,NA
8/26/20,11:56:50,8,34,2,43077,43096,1.391363941,5.784805,1.004220929,33.7145,12.49206,23.3825,47.01,17.847,0,3192,sim198,DSim,I,F,5,0.783,NA
8/26/20,12:06:50,9,36,2,43690,43709,0.919421986,5.390535,0.62889963,35.5775,12.493705,23.409,47.28,17.959,-8.57E-15,3193,sim198,DSim,I,M,5,0.443,NA
8/26/20,12:11:50,10,37,2,43916,43935,0.893232863,5.39133,0.640789517,33.924,12.492905,23.42,47.152,17.941,1.71E-14,3194,sim198,DSim,I,M,5,0.447,NA
8/26/20,12:21:50,11,39,2,44532,44551,0.864138572,5.343935,0.606729848,34.6665,12.492035,23.4625,46.313,17.9235,8.57E-15,3195,sim198,DSim,I,M,5,0.434,NA
8/26/20,12:26:50,12,40,2,44859,44878,0.991496914,5.445045,0.719298275,33.556,12.492335,23.5,46.028,18.0145,4.28E-15,3196,sim198,DSim,I,M,5,0.482,NA
8/26/20,12:36:50,13,42,2,45492,45511,1.487747905,5.771995,1.055727455,34.3095,12.492385,23.54,44.5635,17.954,-3.43E-14,3197,sim198,DSim,U,F,5,0.775,NA
8/26/20,12:41:50,14,43,2,45836,45855,1.466440967,5.743725,1.036007412,34.464,12.4928,23.56,43.6015,18.0025,0,3198,sim198,DSim,U,F,5,0.759,NA
8/26/20,12:51:50,15,45,2,46310,46329,1.440958193,6.145905,1.449440558,24.2075,12.492785,23.58,42,17.9315,0.117,3199,sim198,DSim,U,F,5,0.615,bad flow
8/26/20,12:56:50,16,46,2,46730,46749,1.53497205,5.75509,1.091615744,34.2405,12.49211,23.59,41.47,17.9445,-8.57E-15,3200,sim198,DSim,U,F,5,0.658,NA
8/26/20,13:06:50,1,48,2,47229,47248,0.991556318,5.373005,0.720733773,33.498,12.493185,23.57,40.64,17.8755,3.43E-14,3185,sim198,DSim,U,M,5,0.488,NA
8/26/20,13:11:50,2,49,2,47617,47636,1.055525547,5.385995,0.752836106,34.139,12.493245,23.57,40.61,17.8985,0.000409091,3186,sim198,DSim,U,M,5,0.469,NA
8/26/20,13:21:49,3,51,2,48270,48289,1.040162214,5.365975,0.751353931,33.705,12.490735,23.56,40.38,17.962,0.220895455,3187,sim198,DSim,U,M,5,0.473,NA
8/26/20,13:26:50,4,52,2,48564,48583,1.081932982,5.382345,0.783369349,33.6265,12.491815,23.55,40.6745,17.8955,1.37E-13,3188,sim198,DSim,U,M,5,0.522,NA
8/26/20,13:36:50,5,54,2,49010,49029,1.151166085,5.405395,0.81074186,34.5685,12.493035,23.532,40.64,18.006,1.71E-14,3189,sim198,DSim,I,F,5,0.751,NA
8/26/20,13:41:50,6,55,2,49368,49387,1.301267085,5.49743,0.9125932,34.7145,12.494135,23.53,40.58,17.9285,-1.71E-14,3190,sim198,DSim,I,F,5,0.718,NA
8/28/20,9:42:16,7,9,1,35007,35026,1.323711049,7.115945,0.954497081,33.7345,12.482705,23.283,31.5565,17.808,-4.28E-15,3207,sim198,DSim,U,F,3,0.698,NA
8/28/20,9:47:16,8,10,1,35251,35270,1.647338677,7.195135,1.18871078,33.7055,12.48393,23.24,31.7635,17.9155,-2.68E-16,3208,sim198,DSim,U,F,3,0.691,NA
8/28/20,9:57:17,9,12,1,35874,35893,0.935177165,6.47991,0.640129968,35.5255,12.482655,23.18,32.15,17.7315,2.68E-16,3209,sim198,DSim,U,M,3,0.498,NA
8/28/20,10:02:17,10,13,1,36178,36197,1.097601634,6.50132,0.788466074,33.849,12.481525,23.1625,32.3195,17.8535,-3.21E-15,3210,sim198,DSim,U,M,3,0.528,NA
8/28/20,10:12:17,11,15,1,36765,36784,2.03380894,7.04494,1.431033514,34.55,12.483605,23.1,32.8,17.7315,0,3211,sim198,DSim,U,M,3,0.514,NA
8/28/20,10:17:17,12,16,1,37043,37062,1.295648365,6.47292,0.939701697,33.516,12.48138,23.075,32.836,17.85,0,3212,sim198,DSim,U,M,3,0.475,NA
8/28/20,10:27:17,13,18,1,37642,37661,0.773136709,6.007555,0.548482211,34.2595,12.48147,23.03,32.37,17.609,0,3213,sim198,DSim,I,M,3,0.459,NA
8/28/20,10:32:16,14,19,1,37936,37955,1.200843748,6.2475,0.847403523,34.4395,12.48198,23.0115,32.6,17.7965,-1.07E-15,3214,sim198,DSim,I,M,3,0.567,NA
8/28/20,10:42:17,15,21,1,38537,38556,1.299181226,6.65044,1.307098402,24.154,12.481035,22.99,32.6245,17.883,0,3215,sim198,DSim,I,M,3,0.543,bad flow
8/28/20,10:47:16,16,22,1,38965,38984,1.049425541,6.01503,0.746888263,34.1435,12.481475,22.98,32.51,17.808,-1.29E-14,3216,sim198,DSim,I,M,3,0.454,NA
8/28/20,10:57:17,1,24,1,39564,39583,1.031875172,5.999995,0.750657286,33.407,12.48453,23.01,32.96,17.7455,0,3201,sim198,DSim,I,F,3,0.71,NA
8/28/20,11:02:16,2,25,1,39860,39879,0.91826918,5.89068,0.654830363,34.09,12.4838,23.0985,33.0935,17.674,1.61E-15,3202,sim198,DSim,I,F,3,0.576,NA
8/28/20,11:12:16,3,27,1,40342,40361,1.186552502,6.08743,0.859381398,33.583,12.485245,23.257,32.685,17.6535,1.07E-15,3203,sim198,DSim,I,F,3,0.563,NA
8/28/20,11:17:16,4,28,1,40789,40808,1.107378907,6.013395,0.804241462,33.5095,12.485045,23.42,32.44,17.7655,2.14E-15,3204,sim198,DSim,I,F,3,0.596,NA
8/28/20,11:27:16,5,30,1,41298,41317,1.542233511,6.27066,1.089482614,34.4705,12.48404,23.595,32.1545,17.8445,0.086481818,3205,sim198,DSim,U,F,3,0.655,NA
8/28/20,11:32:16,6,31,1,41599,41618,1.74061876,6.360855,1.222554291,34.675,12.484235,23.64,31.87,17.817,2.14E-15,3206,sim198,DSim,U,F,3,0.867,NA
8/28/20,11:42:16,7,33,2,42136,42155,1.360036355,6.079605,0.980780608,33.7675,12.483155,23.6,31.87,17.89,4.28E-15,3207,sim198,DSim,U,F,3,0.698,NA
8/28/20,11:47:16,8,34,2,42439,42458,1.42724439,6.07398,1.032025234,33.6725,12.48309,23.5625,32.02,17.6535,-5.36E-16,3208,sim198,DSim,U,F,3,0.691,NA
8/28/20,11:57:16,9,36,2,43191,43210,1.089772836,5.71481,0.746084274,35.551,12.482535,23.45,32.054,18.002,0,3209,sim198,DSim,U,M,3,0.498,NA
8/28/20,12:02:16,10,37,2,43336,43355,1.027808337,5.68515,0.737819494,33.904,12.48224,23.44,32.21,18.0005,0,3210,sim198,DSim,U,M,3,0.528,NA
8/28/20,12:12:16,11,39,2,43936,43955,1.921172243,6.25941,1.350419295,34.616,12.483195,23.366,32.832,17.9915,0,3211,sim198,DSim,U,M,3,0.514,NA
8/28/20,12:17:16,12,40,2,44346,44365,1.157933095,5.705945,0.839155883,33.57,12.484245,23.32,33.18,17.591,5.14E-14,3212,sim198,DSim,U,M,3,0.475,NA
8/28/20,12:27:16,13,42,2,44836,44855,0.689527294,5.340435,0.488969738,34.3035,12.48274,23.29,33.38,17.977,-2.14E-15,3213,sim198,DSim,I,M,3,0.459,NA
8/28/20,12:32:16,14,43,2,45228,45247,1.060477585,5.573355,0.749736804,34.404,12.480905,23.2575,33.477,17.866,4.28E-15,3214,sim198,DSim,I,M,3,0.567,NA
8/28/20,12:42:16,15,45,2,45736,45755,1.129378044,5.95941,1.136153874,24.1775,12.48249,23.246,33.7,18.037,0.226277273,3215,sim198,DSim,I,M,3,0.543,bad flow
8/28/20,12:47:16,16,46,2,46085,46104,0.932214521,5.500565,0.663447484,34.177,12.482995,23.261,34.1635,18.1465,0.072581818,3216,sim198,DSim,I,M,3,0.454,NA
8/28/20,12:57:16,1,48,2,46636,46655,1.002918995,5.582015,0.729718865,33.448,12.48336,23.42,34.628,17.9415,0.196859091,3201,sim198,DSim,I,F,3,0.71,NA
8/28/20,13:02:16,2,49,2,46948,46967,1.054032022,5.629185,0.751850163,34.132,12.485195,23.54,34.332,17.9205,0,3202,sim198,DSim,I,F,3,0.576,NA
9/1/20,9:51:23,7,9,1,35483,35502,1.759316138,5.716725,3.585437689,11.9585,12.46322,23.85,35.6905,17.9925,0,3223,sim198,DSim,I,M,4,0.511,NA
9/1/20,9:56:23,8,10,1,35919,35938,1.765701302,5.580035,3.628571446,11.86,12.465855,23.86,35.7185,17.9565,-2.14E-15,3224,sim198,DSim,I,M,4,0.328,NA
9/1/20,10:06:23,9,12,1,36383,36402,1.641046685,5.16129,3.276296082,12.2075,12.46287,23.86,35.3555,18.0795,1.07E-15,3225,sim198,DSim,U,M,4,0.522,NA
9/1/20,10:11:23,10,13,1,36683,36702,2.183130781,6.18779,4.424771918,12.026,12.464735,23.87,35.37,17.969,0,3226,sim198,DSim,U,M,4,0.597,NA
9/1/20,10:21:23,11,15,1,37283,37302,1.515025631,4.696035,3.048022254,12.112,12.45403,23.782,35.6185,17.959,5.36E-16,3227,sim198,DSim,U,M,4,0.498,NA
9/1/20,10:26:23,12,16,1,37583,37602,1.91731356,5.49392,3.952677112,11.8155,12.45161,23.7,35.6465,18.0165,0.188240909,3228,sim198,DSim,U,M,4,0.452,NA
9/1/20,10:36:23,13,18,1,38183,38202,1.866996811,5.226625,3.767756334,12.0595,12.442565,23.47,35.934,18.052,0,3229,sim198,DSim,I,F,4,0.918,NA
9/1/20,10:41:23,14,19,1,38483,38502,2.20685305,5.864655,4.456865686,12.049,12.44655,23.3835,36.21,18.0705,0,3230,sim198,DSim,I,F,4,1.054,NA
9/1/20,10:51:23,15,21,1,39083,39102,1.458675386,4.83469,3.474885411,10.214,12.445755,23.27,36.544,18.019,4.28E-15,3231,sim198,DSim,I,F,4,0.763,bad flow
9/1/20,10:56:23,16,22,1,39428,39447,1.923959395,5.227355,3.918500892,11.941,12.446415,23.22,36.56,17.9445,0.0056,3232,sim198,DSim,I,F,4,0.981,NA
9/1/20,11:06:23,1,24,1,39983,40002,1.398728928,4.16376,2.885481693,11.788,12.44883,23.18,36.7685,18.0025,1.07E-15,3217,sim198,DSim,U,F,4,0.698,NA
9/1/20,11:11:23,2,25,1,40283,40302,2.058417867,5.46409,4.214049508,11.8775,12.451215,23.18,36.9635,18.059,1.71E-14,3218,sim198,DSim,U,F,4,0.818,NA
9/1/20,11:21:23,3,27,1,40883,40902,1.796886951,4.934385,3.708753794,11.7815,12.442165,23.1685,37.3245,17.9775,-5.36E-16,3219,sim198,DSim,U,F,4,0.924,NA
9/1/20,11:26:23,4,28,1,41266,41285,1.568633412,4.4482,3.247574469,11.7435,12.44876,23.13,37.07,18.0495,4.28E-15,3220,sim198,DSim,U,F,4,0.688,NA
9/1/20,11:36:23,5,30,1,41783,41802,1.190168675,3.60566,2.415347124,11.976,12.44871,23.1,37,17.994,0,3221,sim198,DSim,I,M,4,0.511,NA
9/1/20,11:41:23,6,31,1,42084,42103,1.305607917,3.830065,2.650559443,11.974,12.44996,23.09,37.2385,18.14,0,3222,sim198,DSim,I,M,4,0.532,NA
9/1/20,11:51:23,7,33,2,42683,42702,1.081518082,3.40348,2.233186519,11.774,12.4521,23.1035,36.995,18.087,-2.14E-15,3223,sim198,DSim,I,M,4,0.511,NA
9/1/20,11:56:23,8,34,2,43143,43162,1.054340294,3.343805,2.184544203,11.733,12.45481,23.0985,36.43,0.0775,-4.28E-15,3224,sim198,DSim,I,M,4,0.328,NA
9/1/20,12:06:23,9,36,2,43583,43602,1.648412499,4.470565,3.313086022,12.0945,12.446905,23.085,36.3405,0.0785,0.043186364,3225,sim198,DSim,U,M,4,0.522,NA
9/1/20,12:11:23,10,37,2,43883,43902,2.218503986,5.69331,4.539430953,11.88,12.44903,23.08,36.461,0.0865,0.484268182,3226,sim198,DSim,U,M,4,0.597,NA
9/1/20,12:21:23,11,39,2,44483,44502,1.613515572,4.44037,3.286337233,11.9345,12.44579,23.06,36.872,0.093,0.163390909,3227,sim198,DSim,U,M,4,0.498,NA
9/1/20,12:26:23,12,40,2,44847,44866,1.929084715,5.196065,4.035883079,11.618,12.44824,23.05,36.93,0.0785,0.398113636,3228,sim198,DSim,U,M,4,0.452,NA
9/1/20,12:36:23,13,42,2,45383,45402,1.80274441,4.849475,3.687975217,11.888,12.455375,23.151,36.937,0.083,8.57E-15,3229,sim198,DSim,I,F,4,0.918,NA
9/1/20,12:41:23,14,43,2,45843,45862,2.24369616,5.788175,4.628324749,11.7915,12.46171,23.262,37.0435,0.0955,0.319859091,3230,sim198,DSim,I,F,4,1.054,NA
9/1/20,12:51:23,15,45,2,46284,46303,1.397901148,4.549925,3.384879053,10.0445,12.463055,23.3715,36.9265,0.0965,0.069922727,3231,sim198,DSim,I,F,4,0.763,bad flow
9/1/20,12:56:24,16,46,2,46597,46616,2.178028285,5.714305,4.536578394,11.6855,12.467915,23.4555,37,0.0845,0.031290909,3232,sim198,DSim,I,F,4,0.981,NA
9/2/20,10:19:56,9,11,1,37196,37215,1.523095456,5.553065,3.328114043,11.1435,12.475175,23.61,40.1735,17.7145,2.14E-15,3241,sim198,DSim,I,M,5,0.553,NA
9/2/20,10:24:56,10,12,1,37535,37554,2.15836739,6.91486,4.787014107,10.9775,12.47781,23.544,40.343,17.7075,2.14E-15,3242,sim198,DSim,I,M,5,0.523,NA
9/2/20,10:34:56,11,14,1,38096,38115,1.427422869,5.221275,3.163428509,10.981,12.477035,23.44,40.85,17.717,0.195204545,3243,sim198,DSim,I,M,5,0.524,NA
9/2/20,10:39:56,12,15,1,38471,38490,1.726106056,5.86558,3.902187899,10.764,12.47669,23.39,41.478,17.7405,8.57E-15,3244,sim198,DSim,I,M,5,0.534,NA
9/2/20,10:49:56,13,17,1,38996,39015,1.568000221,5.38377,3.469397083,10.996,12.47682,23.32,42.09,17.7225,1.29E-14,3245,sim198,DSim,U,F,5,0.458,NA
9/2/20,10:54:56,14,18,1,39296,39315,2.385641035,7.159165,5.303209098,10.943,12.476675,23.29,41.83,17.7815,2.14E-15,3246,sim198,DSim,U,F,5,0.922,NA
9/2/20,11:04:56,15,20,1,39896,39915,1.426308632,5.507535,3.700202266,9.3745,12.47707,23.24,42.1935,17.758,0.228686364,3247,sim198,DSim,U,F,5,0.654,bad flow
9/2/20,11:09:56,16,21,1,40196,40215,2.353449466,7.02465,5.253496929,10.8955,12.47658,23.2325,42.13,17.8625,0,3248,sim198,DSim,U,F,5,0.831,NA
9/2/20,11:19:56,1,23,1,40796,40815,1.519679213,5.163045,3.421066788,10.8035,12.47777,23.246,41.296,17.6795,3.43E-14,3233,sim198,DSim,U,M,5,0.497,NA
9/2/20,11:24:56,2,24,1,41096,41115,1.799187561,5.75158,4.029833485,10.8595,12.47808,23.26,40.713,17.8705,0.582040909,3234,sim198,DSim,U,M,5,0.477,NA
9/2/20,11:34:56,3,26,1,41696,41715,1.158108586,4.30111,2.600065977,10.835,12.476515,23.28,38.4565,17.756,1.07E-15,3235,sim198,DSim,U,M,5,0.511,NA
9/2/20,11:39:56,4,27,1,41996,42015,1.724344919,5.556595,3.877029549,10.819,12.47773,23.28,37.717,17.851,0.161427273,3236,sim198,DSim,U,M,5,0.512,NA
9/2/20,11:49:56,5,29,1,42596,42615,1.754852891,5.54244,3.886585425,10.981,12.47871,23.26,36.194,17.776,8.57E-15,3237,sim198,DSim,I,F,5,0.807,NA
9/2/20,11:54:56,6,30,1,43018,43037,1.822435949,5.67498,4.056846305,10.926,12.47812,23.2425,35.763,17.7675,2.57E-14,3238,sim198,DSim,I,F,5,0.752,NA
9/2/20,12:04:56,7,32,1,43496,43515,1.67884085,5.372155,3.768505595,10.8345,12.477605,23.24,35.5385,17.827,2.57E-14,3239,sim198,DSim,I,F,5,0.912,NA
9/2/20,12:09:56,8,33,1,43796,43815,2.291839637,6.721425,5.141494028,10.8415,12.478015,23.24,35.56,17.7305,0.374477273,3240,sim198,DSim,I,F,5,0.986,NA
9/2/20,12:19:56,9,35,2,44396,44415,1.107008452,3.991455,2.426763213,11.0945,12.477175,23.24,35.5,17.943,0,3241,sim198,DSim,I,M,5,0.553,NA
9/2/20,12:24:56,10,36,2,44842,44861,1.460118174,4.83253,3.274169247,10.847,12.47916,23.26,35.508,17.695,8.57E-15,3242,sim198,DSim,I,M,5,0.523,NA
9/2/20,12:34:56,11,38,2,45296,45315,1.384332024,4.662105,3.094492705,10.884,12.478835,23.35,34.86,17.824,3.43E-14,3243,sim198,DSim,I,M,5,0.524,NA
9/2/20,12:39:56,12,39,2,45632,45651,1.430314078,4.87472,3.282238187,10.606,12.479295,23.442,34.812,0.125,0,3244,sim198,DSim,I,M,5,0.534,NA
9/2/20,12:49:56,13,41,2,46196,46215,1.38638684,4.71423,3.11474137,10.8415,12.478415,23.64,34.592,0.14,0.274622727,3245,sim198,DSim,U,F,5,0.458,NA
9/2/20,12:54:56,14,42,2,46496,46515,2.804163977,7.942595,6.349765156,10.7595,12.480295,23.7415,33.8205,0.132,0,3246,sim198,DSim,U,F,5,0.922,NA
9/2/20,13:04:56,15,44,2,47096,47115,1.19162134,4.710775,3.12519696,9.297,12.47742,23.9565,33.1615,0.1435,0.026295455,3247,sim198,DSim,U,F,5,0.654,bad flow
9/2/20,13:09:56,16,45,2,47397,47416,2.684250167,7.64945,6.071982901,10.781,12.4806,24.04,32.6415,17.9085,0,3248,sim198,DSim,U,F,5,0.831,NA
9/3/20,9:58:48,7,9,1,35928,35947,1.669744432,6.466515,3.900198915,10.421,12.48839,23.49,39.717,0.0435,1.285327273,3255,sim198,DSim,I,M,3,0.535,NA
9/3/20,10:03:48,8,10,1,36228,36247,2.098695294,7.352325,4.920775144,10.3805,12.487565,23.45,39.833,0.0445,-1.71E-14,3256,sim198,DSim,I,M,3,0.5,NA
9/3/20,10:13:48,9,12,1,36828,36847,1.655974937,6.098645,3.787284459,10.64,12.487285,23.4035,40.36,0.0425,1.07E-15,3257,sim198,DSim,U,M,3,0.519,NA
9/3/20,10:18:48,10,13,1,37128,37147,2.334355162,7.648725,5.439402442,10.443,12.48809,23.389,40.542,0.0475,0.521840909,3258,sim198,DSim,U,M,3,0.481,NA
9/3/20,10:28:48,11,15,1,37728,37747,1.401792318,5.37163,3.256160467,10.473,12.488015,23.341,40.7185,0.052,-8.57E-15,3259,sim198,DSim,U,M,3,0.533,NA
9/3/20,10:33:48,12,16,1,38028,38047,2.190721737,7.21019,5.178585097,10.2915,12.48799,23.32,41,0.0595,0.5645,3260,sim198,DSim,U,M,3,0.467,NA
9/3/20,10:43:48,13,18,1,38628,38647,1.713378233,5.941385,3.976713018,10.4805,12.48649,23.28,41.3785,0.053,0,3261,sim198,DSim,U,F,3,0.93,NA
9/3/20,10:48:48,14,19,1,39070,39089,1.873805908,6.280815,4.382867628,10.399,12.489275,23.26,41.76,0.0645,-1.34E-16,3262,sim198,DSim,U,F,3,0.686,NA
9/3/20,10:58:48,15,21,1,39528,39547,1.071010055,4.775065,2.897569673,8.9895,12.48891,23.25,41.83,0.064,8.57E-15,3263,sim198,DSim,U,F,3,0.639,bad flow
9/3/20,11:03:48,16,22,1,39828,39847,2.347851286,7.321565,5.481831743,10.417,12.48808,23.24,41.56,0.065,-1.07E-15,3264,sim198,DSim,U,F,3,0.855,NA
9/3/20,11:13:48,1,24,1,40428,40447,1.632325323,5.661985,3.852682067,10.305,12.488255,23.2285,41.062,0.064,0,3249,sim198,DSim,I,F,3,0.958,NA
9/3/20,11:18:48,2,25,1,40733,40752,2.170233152,6.89092,5.103037146,10.343,12.486795,23.22,40.87,0.0785,8.57E-15,3250,sim198,DSim,I,F,3,0.803,NA
9/3/20,11:28:48,3,27,1,41328,41347,1.45454063,5.20031,3.436896451,10.2925,12.488085,23.2335,40.203,0.0845,2.14E-15,3251,sim198,DSim,I,F,3,0.745,NA
9/3/20,11:33:48,4,28,1,41628,41647,2.117874081,6.734275,5.000783865,10.3005,12.487645,23.24,39.864,0.068,-2.57E-14,3252,sim198,DSim,I,F,3,0.817,NA
9/3/20,11:43:48,5,30,1,42228,42247,1.170501715,4.42624,2.718509346,10.472,12.486515,23.26,39.551,0.082,0,3253,sim198,DSim,I,M,3,0.597,NA
9/3/20,11:48:48,6,31,1,42658,42677,1.671517243,5.5891,3.910769782,10.397,12.489035,23.28,39.47,0.065,0.029609091,3254,sim198,DSim,I,M,3,0.499,NA
9/3/20,11:58:48,7,33,2,43128,43147,1.183775275,4.447035,2.78069335,10.356,12.488755,23.3,39.17,0.086,0,3255,sim198,DSim,I,M,3,0.535,NA
9/3/20,12:03:48,8,34,2,43428,43447,1.523542602,5.234765,3.589939557,10.324,12.4877,23.3,38.742,0.065,6.86E-14,3256,sim198,DSim,I,M,3,0.5,NA
9/3/20,12:13:48,9,36,2,44028,44047,1.233386588,4.46014,2.83629329,10.58,12.49018,23.3085,38.4995,0.0925,-8.57E-15,3257,sim198,DSim,U,M,3,0.519,NA
9/3/20,12:18:48,10,37,2,44435,44454,1.37064979,4.80709,3.210969814,10.3845,12.487525,23.31,38.4585,0.087,0,3258,sim198,DSim,U,M,3,0.481,NA
9/3/20,12:28:48,11,39,2,44928,44947,1.068407607,4.09156,2.498451992,10.4065,12.4877,23.36,38.205,0.0975,0.024340909,3259,sim198,DSim,U,M,3,0.533,NA
9/3/20,12:33:48,12,40,2,45388,45407,1.560111953,5.29809,3.700557537,10.26,12.489925,23.42,38.113,0.0795,0.303422727,3260,sim198,DSim,U,M,3,0.467,NA
9/3/20,12:43:47,13,42,2,45827,45846,1.427832479,4.94535,3.344534354,10.3935,12.48986,23.52,37.825,0.0945,0,3261,sim198,DSim,U,F,3,0.93,NA
9/3/20,12:48:48,14,43,2,46285,46304,1.600710978,5.38211,3.770005951,10.34,12.491205,23.62,37.6615,0.0955,1.07E-15,3262,sim198,DSim,U,F,3,0.686,NA
9/3/20,12:58:48,15,45,2,46728,46747,0.947063288,4.18423,2.570717523,8.9765,12.48949,23.73,36.853,0.108,8.57E-15,3263,sim198,DSim,U,F,3,0.639,bad flow
9/3/20,13:03:48,16,46,2,47028,47047,2.305261999,7.06858,5.452518477,10.3035,12.48989,23.83,36.5425,0.1225,4.28E-15,3264,sim198,DSim,U,F,3,0.855,NA
9/3/20,13:13:48,1,48,2,47628,47647,1.443646485,5.05945,3.445356628,10.2185,12.48857,24.017,36.27,0.138,3.43E-14,3249,sim198,DSim,I,F,3,0.958,NA
9/3/20,13:18:48,2,49,2,48088,48107,1.906809178,6.146,4.54401355,10.2375,12.490695,24.15,35.95,0.1705,1.71E-14,3250,sim198,DSim,I,F,3,0.803,NA
9/3/20,13:28:48,3,51,2,48528,48547,1.353429543,4.81372,3.219684077,10.256,12.48871,24.18,35.69,0.162,-4.28E-15,3251,sim198,DSim,I,F,3,0.745,NA
9/3/20,13:33:48,4,52,2,48828,48847,2.087675595,6.54726,4.971063057,10.247,12.49004,24.19,35.32,0.178,8.57E-15,3252,sim198,DSim,I,F,3,0.817,NA
9/7/20,10:01:30,7,9,1,36150,36169,2.201263658,7.017145,3.292439463,16.2425,12.497045,22.9,30.69,17.796,-4.28E-15,3271,sim198,DSim,I,F,3,0.678,NA
9/7/20,10:06:30,8,10,1,36394,36413,2.357650419,7.149545,3.529013973,16.2285,12.49482,22.87,30.429,17.858,-8.57E-15,3272,sim198,DSim,I,F,3,0.856,NA
9/7/20,10:16:30,9,12,1,37110,37129,1.906176515,6.22531,2.753670383,16.813,12.49636,22.83,29.78,17.8825,-1.34E-16,3273,sim198,DSim,I,M,3,0.581,NA
9/7/20,10:21:30,10,13,1,37362,37381,1.962676913,6.293555,2.90093133,16.432,12.49601,22.82,29.6265,17.8095,2.68E-16,3274,sim198,DSim,I,M,3,0.623,NA
9/7/20,10:31:30,11,15,1,37890,37909,1.85637074,6.06114,2.72938933,16.517,12.495905,22.79,29.573,17.8815,-2.14E-15,3275,sim198,DSim,I,M,3,0.545,NA
9/7/20,10:36:30,12,16,1,38213,38232,1.736345368,5.87141,2.615237222,16.123,12.49672,22.78,29.61,17.9095,-2.68E-16,3276,sim198,DSim,I,M,3,0.5,NA
9/7/20,10:46:30,13,18,1,38791,38810,1.832327421,5.897305,2.699810515,16.4785,12.49553,22.73,29.5505,17.883,5.36E-16,3277,sim198,DSim,U,F,3,0.787,NA
9/7/20,10:51:30,14,19,1,39184,39203,1.731570053,5.682015,2.557998435,16.434,12.493585,22.7,29.646,17.8915,0,3278,sim198,DSim,U,F,3,0.732,NA
9/7/20,11:01:30,15,21,1,39690,39709,2.159497262,7.01406,3.908723857,13.4125,12.49481,22.69,30.346,17.9535,0,3279,sim198,DSim,U,F,3,0.8,bad flow
9/7/20,11:06:30,16,22,1,40000,40019,2.134754799,6.279835,3.185425305,16.2735,12.495345,22.7665,30.549,17.886,-2.14E-15,3280,sim198,DSim,U,F,3,0.822,NA
9/7/20,11:16:30,1,24,1,40702,40721,1.564065175,5.454965,2.371567991,16.0235,12.494555,22.9275,30.85,17.867,-1.07E-15,3265,sim198,DSim,U,M,3,0.545,NA
9/7/20,11:21:30,2,25,1,41020,41039,1.496718025,5.3337,2.257401503,16.113,12.494835,23.0015,30.866,17.8425,0.298886364,3266,sim198,DSim,U,M,3,0.493,NA
9/7/20,11:31:30,3,27,1,41619,41638,1.505722812,5.35894,2.294028674,15.962,12.494305,23.202,30.64,17.8685,1.29E-14,3267,sim198,DSim,U,M,3,0.538,NA
9/7/20,11:36:30,4,28,1,41867,41886,1.57787689,5.459925,2.405092391,15.9595,12.493965,23.2975,30.57,17.9635,0.111709091,3268,sim198,DSim,U,M,3,0.527,NA
9/7/20,11:46:30,5,30,1,42390,42409,2.122389598,6.21844,3.168058534,16.3065,12.496975,23.469,30.51,17.894,4.28E-15,3269,sim198,DSim,I,F,3,0.808,NA
9/7/20,11:51:30,6,31,1,42850,42869,1.851686105,5.80975,2.761826407,16.3265,12.49507,23.599,30.56,17.923,2.14E-15,3270,sim198,DSim,I,F,3,0.792,NA
9/7/20,12:01:30,7,33,2,43290,43309,1.722687226,5.66483,2.620514116,16.015,12.494295,23.7265,30.42,17.845,2.14E-15,3271,sim198,DSim,I,F,3,0.678,NA
9/7/20,12:06:30,8,34,2,43606,43625,1.956703166,6.02532,2.989683618,15.948,12.49528,23.795,30.19,17.8745,8.57E-15,3272,sim198,DSim,I,F,3,0.856,NA
9/7/20,12:16:30,9,36,2,44190,44209,1.592796851,5.366915,2.341882479,16.5785,12.496775,23.8915,29.4125,17.8515,1.07E-15,3273,sim198,DSim,I,M,3,0.581,NA
9/7/20,12:21:30,10,37,2,44647,44666,1.714575872,5.586845,2.584354437,16.1755,12.49425,23.9625,29.25,17.824,2.14E-15,3274,sim198,DSim,I,M,3,0.623,NA
9/7/20,12:31:30,11,39,2,45243,45262,1.744477574,5.59733,2.615242489,16.267,12.495115,24.03,29.41,17.7825,0.001754545,3275,sim198,DSim,I,M,3,0.545,NA
9/7/20,12:36:30,12,40,2,45411,45430,1.489700693,5.252435,2.282114314,15.92,12.49632,24.05,29.51,17.9135,0,3276,sim198,DSim,I,M,3,0.5,NA
9/7/20,12:46:31,13,42,2,46150,46169,2.046658728,5.99566,3.068939804,16.267,12.496705,24.1,29.35,17.8965,6.86E-14,3277,sim198,DSim,U,F,3,0.787,NA
9/7/20,12:51:30,14,43,2,46450,46469,1.591246697,5.27526,2.382943386,16.288,12.494025,24.09,29.26,17.885,-5.36E-16,3278,sim198,DSim,U,F,3,0.732,NA
9/7/20,13:01:30,15,45,2,46890,46909,2.181053257,6.867195,3.982129726,13.3585,12.49588,24.08,29.2365,17.906,0,3279,sim198,DSim,U,F,3,0.8,bad flow
9/7/20,13:06:30,16,46,2,47228,47247,2.055435336,5.960365,3.091382508,16.215,12.496385,24.04,29.26,17.842,4.28E-15,3280,sim198,DSim,U,F,3,0.822,NA
9/8/20,9:57:28,7,9,1,35966,35985,2.442593775,7.566125,3.830439054,15.5275,12.49561,23.5845,22.666,17.5635,2.14E-15,3287,sim198,DSim,I,F,4,0.81,NA
9/8/20,10:02:28,8,10,1,36267,36286,2.411256676,7.417515,3.790893663,15.489,12.493825,23.6,22.61,17.5415,-8.57E-15,3288,sim198,DSim,I,F,4,0.786,NA
9/8/20,10:12:28,9,12,1,36748,36767,1.831830389,6.333415,2.762116479,16.1505,12.496225,23.61,22.646,17.454,4.28E-15,3289,sim198,DSim,U,M,4,0.51,NA
9/8/20,10:17:28,10,13,1,37048,37067,2.019859002,6.61076,3.125232755,15.739,12.493805,23.61,22.7165,17.44,0,3290,sim198,DSim,U,M,4,0.508,NA
9/8/20,10:27:29,11,15,1,37672,37691,1.719556565,6.039935,2.64036551,15.859,12.49596,23.5995,22.6105,17.4975,-1.71E-14,3291,sim198,DSim,U,M,4,0.512,NA
9/8/20,10:32:29,12,16,1,38015,38034,1.68369107,6.00473,2.68949799,15.244,12.49451,23.59,22.5365,17.476,0.156563636,3292,sim198,DSim,U,M,4,0.513,NA
9/8/20,10:42:29,13,18,1,38699,38718,1.683235228,5.84147,2.593742409,15.8015,12.494545,23.575,22.405,17.4975,0,3293,sim198,DSim,I,M,4,0.526,NA
9/8/20,10:47:29,14,19,1,38966,38985,1.572822254,5.637145,2.429299056,15.765,12.495265,23.58,22.28,17.5805,1.07E-15,3294,sim198,DSim,I,M,4,0.514,NA
9/8/20,10:57:28,15,21,1,39607,39626,1.669048111,6.33604,3.169319906,12.8225,12.49494,23.565,21.8435,17.521,0,3295,sim198,DSim,I,M,4,0.536,bad flow
9/8/20,11:02:29,16,22,1,39908,39927,1.637149835,5.67969,2.547785893,15.645,12.494135,23.5525,21.425,17.529,2.27E-05,3296,sim198,DSim,I,M,4,0.547,NA
9/8/20,11:12:29,1,24,1,40412,40431,2.036723306,6.306475,3.200600475,15.494,12.49767,23.56,20.627,17.6425,-5.36E-16,3281,sim198,DSim,U,F,4,0.721,NA
9/8/20,11:17:29,2,25,1,40649,40668,1.936394568,6.100735,3.025412015,15.584,12.495905,23.5635,20.31,17.518,-2.68E-16,3282,sim198,DSim,U,F,4,0.796,NA
9/8/20,11:27:29,3,27,1,41254,41273,1.714834363,5.73494,2.688265046,15.532,12.495385,23.57,20.348,17.529,2.14E-15,3283,sim198,DSim,U,F,4,0.746,NA
9/8/20,11:32:29,4,28,1,41630,41649,2.284201731,6.631015,3.603343781,15.436,12.49471,23.59,20.01,17.595,0,3284,sim198,DSim,U,F,4,0.912,NA
9/8/20,11:42:29,5,30,1,42253,42272,2.156589301,6.346205,3.333270171,15.7555,12.49457,23.61,19.55,17.5965,-5.36E-16,3285,sim198,DSim,I,F,4,1.014,NA
9/8/20,11:47:29,6,31,1,42596,42615,2.489703185,6.82165,3.823791654,15.8575,12.49498,23.64,19.5815,17.5465,1.479890909,3286,sim198,DSim,I,F,4,0.777,NA
9/8/20,11:57:29,7,33,2,43209,43228,1.960271998,6.0553,3.074560189,15.529,12.493985,23.66,19.1225,17.522,-2.14E-15,3287,sim198,DSim,I,F,4,0.81,NA
9/8/20,12:02:29,8,34,2,43359,43378,1.800342317,5.804495,2.83211247,15.483,12.494895,23.66,18.96,17.4905,-8.57E-15,3288,sim198,DSim,I,F,4,0.786,NA
9/8/20,12:12:29,9,36,2,44079,44098,1.45895871,5.167245,2.214369998,16.049,12.494025,23.69,19.312,17.6205,8.57E-15,3289,sim198,DSim,U,M,4,0.51,NA
9/8/20,12:17:29,10,37,2,44287,44306,1.589480955,5.410625,2.466263131,15.6995,12.49599,23.7,19.2935,17.5385,0.563281818,3290,sim198,DSim,U,M,4,0.508,NA
9/8/20,12:27:29,11,39,2,44974,44993,1.632439908,5.45608,2.521769188,15.77,12.49575,23.72,19.25,17.599,0.499118182,3291,sim198,DSim,U,M,4,0.512,NA
9/8/20,12:32:29,12,40,2,45242,45261,1.314180154,5.031005,2.10161081,15.234,12.495615,23.73,19.444,17.56,-3.43E-14,3292,sim198,DSim,U,M,4,0.513,NA
9/8/20,12:42:29,13,42,2,45822,45841,1.378467486,5.058925,2.140224154,15.691,12.495035,23.73,19.3205,17.616,0,3293,sim198,DSim,I,M,4,0.526,NA
9/8/20,12:47:29,14,43,2,46116,46135,1.442897131,5.143625,2.23841172,15.7045,12.49487,23.74,19.009,17.6605,-1.07E-15,3294,sim198,DSim,I,M,4,0.514,NA
9/8/20,12:57:29,15,45,2,46649,46668,1.344523849,5.450755,2.549608433,12.8485,12.496965,23.756,18.9535,17.715,-8.57E-15,3295,sim198,DSim,I,M,4,0.536,bad flow
9/8/20,13:02:29,16,46,2,47026,47045,1.594170387,5.386345,2.483348122,15.6405,12.494715,23.76,18.937,17.6315,0.109645455,3296,sim198,DSim,I,M,4,0.547,NA
9/29/20,11:08:43,5,7,1,40158,40177,1.20916684,1.88639,0.861654998,34.199,12.49394,23.83,33.0985,17.795,6.69E-17,3301,teiB13L11,teis-cascade_4_2,U,M,4,0.397,NA
9/29/20,11:13:43,6,8,1,40540,40559,2.082234436,2.305205,1.475963963,34.383,12.494115,23.85,32.99,17.7435,1.34E-16,3302,teiB13L11,teis-cascade_4_2,U,M,4,0.505,NA
9/29/20,11:23:43,7,10,1,41052,41071,1.210891204,1.61456,0.882914693,33.4255,12.495525,23.8525,32.87,17.702,8.57E-15,3303,teiB13L11,teis-cascade_4_2,U,M,4,0.422,NA
9/29/20,11:28:43,8,11,1,41408,41427,1.593464806,1.73836,1.165574029,33.319,12.494315,23.85,32.76,17.7295,0,3304,teiB13L11,teis-cascade_4_2,U,M,4,0.517,NA
9/29/20,11:38:43,9,13,1,42024,42043,1.462385477,1.443765,1.013610498,35.1615,12.49406,23.84,33.0005,17.716,0,3305,teiB13L11,teis-cascade_4_2,U,F,4,0.568,NA
9/29/20,11:43:43,10,14,1,42237,42256,2.107381206,1.86234,1.529144105,33.5845,12.494705,23.82,33.195,17.6875,0,3306,teiB13L11,teis-cascade_4_2,U,F,4,0.646,NA
9/29/20,11:53:43,11,16,1,42825,42844,1.84908683,1.537385,1.314518105,34.262,12.495795,23.6675,33.62,17.702,3.21E-15,3307,teiB13L11,teis-cascade_4_2,U,F,4,0.839,NA
9/29/20,11:58:43,12,17,1,43174,43193,1.668070505,1.339315,1.221399346,33.252,12.493675,23.56,33.7255,17.761,0,3308,teiB13L11,teis-cascade_4_2,U,F,4,0.541,NA
9/29/20,12:08:43,13,19,1,43865,43884,1.134274506,0.875675,0.813544446,33.939,12.495225,23.49,33.99,17.8025,1.072836364,3309,teiB13L11,teis-cascade_4_2,I,M,4,0.339,NA
9/29/20,12:13:43,14,20,1,44087,44106,1.555920206,1.156455,1.11080052,34.098,12.495355,23.5,34.02,17.72,2.14E-15,3310,teiB13L11,teis-cascade_4_2,I,M,4,0.477,NA
9/29/20,12:23:43,15,22,1,44765,44784,1.938332801,2.01298,2.001454068,23.5805,12.49625,23.558,34.2735,17.7775,0,3311,teiB13L11,teis-cascade_4_2,I,M,4,0.273,bad flow
9/29/20,12:28:43,16,23,1,44945,44964,1.707129711,1.224965,1.230923876,33.7695,12.496225,23.57,34.5,17.777,0.078613636,3312,teiB13L11,teis-cascade_4_2,I,M,4,NA,dead
9/29/20,12:38:43,1,25,1,45661,45680,1.887104326,1.314645,1.386599963,33.129,12.49417,23.49,33.96,17.829,0,3297,teiB13L11,teis-cascade_4_2,I,F,4,0.725,NA
9/29/20,12:43:43,2,26,1,45945,45964,1.632483403,1.051815,1.178625234,33.7105,12.495045,23.4445,34.15,17.818,0.344963636,3298,teiB13L11,teis-cascade_4_2,I,F,4,0.56,NA
9/29/20,12:53:43,3,28,1,46423,46442,1.995069922,1.30774,1.460974101,33.2265,12.49788,23.36,34.3355,17.847,-2.14E-15,3299,teiB13L11,teis-cascade_4_2,I,F,4,0.775,NA
9/29/20,12:58:43,4,29,1,46780,46799,1.982164521,1.253125,1.453910755,33.161,12.493105,23.2695,34.3455,17.8965,0.845713636,3300,teiB13L11,teis-cascade_4_2,I,F,4,0.55,NA
9/29/20,13:08:43,5,31,2,47364,47383,0.967911212,0.458125,0.68940905,34.1555,12.496075,23.1775,34.57,17.9575,8.57E-15,3301,teiB13L11,teis-cascade_4_2,U,M,4,0.397,NA
9/29/20,13:13:43,6,32,2,47774,47793,1.849453977,1.04092,1.309509311,34.3345,12.49573,23.11,34.552,17.93,-4.28E-15,3302,teiB13L11,teis-cascade_4_2,U,M,4,0.505,NA
9/29/20,13:23:43,7,34,2,48273,48292,1.416057273,0.759275,1.031005141,33.387,12.49646,23.08,34.44,17.9105,0.000518182,3303,teiB13L11,teis-cascade_4_2,U,M,4,0.422,NA
9/29/20,13:28:43,8,35,2,48650,48669,1.307225689,0.676385,0.951367489,33.3905,12.494555,23.07,34.58,18.0335,1.29E-14,3304,teiB13L11,teis-cascade_4_2,U,M,4,0.517,NA
9/29/20,13:38:43,9,37,2,49123,49142,1.153673315,0.530435,0.797981292,35.1545,12.495485,23.17,34.8535,17.8675,1.71E-14,3305,teiB13L11,teis-cascade_4_2,U,F,4,0.568,NA
9/29/20,13:43:42,10,38,2,49507,49526,1.673936281,0.97029,1.214698908,33.518,12.495945,23.2425,34.93,17.8545,0,3306,teiB13L11,teis-cascade_4_2,U,F,4,0.646,NA
9/29/20,13:53:43,11,40,2,50086,50105,1.778487554,1.03611,1.265548896,34.2025,12.49431,23.4385,34.744,17.849,2.14E-15,3307,teiB13L11,teis-cascade_4_2,U,F,4,0.839,NA
9/29/20,13:58:43,12,41,2,50421,50440,1.49345949,0.88179,1.094142451,33.2325,12.494065,23.546,34.55,17.9595,1.07E-15,3308,teiB13L11,teis-cascade_4_2,U,F,4,0.541,NA
9/29/20,14:08:42,13,43,2,50971,50990,1.531083504,0.89235,1.098624662,33.949,12.496445,23.7,34.3745,17.9485,0.150886364,3309,teiB13L11,teis-cascade_4_2,I,M,4,0.339,NA
9/29/20,14:13:43,14,44,2,51382,51401,2.064039916,1.275965,1.47652484,34.0655,12.49481,23.82,34.16,17.842,3.43E-14,3310,teiB13L11,teis-cascade_4_2,I,M,4,0.477,NA
9/29/20,14:23:42,15,46,2,51947,51966,1.503043631,1.34456,1.554065822,23.578,12.49382,23.93,33.97,17.8415,0.639954545,3311,teiB13L11,teis-cascade_4_2,I,M,4,0.273,bad flow
9/29/20,14:28:42,16,47,2,52131,52150,2.293162769,1.4385,1.654569146,33.7885,12.495825,23.94,33.92,0.1965,0.808413636,3312,teiB13L11,teis-cascade_4_2,I,M,4,NA,dead
9/29/20,14:38:42,1,49,2,52867,52886,2.044607504,1.230665,1.507606099,33.0545,12.494555,23.86,34.1265,0.1955,0.564536364,3297,teiB13L11,teis-cascade_4_2,I,F,4,0.725,NA
9/29/20,14:43:42,2,50,2,53066,53085,2.126689704,1.21782,1.534740076,33.7685,12.494475,23.819,34.156,0.1945,0.859654545,3298,teiB13L11,teis-cascade_4_2,I,F,4,0.56,NA
9/29/20,14:53:42,3,52,2,53663,53682,1.895788192,1.02821,1.389097504,33.239,12.49462,23.648,34.47,0.2045,4.28E-15,3299,teiB13L11,teis-cascade_4_2,I,F,4,0.775,NA
9/29/20,14:58:42,4,53,2,53948,53967,1.256856801,0.52921,0.921446761,33.211,12.49642,23.56,34.5185,0.184,-2.74E-13,3300,teiB13L11,teis-cascade_4_2,I,F,4,0.55,NA
9/29/20,15:08:42,5,55,3,54647,54666,1.154784769,0.408265,0.822723609,34.1565,12.49506,23.3935,34.75,0.187,0.235763636,3301,teiB13L11,teis-cascade_4_2,U,M,4,0.397,NA
9/29/20,15:13:42,6,56,3,54822,54841,2.052294539,1.03703,1.455914989,34.2995,12.4957,23.36,34.7825,0.199,0.146590909,3302,teiB13L11,teis-cascade_4_2,U,M,4,0.505,NA
9/29/20,15:23:42,7,58,3,55575,55594,1.470289264,0.631975,1.070385739,33.411,12.495865,23.25,35.03,0.179,0.4613,3303,teiB13L11,teis-cascade_4_2,U,M,4,0.422,NA
9/29/20,15:28:42,8,59,3,55725,55744,2.027504682,1.0339,1.480401971,33.3095,12.49536,23.2345,35.23,0.1675,1.37E-13,3304,teiB13L11,teis-cascade_4_2,U,M,4,0.517,NA
10/6/20,9:50:09,7,9,1,35462,35481,1.863348708,1.40099,1.328529682,34.188,12.878355,23.9,29.479,17.7365,6.69E-17,3319,teiB13L11,teis-cascade_4_2,I,F,4,0.837,NA
10/6/20,9:55:09,8,10,1,35814,35833,1.626228918,1.08612,1.162551195,34.096,12.886385,23.88,29.53,17.6315,2.14E-15,3320,teiB13L11,teis-cascade_4_2,I,F,4,0.729,NA
10/6/20,10:05:09,9,12,1,36414,36433,1.283984125,0.70031,0.870459241,35.9515,12.82999,23.86,29.36,17.6885,0,3321,teiB13L11,teis-cascade_4_2,I,M,4,0.461,NA
10/6/20,10:10:09,10,13,1,36614,36633,1.573947044,0.891,1.117810536,34.319,12.84064,23.86,29.39,17.6925,0.009922727,3322,teiB13L11,teis-cascade_4_2,I,M,4,0.504,NA
10/6/20,10:20:09,11,15,1,37243,37262,1.246055075,0.557985,0.866176433,35.0585,12.925635,23.84,29.63,17.7865,0,3323,teiB13L11,teis-cascade_4_2,I,M,4,0.502,NA
10/6/20,10:25:09,12,16,1,37561,37580,1.442835498,0.657105,1.032936067,34.043,12.96348,23.85,29.71,17.651,0.232590909,3324,teiB13L11,teis-cascade_4_2,I,M,4,NA,dead
10/6/20,10:35:09,13,18,1,38225,38244,1.496690511,0.602345,1.051368451,34.697,12.928665,23.8545,29.75,17.752,0.112118182,3325,teiB13L11,teis-cascade_4_2,U,M,4,0.473,NA
10/6/20,10:40:09,14,19,1,38441,38460,1.533263429,0.579215,1.07064638,34.9035,12.92525,23.86,29.79,17.694,0.464363636,3326,teiB13L11,teis-cascade_4_2,U,M,4,0.466,NA
10/6/20,10:50:09,15,21,1,39104,39123,2.488067483,1.962635,2.517993411,24.083,12.96942,23.86,29.87,17.706,0.695981818,3327,teiB13L11,teis-cascade_4_2,U,M,4,NA,"dead, bad flow"
10/6/20,10:55:09,16,22,1,39467,39486,1.77852428,0.63974,1.254813517,34.543,12.95632,23.86,29.9,17.734,1.270209091,3328,teiB13L11,teis-cascade_4_2,U,M,4,NA,dead
10/6/20,11:05:09,1,24,1,40002,40021,1.681572454,0.574575,1.212327402,33.808,12.982495,23.86,30.038,17.8275,0,3313,teiB13L11,teis-cascade_4_2,U,F,4,0.821,NA
10/6/20,11:10:09,2,25,1,40253,40272,1.32688313,0.2739,0.935102101,34.586,13.006225,23.87,30.13,17.7855,-2.14E-15,3314,teiB13L11,teis-cascade_4_2,U,F,4,0.69,NA
10/6/20,11:20:08,3,27,1,40969,40988,1.989098518,0.729145,1.425344185,34.0145,13.16415,23.904,30.44,17.739,-3.43E-14,3315,teiB13L11,teis-cascade_4_2,U,F,4,0.706,NA
10/6/20,11:25:09,4,28,1,41200,41219,1.551288803,0.39883,1.113609107,33.9595,13.209135,23.924,30.473,17.852,0.012795455,3316,teiB13L11,teis-cascade_4_2,U,F,4,NA,dead
10/6/20,11:35:09,5,30,1,41761,41780,1.668830787,0.410235,1.163438219,34.9735,13.17224,23.97,30.51,17.9155,-1.07E-15,3317,teiB13L11,teis-cascade_4_2,I,F,4,0.664,NA
10/6/20,11:40:09,6,31,1,42071,42090,1.697515973,0.37006,1.17810701,35.1315,12.992875,23.97,30.395,17.856,8.57E-15,3318,teiB13L11,teis-cascade_4_2,I,F,4,0.648,NA
10/6/20,11:50:09,7,33,2,42656,42675,1.642182056,0.31379,1.170847864,34.1865,12.64799,23.88,30.049,17.8455,-5.36E-16,3319,teiB13L11,teis-cascade_4_2,I,F,4,0.837,NA
10/6/20,11:55:09,8,34,2,43032,43051,1.63721749,0.2491,1.170427999,34.078,12.518845,23.729,30.06,17.8285,0,3320,teiB13L11,teis-cascade_4_2,I,F,4,0.729,NA
10/6/20,12:05:09,9,36,2,43594,43613,1.741230913,0.236935,1.178029753,35.9885,12.443695,23.56,30.28,17.9375,1.247636364,3321,teiB13L11,teis-cascade_4_2,I,M,4,0.461,NA
10/6/20,12:10:09,10,37,2,43906,43925,1.777471787,0.304495,1.262780229,34.264,12.47266,23.489,30.31,17.8675,3.43E-14,3322,teiB13L11,teis-cascade_4_2,I,M,4,0.504,NA
10/6/20,12:20:09,11,39,2,44538,44557,1.524421216,0.08031,1.060129897,34.9905,12.5275,23.38,30.42,17.8825,6.86E-14,3323,teiB13L11,teis-cascade_4_2,I,M,4,0.502,NA
10/6/20,12:25:09,12,40,2,44709,44728,1.334289111,-0.036365,0.955094264,33.993,12.54048,23.3605,30.42,0.132,-6.86E-14,3324,teiB13L11,teis-cascade_4_2,I,M,4,NA,dead
10/6/20,12:35:09,13,42,2,45443,45462,1.214452875,-0.15981,0.849483965,34.774,12.58651,23.28,30.525,0.136,0.079581818,3325,teiB13L11,teis-cascade_4_2,U,M,4,0.473,NA
10/6/20,12:40:09,14,43,2,45630,45649,1.074519432,-0.2646,0.749163111,34.885,12.58899,23.265,30.53,0.1435,-3.43E-14,3326,teiB13L11,teis-cascade_4_2,U,M,4,0.466,NA
10/6/20,12:50:09,15,45,2,46242,46261,1.261096556,0.274405,1.276063653,24.0375,12.81212,23.25,30.57,0.1635,0.224709091,3327,teiB13L11,teis-cascade_4_2,U,M,4,NA,"dead, bad flow"
10/6/20,12:55:09,16,46,2,46565,46584,1.181375627,-0.139905,0.83063934,34.5985,13.03325,23.3,30.53,0.173,2.74E-13,3328,teiB13L11,teis-cascade_4_2,U,M,4,NA,dead
10/6/20,13:05:09,1,48,2,47128,47147,1.926580543,0.436185,1.385927605,33.832,13.20269,23.43,30.27,0.187,1.035340909,3313,teiB13L11,teis-cascade_4_2,U,F,4,0.821,NA
10/6/20,13:10:09,2,49,2,47411,47430,2.101227262,0.549325,1.480261201,34.553,13.296505,23.49,30.253,0.188,1.869818182,3314,teiB13L11,teis-cascade_4_2,U,F,4,0.69,NA
10/6/20,13:20:09,3,51,2,48038,48057,1.700629892,0.30621,1.21766453,34.013,13.39454,23.6,30.16,0.199,0.960204545,3315,teiB13L11,teis-cascade_4_2,U,F,4,0.706,NA
10/6/20,13:25:08,4,52,2,48326,48345,1.151224694,-0.069755,0.82652607,33.926,13.45745,23.67,30.16,0.2435,1.37E-13,3316,teiB13L11,teis-cascade_4_2,U,F,4,NA,dead
10/9/20,9:40:31,7,9,1,34859,34878,1.426399438,1.073845,1.016221677,34.23,12.984155,24.04,31.64,17.651,-1.07E-15,3335,teiB13L11,teis-cascade_4_2,U,F,4,0.624,NA
10/9/20,9:45:31,8,10,1,35139,35158,2.268942371,1.564525,1.619395602,34.17,12.927695,24.048,31.57,17.615,-8.57E-15,3336,teiB13L11,teis-cascade_4_2,U,F,4,0.709,NA
10/9/20,9:55:31,9,12,1,35852,35871,1.395449028,0.74806,0.945435271,35.999,12.91507,24.06,31.64,17.7255,1.040127273,3337,teiB13L11,teis-cascade_4_2,U,M,4,0.435,NA
10/9/20,10:00:31,10,13,1,36060,36079,1.961521401,1.13234,1.394166026,34.3145,12.91672,24.06,31.61,17.6875,2.324140909,3338,teiB13L11,teis-cascade_4_2,U,M,4,0.408,NA
10/9/20,10:10:31,11,15,1,36677,36696,1.502735171,0.69367,1.046105518,35.0325,12.79068,24.04,31.55,0.04,0.136718182,3339,teiB13L11,teis-cascade_4_2,U,M,4,0.458,NA
10/9/20,10:15:31,12,16,1,37035,37054,1.334108747,0.507595,0.956056615,34.028,12.900405,24.02,31.68,0.04,0.701454545,3340,teiB13L11,teis-cascade_4_2,U,M,4,0.44,NA
10/9/20,10:25:31,13,18,1,37555,37574,1.567232569,0.611415,1.099826652,34.7485,12.90519,24.009,31.637,0.04,0.360804545,3341,teiB13L11,teis-cascade_4_2,I,F,4,0.661,NA
10/9/20,10:30:31,14,19,1,37991,38010,1.860219537,0.749185,1.301167486,34.8585,12.866425,23.99,31.67,0.1185,-1.07E-15,3342,teiB13L11,teis-cascade_4_2,I,F,4,0.631,NA
10/9/20,10:40:31,15,21,1,38487,38506,1.45830251,0.90283,1.486056065,23.927,12.90563,23.97,31.99,0.033,0.11105,3343,teiB13L11,teis-cascade_4_2,I,F,4,0.411,bad flow
10/9/20,10:45:31,16,22,1,38773,38792,1.648604538,0.530965,1.160226171,34.6435,12.86618,23.96,31.99,0.039,0.642722727,3344,teiB13L11,teis-cascade_4_2,I,F,4,0.634,NA
10/9/20,10:55:31,1,24,1,39430,39449,1.712342879,0.554595,1.233958107,33.828,12.849325,23.934,32.14,0.0465,0.9433,3329,teiB13L11,teis-cascade_4_2,I,M,4,0.459,NA
10/9/20,11:00:31,2,25,1,39658,39677,1.174779202,0.11974,0.828617673,34.56,12.816265,23.91,32.14,0.04,0,3330,teiB13L11,teis-cascade_4_2,I,M,4,0.407,NA
10/9/20,11:10:31,3,27,1,40264,40283,1.882548175,0.60735,1.349430639,34.0025,12.829685,23.883,32.34,0.0445,0.021009091,3331,teiB13L11,teis-cascade_4_2,I,M,4,0.424,NA
10/9/20,11:15:31,4,28,1,40560,40579,1.661622307,0.423265,1.19222492,33.969,12.854865,23.864,32.38,0.05,0.123236364,3332,teiB13L11,teis-cascade_4_2,I,M,4,0.438,NA
10/9/20,11:25:31,5,30,1,41191,41210,2.101425586,0.64331,1.465825848,34.929,12.663795,23.82,32.2,0.0545,0.344618182,3333,teiB13L11,teis-cascade_4_2,U,F,4,0.625,NA
10/9/20,11:30:31,6,31,1,41433,41452,1.203647719,-0.03859,0.836025895,35.082,12.51291,23.77,32.24,0.1255,3.43E-14,3334,teiB13L11,teis-cascade_4_2,U,F,4,0.495,NA
10/9/20,11:40:31,7,33,2,42122,42141,2.091616188,0.550765,1.49134674,34.148,12.262575,23.548,32.31,0.124,2.383109091,3335,teiB13L11,teis-cascade_4_2,U,F,4,0.624,NA
10/9/20,11:45:31,8,34,2,42488,42507,2.088635348,0.499925,1.490144742,34.1115,12.236475,23.4255,32.446,0.1235,1.03E-13,3336,teiB13L11,teis-cascade_4_2,U,F,4,0.709,NA
10/9/20,11:55:31,9,36,2,42957,42976,1.741967445,0.171335,1.176989886,36.0015,12.194505,23.28,32.74,0.1065,0,3337,teiB13L11,teis-cascade_4_2,U,M,4,0.435,NA
10/9/20,12:00:31,10,37,2,43311,43330,2.796658089,0.94564,1.982574047,34.3015,12.223535,23.18,32.9,0.099,1.37E-13,3338,teiB13L11,teis-cascade_4_2,U,M,4,0.408,NA
10/9/20,12:10:31,11,39,2,43990,44009,2.043211338,0.363855,1.418080748,35.026,12.24293,23.09,33.2,0.0895,1.368081818,3339,teiB13L11,teis-cascade_4_2,U,M,4,0.458,NA
10/9/20,12:15:31,12,40,2,44291,44310,1.94396666,0.32408,1.388095865,34.039,12.2653,23.05,33.358,0.0625,1.228854545,3340,teiB13L11,teis-cascade_4_2,U,M,4,0.44,NA
10/9/20,12:25:31,13,42,2,44862,44881,1.330994834,-0.113645,0.930541363,34.7665,12.63314,23.07,33.4,0.1375,0.294022727,3341,teiB13L11,teis-cascade_4_2,I,F,4,0.661,NA
10/9/20,12:30:31,14,43,2,45167,45186,1.322845463,-0.09801,0.922597706,34.857,12.764545,23.135,33.56,17.844,4.28E-15,3342,teiB13L11,teis-cascade_4_2,I,F,4,0.631,NA
10/9/20,12:40:31,15,45,2,45785,45804,1.96892273,1.00352,2.001988113,23.9205,12.927435,23.25,33.2525,17.9635,0.743245455,3343,teiB13L11,teis-cascade_4_2,I,F,4,0.411,bad flow
10/9/20,12:45:31,16,46,2,46091,46110,1.708715496,0.224825,1.202191736,34.58,13.021105,23.34,32.98,17.885,1.71E-14,3344,teiB13L11,teis-cascade_4_2,I,F,4,0.634,NA
10/13/20,10:02:23,9,11,1,36194,36213,1.851528498,1.03373,1.253031055,35.9995,12.8371,23.74,29.12,17.68,4.28E-15,3353,teiB13L11,teis-cascade_4_2,I,F,4,0.667,NA
10/13/20,10:07:23,10,12,1,36601,36620,1.807661527,0.964115,1.286261645,34.2405,12.874635,23.76,29.2665,17.6595,4.28E-15,3354,teiB13L11,teis-cascade_4_2,I,F,4,0.646,NA
10/13/20,10:17:23,11,14,1,37153,37172,1.804322106,0.863095,1.255656755,35.015,12.856845,23.79,29.32,17.538,0,3355,teiB13L11,teis-cascade_4_2,I,F,4,0.757,NA
10/13/20,10:22:23,12,15,1,37390,37409,1.59851619,0.68554,1.144624344,34.0295,12.83598,23.79,29.2415,17.59,2.14E-15,3356,teiB13L11,teis-cascade_4_2,I,F,4,0.588,NA
10/13/20,10:32:24,13,17,1,38057,38076,1.995473684,0.85609,1.401076471,34.7055,12.78668,23.8,29.275,17.5995,0.109331818,3357,teiB13L11,teis-cascade_4_2,I,M,4,0.463,NA
10/13/20,10:37:23,14,18,1,38395,38414,0.97969045,0.069085,0.685492853,34.825,12.769445,23.7975,29.4975,17.5215,-4.28E-15,3358,teiB13L11,teis-cascade_4_2,I,M,4,0.359,NA
10/13/20,10:47:24,15,20,1,38868,38887,1.976405041,1.35966,1.999652225,24.0815,12.71328,23.77,29.83,17.4825,0.952440909,3359,teiB13L11,teis-cascade_4_2,I,M,4,0.456,bad flow
10/13/20,10:52:23,16,21,1,39172,39191,1.293597002,0.23236,0.911374363,34.581,12.626725,23.747,29.8925,17.5525,4.28E-15,3360,teiB13L11,teis-cascade_4_2,I,M,4,0.553,NA
10/13/20,11:02:24,1,23,1,39904,39923,1.338245067,0.233595,0.964694409,33.796,12.65696,23.711,30.2385,17.4895,-1.37E-13,3345,teiB13L11,teis-cascade_4_2,U,M,4,0.458,NA
10/13/20,11:07:24,2,24,1,40067,40086,1.106230937,0.028695,0.778859968,34.599,12.66207,23.71,30.3705,17.478,0.041322727,3346,teiB13L11,teis-cascade_4_2,U,M,4,0.442,NA
10/13/20,11:17:24,3,26,1,40644,40663,1.370088819,0.212215,0.98236571,33.978,12.666145,23.69,30.8115,17.429,0.093090909,3347,teiB13L11,teis-cascade_4_2,U,M,4,0.371,NA
10/13/20,11:22:24,4,27,1,40944,40963,2.426101968,0.96301,1.739763333,33.969,12.68085,23.68,30.84,17.456,1.043659091,3348,teiB13L11,teis-cascade_4_2,U,M,4,NA,dead
10/13/20,11:32:24,5,29,1,41611,41630,1.289183377,0.09769,0.898939174,34.9315,12.674305,23.67,30.92,17.4865,0,3349,teiB13L11,teis-cascade_4_2,U,F,4,0.723,NA
10/13/20,11:37:24,6,30,1,41880,41899,1.800247549,0.41643,1.246106052,35.1855,12.653185,23.65,30.84,17.4345,0,3350,teiB13L11,teis-cascade_4_2,U,F,4,0.93,NA
10/13/20,11:47:24,7,32,1,42549,42568,1.85727494,0.46546,1.324227991,34.1565,12.670625,23.62,30.92,17.444,0,3351,teiB13L11,teis-cascade_4_2,U,F,4,0.611,NA
10/13/20,11:52:24,8,33,1,42904,42923,1.167090398,-0.047945,0.833506925,34.096,12.66622,23.61,30.72,17.583,-8.57E-15,3352,teiB13L11,teis-cascade_4_2,U,F,4,0.664,NA
10/13/20,12:02:24,9,35,2,43459,43478,2.028843905,0.482115,1.372110117,36.0065,12.65695,23.596,30.68,17.58,0.413672727,3353,teiB13L11,teis-cascade_4_2,I,F,4,0.667,NA
10/13/20,12:07:24,10,36,2,43688,43707,1.737174076,0.335695,1.233123164,34.303,12.66861,23.59,30.61,17.5835,0.244868182,3354,teiB13L11,teis-cascade_4_2,I,F,4,0.646,NA
10/13/20,12:17:24,11,38,2,44368,44387,1.47081782,0.112235,1.022340601,35.03,12.67967,23.57,30.29,17.5095,-8.57E-15,3355,teiB13L11,teis-cascade_4_2,I,F,4,0.757,NA
10/13/20,12:22:24,12,39,2,44594,44613,1.851852036,0.410175,1.32795111,33.955,12.67218,23.57,30.29,17.394,0.431890909,3356,teiB13L11,teis-cascade_4_2,I,F,4,0.588,NA
10/13/20,12:32:23,13,41,2,45254,45273,1.952292226,0.4511,1.369213189,34.719,12.70947,23.57,30.21,17.5485,0.539740909,3357,teiB13L11,teis-cascade_4_2,I,M,4,0.463,NA
10/13/20,12:37:24,14,42,2,45541,45560,1.846621831,0.37756,1.291235384,34.821,12.73803,23.57,30.485,17.5235,0,3358,teiB13L11,teis-cascade_4_2,I,M,4,0.359,NA
10/13/20,12:47:24,15,44,2,46114,46133,2.103732404,1.21301,2.130556394,24.042,12.770405,23.57,30.959,17.5455,1.990063636,3359,teiB13L11,teis-cascade_4_2,I,M,4,0.456,bad flow
10/13/20,12:52:24,16,45,2,46361,46380,1.980695488,0.473055,1.396782038,34.5275,12.76974,23.5725,31.15,17.508,1.349195455,3360,teiB13L11,teis-cascade_4_2,I,M,4,0.553,NA
10/20/20,10:22:02,5,7,1,37482,37501,2.477204971,4.90562,3.433699944,17.5765,11.39234,23.745,31.215,17.6495,0.190418182,3365,CSBerk,DMel_CSBerk,I,M,4,0.564,NA
10/20/20,10:27:02,6,8,1,37622,37641,2.550529889,4.903565,3.525175434,17.627,11.28917,23.74,30.883,17.8085,0.819377273,3366,CSBerk,DMel_CSBerk,I,M,4,0.718,NA
10/20/20,10:37:02,7,10,1,38222,38241,2.565938785,4.829345,3.625546643,17.2395,11.46894,23.729,30.46,17.856,0.7139,3367,CSBerk,DMel_CSBerk,I,M,4,0.639,NA
10/20/20,10:42:02,8,11,1,38632,38651,1.974772309,3.801375,2.791820113,17.231,11.10514,23.7085,30.03,17.811,-5.36E-16,3368,CSBerk,DMel_CSBerk,I,M,4,0.64,NA
10/20/20,10:52:02,9,13,1,39122,39141,3.383170297,5.544945,4.599409641,17.9175,11.422805,23.69,29.674,17.644,3.43E-14,3369,CSBerk,DMel_CSBerk,U,F,4,0.995,NA
10/20/20,10:57:02,10,14,1,39582,39601,3.461340529,5.64827,4.830009135,17.4555,11.068335,23.68,29.5755,17.9445,-3.43E-14,3370,CSBerk,DMel_CSBerk,U,F,4,1.02,NA
10/20/20,11:07:02,11,16,1,40022,40041,3.323589023,5.41687,4.620422505,17.5205,11.260915,23.69,29.4675,18.057,0.034286364,3371,CSBerk,DMel_CSBerk,U,F,4,1.104,NA
10/20/20,11:12:02,12,17,1,40463,40482,3.359511038,5.50298,4.771864782,17.1495,11.098105,23.702,29.0055,17.88,0.265977273,3372,CSBerk,DMel_CSBerk,U,F,4,0.984,NA
10/20/20,11:22:02,13,19,1,40922,40941,2.493738687,4.184755,3.482791064,17.4435,11.312345,23.73,28.76,17.996,0.405727273,3373,CSBerk,DMel_CSBerk,U,M,4,0.626,NA
10/20/20,11:27:02,14,20,1,41222,41241,2.21369621,3.73184,3.08762694,17.467,11.10937,23.74,28.6,17.8515,0.203159091,3374,CSBerk,DMel_CSBerk,U,M,4,0.63,NA
10/20/20,11:37:02,15,22,1,41822,41841,1.422122197,3.071145,2.479958869,13.972,11.28929,23.77,27.89,17.9005,-3.43E-14,3375,CSBerk,DMel_CSBerk,U,M,4,0.656,bad flow
10/20/20,11:42:02,16,23,1,42228,42247,1.845818895,3.11324,2.586003365,17.393,11.09403,23.8,27.9355,17.8835,0.082890909,3376,CSBerk,DMel_CSBerk,U,M,4,0.713,NA
10/20/20,11:52:02,1,25,1,42882,42901,2.418678042,3.892775,3.433762987,17.165,11.02522,23.8115,28.44,17.8165,0,3361,CSBerk,DMel_CSBerk,I,F,4,1.211,NA
10/20/20,11:57:02,2,26,1,43022,43041,2.547197262,4.020685,3.589829028,17.291,10.97383,23.81,28.43,17.8335,0.309877273,3362,CSBerk,DMel_CSBerk,I,F,4,0.887,NA
10/20/20,12:07:02,3,28,1,43622,43641,2.635078219,4.114545,3.732623829,17.201,10.99869,23.778,27.9795,18.0095,0.111536364,3363,CSBerk,DMel_CSBerk,I,F,4,1.127,NA
10/20/20,12:12:02,4,29,1,44081,44100,2.045387225,3.231555,2.902253592,17.171,10.91959,23.76,27.086,18.122,-3.43E-14,3364,CSBerk,DMel_CSBerk,I,F,4,1.141,NA
10/20/20,12:22:02,5,31,2,44522,44541,1.79831495,2.8176,2.495661707,17.556,11.02318,23.7535,26.114,18.123,0.991804545,3365,CSBerk,DMel_CSBerk,I,M,4,0.564,NA
10/20/20,12:27:02,6,32,2,44834,44853,2.032739066,3.12303,2.81593133,17.588,10.92395,23.76,25.3605,18.206,-1.37E-13,3366,CSBerk,DMel_CSBerk,I,M,4,0.718,NA
10/20/20,12:37:02,7,34,2,45422,45441,1.443993441,2.33175,2.042033783,17.2305,11.04681,23.79,24.415,17.784,0,3367,CSBerk,DMel_CSBerk,I,M,4,0.639,NA
10/20/20,12:42:02,8,35,2,45730,45749,1.464671165,2.3393,2.07310903,17.216,10.923745,23.8,23.9315,17.764,0,3368,CSBerk,DMel_CSBerk,I,M,4,0.64,NA
10/20/20,12:52:02,9,37,2,46322,46341,2.679405855,3.893915,3.652094372,17.8785,11.02168,23.81,23.81,17.7305,0.345604545,3369,CSBerk,DMel_CSBerk,U,F,4,0.995,NA
10/20/20,12:57:02,10,38,2,46777,46796,2.413066256,3.562075,3.362539028,17.487,10.83615,23.8,23.85,17.991,0.450654545,3370,CSBerk,DMel_CSBerk,U,F,4,1.02,NA
10/20/20,13:07:02,11,40,2,47222,47241,2.063568609,3.059505,2.87029622,17.5155,10.88739,23.76,23.93,17.693,0,3371,CSBerk,DMel_CSBerk,U,F,4,1.104,NA
10/20/20,13:12:02,12,41,2,47682,47701,2.760234986,4.08093,3.923618081,17.1385,10.75443,23.73,24.01,17.789,1.337795455,3372,CSBerk,DMel_CSBerk,U,F,4,0.984,NA
10/20/20,13:22:02,13,43,2,48122,48141,2.091170071,3.065965,2.913698053,17.484,10.8273,23.71,24.09,17.5725,0.993372727,3373,CSBerk,DMel_CSBerk,U,M,4,0.626,NA
10/20/20,13:27:02,14,44,2,48576,48595,1.479357988,2.2068,2.069910267,17.409,10.722745,23.69,23.419,17.6085,1.71E-14,3374,CSBerk,DMel_CSBerk,U,M,4,0.63,NA
11/11/20,9:48:55,7,9,1,35335,35354,3.498259498,10.40029,5.093706987,16.7315,12.494345,23.73,20.2105,17.651,2.656104545,3383,FFD25,DMel_FFD25,U,F,5,0.934,NA
11/11/20,9:53:55,8,10,1,35795,35814,3.995378906,10.850005,5.822952322,16.714,12.494685,23.7,20,17.769,0.925059091,3384,FFD25,DMel_FFD25,U,F,5,1.323,NA
11/11/20,10:03:55,9,12,1,36235,36254,2.817250521,8.908595,3.954308522,17.354,12.495945,23.68,19.99,17.8375,1.089381818,3385,FFD25,DMel_FFD25,U,M,5,0.682,NA
11/11/20,10:08:55,10,13,1,36535,36554,2.693407809,8.669935,3.870845333,16.947,12.497285,23.65,19.88,18.0315,0.897922727,3386,FFD25,DMel_FFD25,U,M,5,0.69,NA
11/11/20,10:18:55,11,15,1,37245,37264,2.432014056,8.11552,3.476293101,17.0345,12.496825,23.57,19.72,18.0945,-3.43E-14,3387,FFD25,DMel_FFD25,U,M,5,0.641,NA
11/11/20,10:23:55,12,16,1,37595,37614,2.075946249,7.57095,3.037200341,16.6415,12.49562,23.55,19.84,18.268,0,3388,FFD25,DMel_FFD25,U,M,5,0.762,NA
11/11/20,10:33:55,13,18,1,38035,38054,1.663025202,6.895045,2.391268979,16.932,12.495235,23.549,19.88,18.2395,-8.57E-15,3389,FFD25,DMel_FFD25,I,M,5,0.598,NA
11/11/20,10:38:55,14,19,1,38343,38362,2.650866688,8.2436,3.804303445,16.9655,12.496545,23.5545,19.92,18.2545,0.109454545,3390,FFD25,DMel_FFD25,I,M,5,0.78,NA
11/11/20,10:48:55,15,21,1,38935,38954,1.902157885,7.79364,3.408001372,13.591,12.49764,23.585,19.99,18.046,0,3391,FFD25,DMel_FFD25,I,M,5,0.741,bad flow
11/11/20,10:53:55,16,22,1,39276,39295,2.248849738,7.572555,3.239180421,16.9075,12.496045,23.62,19.9875,18.003,3.43E-14,3392,FFD25,DMel_FFD25,I,M,5,0.667,NA
11/11/20,11:03:55,1,24,1,39835,39854,3.603867709,9.55176,5.256878707,16.6995,12.49775,23.685,20.0555,17.914,1.71E-14,3377,FFD25,DMel_FFD25,I,F,5,1.083,NA
11/11/20,11:08:55,2,25,1,40208,40227,3.353591582,9.113565,4.872829124,16.7665,12.497985,23.73,19.93,18.1585,1.415963636,3378,FFD25,DMel_FFD25,I,F,5,1.23,NA
11/11/20,11:18:55,3,27,1,40735,40754,2.963883642,8.56261,4.352096279,16.593,12.496615,23.78,19.73,17.87,3.43E-14,3379,FFD25,DMel_FFD25,I,F,5,1.289,NA
11/11/20,11:23:55,4,28,1,41035,41054,2.72614683,8.168375,3.995422725,16.6275,12.49803,23.8165,19.696,17.8075,2.124954545,3380,FFD25,DMel_FFD25,I,F,5,1.082,NA
11/11/20,11:33:55,5,30,1,41635,41654,2.833061776,8.19132,4.059804049,17.008,12.49635,23.86,19.665,17.6175,3.43E-14,3381,FFD25,DMel_FFD25,U,F,5,1.221,NA
11/11/20,11:38:55,6,31,1,42034,42053,2.241631651,7.267155,3.197920351,17.086,12.496195,23.89,19.409,17.828,0.331704545,3382,FFD25,DMel_FFD25,U,F,5,0.896,NA
11/11/20,11:48:55,7,33,2,42614,42633,2.626970492,7.85463,3.824750365,16.742,12.49337,23.896,19.1235,17.9665,1.674368182,3383,FFD25,DMel_FFD25,U,F,5,0.934,NA
11/11/20,11:53:55,8,34,2,42995,43014,2.880349166,8.189545,4.211471173,16.671,12.49529,23.89,18.8605,18.0305,1.669654545,3384,FFD25,DMel_FFD25,U,F,5,1.323,NA
11/11/20,12:03:55,9,36,2,43435,43454,2.292550152,7.180525,3.214572597,17.3825,12.49634,23.8735,18.8,18.1565,0.60175,3385,FFD25,DMel_FFD25,U,M,5,0.682,NA
11/11/20,12:08:55,10,37,2,43846,43865,2.256173643,7.172935,3.241353234,16.9655,12.49647,23.87,19.0655,17.95,1.882195455,3386,FFD25,DMel_FFD25,U,M,5,0.69,NA
11/11/20,12:18:55,11,39,2,44352,44371,2.044346467,6.84031,2.929887311,17.006,12.497545,23.86,19.25,17.9935,0.209431818,3387,FFD25,DMel_FFD25,U,M,5,0.641,NA
11/11/20,12:23:55,12,40,2,44778,44797,1.904895069,6.65732,2.794199034,16.615,12.49775,23.85,19.1975,18.1615,5.14E-14,3388,FFD25,DMel_FFD25,U,M,5,0.762,NA
11/11/20,12:33:54,13,42,2,45234,45253,1.356804829,5.788245,1.943946703,17.009,12.495645,23.82,19.2465,18.625,8.57E-15,3389,FFD25,DMel_FFD25,I,M,5,0.598,NA
11/11/20,12:38:55,14,43,2,45535,45554,1.799525248,6.39062,2.583232418,16.975,12.497745,23.8055,19.098,18.7705,0,3390,FFD25,DMel_FFD25,I,M,5,0.78,NA
11/11/20,12:48:55,15,45,2,46135,46154,1.432235323,6.341945,2.563503959,13.611,12.49675,23.74,18.7,18.4385,6.86E-14,3391,FFD25,DMel_FFD25,I,M,5,0.741,bad flow
11/11/20,12:53:54,16,46,2,46594,46613,1.770362365,6.2971,2.547585779,16.929,12.496635,23.7165,18.74,18.0435,0.042972727,3392,FFD25,DMel_FFD25,I,M,5,0.667,NA
11/11/20,13:03:55,1,48,2,47035,47054,3.211277606,8.428835,4.687520357,16.6875,12.497145,23.6905,18.857,18.1085,-3.43E-14,3377,FFD25,DMel_FFD25,I,F,5,1.083,NA
11/11/20,13:08:55,2,49,2,47341,47360,2.81532707,7.810725,4.087370725,16.7775,12.497435,23.68,18.75,18.1125,2.74E-13,3378,FFD25,DMel_FFD25,I,F,5,1.23,NA
11/11/20,13:18:55,3,51,2,47935,47954,2.764251657,7.74805,4.031174134,16.702,12.49558,23.673,18.926,18.048,0.000140909,3379,FFD25,DMel_FFD25,I,F,5,1.289,NA
11/11/20,13:23:55,4,52,2,48277,48296,1.971719534,6.604,2.87888956,16.6825,12.497185,23.68,18.9355,18.1905,-2.74E-13,3380,FFD25,DMel_FFD25,I,F,5,1.082,NA
11/17/20,10:21:27,7,9,1,37386,37405,3.006369172,8.554135,4.41066546,16.6155,13.554005,23.91,23.35,16.975,6.43E-15,3399,FFD25,DMel_FFD25,U,F,4,0.901,NA
11/17/20,10:26:27,8,10,1,37733,37752,3.63677851,9.301755,5.33620186,16.6135,13.604295,23.91,23.39,16.9755,0.3174,3400,FFD25,DMel_FFD25,U,F,4,1.163,NA
11/17/20,10:36:27,9,12,1,38187,38206,2.043464879,6.77307,2.883472416,17.276,13.60004,23.92,23.51,16.9655,-2.14E-15,3401,FFD25,DMel_FFD25,U,M,4,0.726,NA
11/17/20,10:41:27,10,13,1,38606,38625,2.123648175,6.75721,3.074383133,16.839,13.52836,23.92,23.62,17.0095,0,3402,FFD25,DMel_FFD25,U,M,4,0.665,NA
11/17/20,10:51:26,11,15,1,39195,39214,1.932281629,6.347295,2.776287047,16.9655,13.44376,23.9,23.95,17.0355,8.57E-15,3403,FFD25,DMel_FFD25,U,M,4,0.626,NA
11/17/20,10:56:27,12,16,1,39420,39439,1.90870438,6.301235,2.812206161,16.5435,13.427085,23.884,24.06,16.894,0,3404,FFD25,DMel_FFD25,U,M,4,0.648,NA
11/17/20,11:06:27,13,18,1,39987,40006,2.811006823,7.46835,4.060064672,16.874,13.518495,23.85,24.1245,16.903,0.4884,3405,FFD25,DMel_FFD25,I,F,4,0.959,NA
11/17/20,11:11:27,14,19,1,40400,40419,2.696567335,7.20504,3.896811873,16.864,13.46685,23.83,24.09,17.011,1.078781818,3406,FFD25,DMel_FFD25,I,F,4,1.02,NA
11/17/20,11:21:27,15,21,1,40887,40906,2.354965879,7.500985,4.239939546,13.5355,13.581525,23.8,24.13,17.0395,-4.28E-15,3407,FFD25,DMel_FFD25,I,F,4,1.09,bad flow
11/17/20,11:26:27,16,22,1,41187,41206,2.901946084,7.396305,4.213414133,16.7825,13.427485,23.79,24.17,17.043,0.28005,3408,FFD25,DMel_FFD25,I,F,4,1.098,NA
11/17/20,11:36:27,1,24,1,41787,41806,1.595435727,5.46815,2.348852034,16.5495,13.463335,23.76,24.13,16.939,-1.71E-14,3393,FFD25,DMel_FFD25,I,M,4,0.537,NA
11/17/20,11:41:27,2,25,1,42225,42244,1.795074894,5.67616,2.622597749,16.6755,13.522755,23.74,24.298,16.975,-8.57E-15,3394,FFD25,DMel_FFD25,I,M,4,0.665,NA
11/17/20,11:51:27,3,27,1,42687,42706,2.094815211,6.10233,3.072216451,16.6115,13.41677,23.73,24.44,16.9735,0.088681818,3395,FFD25,DMel_FFD25,I,M,4,0.641,NA
11/17/20,11:56:27,4,28,1,43146,43165,1.771982695,5.56547,2.601711664,16.5905,13.428525,23.6935,24.461,17.0515,6.86E-14,3396,FFD25,DMel_FFD25,I,M,4,0.69,NA
11/17/20,12:06:26,5,30,1,43586,43605,2.46959622,6.496795,3.544593353,16.97,13.423375,23.67,24.51,16.9505,0.001309091,3397,FFD25,DMel_FFD25,U,F,4,1.066,NA
11/17/20,12:11:27,6,31,1,44037,44056,2.811086138,6.95805,4.041313056,16.9425,13.557,23.67,24.66,16.9995,0.04495,3398,FFD25,DMel_FFD25,U,F,4,1.163,NA
11/17/20,12:21:27,7,33,2,44487,44506,2.337534049,6.332055,3.417209954,16.663,13.58684,23.7,24.6355,17.006,1.675877273,3399,FFD25,DMel_FFD25,U,F,4,0.901,NA
11/17/20,12:26:26,8,34,2,44835,44854,2.538354912,6.64475,3.731079658,16.574,13.620025,23.7265,24.53,16.997,1.283963636,3400,FFD25,DMel_FFD25,U,F,4,1.163,NA
11/17/20,12:36:26,9,36,2,45386,45405,1.482936263,5.002265,2.098418837,17.2185,13.6813,23.77,24.523,17.0085,-1.07E-15,3401,FFD25,DMel_FFD25,U,M,4,0.726,NA
11/17/20,12:41:26,10,37,2,45839,45858,1.522600992,5.080495,2.209591629,16.7925,13.76848,23.82,24.496,16.9845,-1.71E-14,3402,FFD25,DMel_FFD25,U,M,4,0.665,NA
11/17/20,12:51:26,11,39,2,46286,46305,1.436849761,4.929065,2.068036271,16.934,13.679535,23.86,24.562,17.095,8.57E-15,3403,FFD25,DMel_FFD25,U,M,4,0.626,NA
11/17/20,12:56:26,12,40,2,46746,46765,1.532740844,5.088965,2.258750016,16.5405,13.786145,23.8915,24.65,16.981,-8.57E-15,3404,FFD25,DMel_FFD25,U,M,4,0.648,NA
11/17/20,13:06:26,13,42,2,47186,47205,2.271135638,6.10558,3.276574613,16.897,13.678015,23.92,24.82,16.948,0.161913636,3405,FFD25,DMel_FFD25,I,F,4,0.959,NA
11/17/20,13:11:26,14,43,2,47497,47516,2.405568379,6.302135,3.47450624,16.8795,13.6602,23.95,24.89,17.049,0.216245455,3406,FFD25,DMel_FFD25,I,F,4,1.02,NA
11/17/20,13:21:26,15,45,2,48086,48105,1.9603744,6.359315,3.536568868,13.515,13.69464,23.97,24.98,17.047,0,3407,FFD25,DMel_FFD25,I,F,4,1.09,bad flow
11/17/20,13:26:26,16,46,2,48469,48488,2.447991341,6.36094,3.550559401,16.811,13.634225,23.98,25.05,16.955,0.930404545,3408,FFD25,DMel_FFD25,I,F,4,1.098,NA
11/17/20,13:36:26,1,48,2,48986,49005,1.312603714,4.729115,1.931619259,16.5695,13.53978,23.989,25.09,16.951,3.43E-14,3393,FFD25,DMel_FFD25,I,M,4,0.537,NA
11/17/20,13:41:26,2,49,2,49286,49305,1.572169001,5.06409,2.289973687,16.7395,13.55576,23.98,25.09,17.032,1.110513636,3394,FFD25,DMel_FFD25,I,M,4,0.665,NA
11/18/20,10:00:02,7,9,1,36002,36021,2.027051588,6.818185,2.969111014,16.634,13.281965,23.77,30.97,16.8685,2.14E-15,3415,FFD25,DMel_FFD25,U,M,5,0.751,NA
11/18/20,10:05:02,8,10,1,36302,36321,2.760269876,7.764885,4.044764087,16.6285,13.293115,23.785,30.8315,16.8165,1.791177273,3416,FFD25,DMel_FFD25,U,M,5,0.728,NA
11/18/20,10:15:02,9,12,1,36902,36921,1.931885884,6.33436,2.725983938,17.2695,13.326385,23.8,30.54,16.8825,-1.34E-16,3417,FFD25,DMel_FFD25,I,M,5,0.677,NA
11/18/20,10:20:02,10,13,1,37202,37221,2.540204457,7.202355,3.684063182,16.803,13.292755,23.82,30.54,16.9495,0.310054545,3418,FFD25,DMel_FFD25,I,M,5,0.685,NA
11/18/20,10:30:02,11,15,1,37802,37821,2.396823261,6.87256,3.445888292,16.952,13.3597,23.85,30.583,16.8555,0.044218182,3419,FFD25,DMel_FFD25,I,M,5,0.62,NA
11/18/20,10:35:02,12,16,1,38162,38181,2.498340045,6.98527,3.671803731,16.5835,13.27509,23.86,30.5115,16.7895,1.092004545,3420,FFD25,DMel_FFD25,I,M,5,0.58,NA
11/18/20,10:45:02,13,18,1,38862,38881,2.903902241,7.40675,4.192238058,16.882,13.212685,23.85,30.54,16.8805,0.158504545,3421,FFD25,DMel_FFD25,I,F,5,1.21,NA
11/18/20,10:50:02,14,19,1,39047,39066,2.533049977,6.83014,3.656859098,16.8815,13.257685,23.84,30.5925,16.916,0.191731818,3422,FFD25,DMel_FFD25,I,F,5,1.138,NA
11/18/20,11:00:02,15,21,1,39602,39621,2.143854863,6.976675,3.851433061,13.5655,13.31519,23.83,30.9,16.9865,0.672904545,3423,FFD25,DMel_FFD25,I,F,5,1.015,bad flow
11/18/20,11:05:02,16,22,1,40055,40074,2.296341117,6.38513,3.330869441,16.801,13.32335,23.828,30.97,16.955,-4.28E-15,3424,FFD25,DMel_FFD25,I,F,5,1.201,NA
11/18/20,11:15:02,1,24,1,40575,40594,3.348055443,7.939185,4.925226401,16.5655,13.221575,23.816,30.9,16.776,1.234213636,3409,FFD25,DMel_FFD25,U,F,5,1.109,NA
11/18/20,11:20:02,2,25,1,40892,40911,2.66932887,6.85429,3.899374093,16.6815,13.411675,23.81,30.97,16.942,1.183309091,3410,FFD25,DMel_FFD25,U,F,5,1.089,NA
11/18/20,11:30:02,3,27,1,41475,41494,2.613252948,6.77394,3.841215378,16.579,13.350275,23.82,31.17,17.092,0.499636364,3411,FFD25,DMel_FFD25,U,F,5,1.151,NA
11/18/20,11:35:02,4,28,1,41702,41721,2.919796233,7.218845,4.294397804,16.5695,13.391705,23.83,31.1,16.9595,1.37E-13,3412,FFD25,DMel_FFD25,U,F,5,1.212,NA
11/18/20,11:45:02,5,30,1,42302,42321,1.288649166,4.753835,1.854933104,16.9305,13.331755,23.8315,31.795,16.9355,0,3413,FFD25,DMel_FFD25,U,M,5,0.49,NA
11/18/20,11:50:02,6,31,1,42602,42621,1.631603578,5.19158,2.337538131,17.0105,13.3782,23.8415,31.934,16.9765,0.787422727,3414,FFD25,DMel_FFD25,U,M,5,0.654,NA
11/18/20,12:00:02,7,33,2,43202,43221,1.526763935,5.05032,2.23423301,16.654,13.28654,23.843,31.57,17.0565,0,3415,FFD25,DMel_FFD25,U,M,5,0.751,NA
11/18/20,12:05:02,8,34,2,43627,43646,2.241040387,6.060385,3.28567878,16.623,13.401255,23.8475,31.7715,17.5045,0.001431818,3416,FFD25,DMel_FFD25,U,M,5,0.728,NA
11/18/20,12:15:02,9,36,2,44262,44281,1.481668808,4.84939,2.089303454,17.283,13.312885,23.84,31.5915,17.0975,2.68E-16,3417,FFD25,DMel_FFD25,I,M,5,0.677,NA
11/18/20,12:20:02,10,37,2,44402,44421,2.243124336,5.997695,3.242583103,16.86,13.314465,23.84,31.492,17.034,0.515404545,3418,FFD25,DMel_FFD25,I,M,5,0.685,NA
11/18/20,12:30:02,11,39,2,45047,45066,2.05539105,5.705355,2.954946123,16.952,13.307435,23.84,31.653,17.102,0.007986364,3419,FFD25,DMel_FFD25,I,M,5,0.62,NA
11/18/20,12:35:02,12,40,2,45302,45321,2.147936213,5.906685,3.154347388,16.596,13.315515,23.84,31.998,17.1275,0.053204545,3420,FFD25,DMel_FFD25,I,M,5,0.58,NA
11/18/20,12:45:02,13,42,2,45902,45921,2.040493515,5.691875,2.945135179,16.885,13.447785,23.852,31.96,17.097,-1.37E-13,3421,FFD25,DMel_FFD25,I,F,5,1.21,NA
11/18/20,12:50:02,14,43,2,46203,46222,2.001780382,5.62736,2.89661114,16.8435,13.439285,23.86,31.85,17.068,0,3422,FFD25,DMel_FFD25,I,F,5,1.138,NA
11/18/20,13:00:02,15,45,2,46802,46821,1.444945179,5.317455,2.599905977,13.5455,13.456285,23.86,31.9405,17.1855,-1.37E-13,3423,FFD25,DMel_FFD25,I,F,5,1.015,bad flow
11/18/20,13:05:02,16,46,2,47119,47138,1.913338142,5.48384,2.77668977,16.7945,13.39512,23.86,31.8105,17.1945,0,3424,FFD25,DMel_FFD25,I,F,5,1.201,NA
11/18/20,13:15:02,1,48,2,47743,47762,3.022161698,7.14341,4.447527785,16.5615,13.270255,23.86,31.817,17.1915,0.104654545,3409,FFD25,DMel_FFD25,U,F,5,1.109,NA
11/18/20,13:20:02,2,49,2,48020,48039,2.354598936,6.126805,3.441155124,16.677,13.334245,23.86,31.7355,17.127,0.594072727,3410,FFD25,DMel_FFD25,U,F,5,1.089,NA
11/19/20,10:04:02,7,9,1,36242,36261,2.631663901,7.736295,3.845412831,16.679,13.047435,23.84,24.296,17.119,1.095740909,3431,FFD25,DMel_FFD25,U,M,3,0.682,NA
11/19/20,10:09:02,8,10,1,36564,36583,2.898256798,7.977585,4.24625887,16.634,13.00522,23.835,24.4,0.1895,0.381136364,3432,FFD25,DMel_FFD25,U,M,3,0.716,NA
11/19/20,10:19:02,9,12,1,37142,37161,2.93500964,7.743865,4.140542491,17.273,12.92643,23.805,24.6,0.1025,0.131040909,3433,FFD25,DMel_FFD25,I,F,3,1.024,NA
11/19/20,10:24:02,10,13,1,37602,37621,2.868009373,7.555025,4.14676758,16.8505,12.91118,23.75,24.404,0.136,0.323409091,3434,FFD25,DMel_FFD25,I,F,3,0.898,NA
11/19/20,10:34:02,11,15,1,38199,38218,2.632631816,7.12263,3.795007162,16.898,12.848235,23.695,24.5095,0.0465,1.030995455,3435,FFD25,DMel_FFD25,I,F,3,0.889,NA
11/19/20,10:39:02,12,16,1,38342,38361,2.935777621,7.61794,4.328553348,16.52,12.84287,23.68,24.51,0.0485,0.056354545,3436,FFD25,DMel_FFD25,I,F,3,0.984,NA
11/19/20,10:49:02,13,18,1,39039,39058,2.293912411,6.517755,3.311423066,16.8695,12.958955,23.6125,24.9175,0.3215,0.000268182,3437,FFD25,DMel_FFD25,I,M,3,0.745,NA
11/19/20,10:54:02,14,19,1,39242,39261,2.376038609,6.607785,3.435270989,16.8435,12.97234,23.61,24.992,0.2395,0.881863636,3438,FFD25,DMel_FFD25,I,M,3,0.621,NA
11/19/20,11:04:02,15,21,1,39842,39861,1.603912409,6.018215,2.883020254,13.5485,13.145175,23.6015,25.06,0.075,1.03E-13,3439,FFD25,DMel_FFD25,I,M,3,0.725,bad flow
11/19/20,11:09:02,16,22,1,40240,40259,2.025143191,6.056335,2.94905291,16.7235,13.194905,23.62,25.0625,0.1015,5.14E-14,3440,FFD25,DMel_FFD25,I,M,3,0.766,NA
11/19/20,11:19:02,1,24,1,40902,40921,3.405769682,8.06836,5.008163975,16.5635,13.15426,23.67,25.06,0.113,0.020422727,3425,FFD25,DMel_FFD25,U,F,3,1.1,NA
11/19/20,11:24:02,2,25,1,41140,41159,2.225672993,6.291335,3.265726339,16.6005,13.22282,23.68,25.06,0.0765,1.71E-14,3426,FFD25,DMel_FFD25,U,F,3,0.834,NA
11/19/20,11:34:02,3,27,1,41642,41661,2.421126064,6.556035,3.555181087,16.5895,13.05842,23.714,25.239,17.4005,0,3427,FFD25,DMel_FFD25,U,F,3,0.992,NA
11/19/20,11:39:02,4,28,1,42054,42073,2.822629127,7.111275,4.156119703,16.5455,13.154975,23.73,25.27,17.435,1.170309091,3428,FFD25,DMel_FFD25,U,F,3,1.068,NA
11/19/20,11:49:02,5,30,1,42542,42561,2.159292115,6.053075,3.108071435,16.926,13.08701,23.7465,25.0765,17.3965,0.629636364,3429,FFD25,DMel_FFD25,U,M,3,0.585,NA
11/19/20,11:54:02,6,31,1,42956,42975,1.896739351,5.658325,2.725386231,16.957,13.246025,23.77,24.92,17.3645,0.954422727,3430,FFD25,DMel_FFD25,U,M,3,0.65,NA
11/19/20,12:04:02,7,33,2,43442,43461,2.128982451,6.06466,3.12682506,16.5925,13.17586,23.82,24.76,17.351,1.575963636,3431,FFD25,DMel_FFD25,U,M,3,0.682,NA
11/19/20,12:09:02,8,34,2,43742,43761,1.926620662,5.77814,2.82521575,16.6195,13.184655,23.84,24.56,17.17,1.37E-13,3432,FFD25,DMel_FFD25,U,M,3,0.716,NA
11/19/20,12:19:02,9,36,2,44342,44361,2.584220824,6.612445,3.658054574,17.218,13.14238,23.86,24.09,17.681,0.179909091,3433,FFD25,DMel_FFD25,I,F,3,1.024,NA
11/19/20,12:24:02,10,37,2,44675,44694,2.160660907,6.06544,3.129202022,16.829,13.144195,23.86,23.85,17.084,0.383222727,3434,FFD25,DMel_FFD25,I,F,3,0.898,NA
11/19/20,12:34:02,11,39,2,45242,45261,2.028866653,5.84013,2.925043567,16.904,13.07403,23.84,23.66,17.293,0.06045,3435,FFD25,DMel_FFD25,I,F,3,0.889,NA
11/19/20,12:39:02,12,40,2,45627,45646,2.344059789,6.340225,3.465900038,16.481,13.0539,23.81,24.003,17.407,0.185904545,3436,FFD25,DMel_FFD25,I,F,3,0.984,NA
11/19/20,12:49:02,13,42,2,46164,46183,1.783216408,5.432305,2.576295157,16.8635,13.085575,23.75,24.56,0.051,0.289336364,3437,FFD25,DMel_FFD25,I,M,3,0.745,NA
11/19/20,12:54:02,14,43,2,46442,46461,2.097714955,5.87084,3.032021693,16.855,13.10551,23.73,24.64,0.0515,0.390331818,3438,FFD25,DMel_FFD25,I,M,3,0.621,NA
11/19/20,13:04:02,15,45,2,47042,47061,1.412940319,5.362885,2.537939325,13.5625,13.15346,23.6885,24.7065,0.036,-6.86E-14,3439,FFD25,DMel_FFD25,I,M,3,0.725,bad flow
11/19/20,13:09:02,16,46,2,47417,47436,1.711797006,5.302725,2.487598074,16.7605,13.10101,23.6635,24.9565,0.0265,3.43E-14,3440,FFD25,DMel_FFD25,I,M,3,0.766,NA
11/20/20,9:51:37,7,9,1,35657,35676,2.78667912,8.11361,4.091644065,16.596,12.84097,23.8,19.8785,17.169,3.43E-14,3447,FFD25,DMel_FFD25,I,M,4,0.72,NA
11/20/20,9:56:37,8,10,1,35870,35889,2.317685504,7.329555,3.412618597,16.5505,12.87252,23.82,19.93,17.2765,0,3448,FFD25,DMel_FFD25,I,M,4,0.644,NA
11/20/20,10:06:37,9,12,1,36397,36416,2.661981949,7.578525,3.768989185,17.2125,12.764775,23.843,19.81,17.168,0,3449,FFD25,DMel_FFD25,U,M,4,NA,lost
11/20/20,10:11:37,10,13,1,36743,36762,2.385350322,7.112205,3.46248855,16.7895,12.63985,23.84,19.673,17.4385,0.560627273,3450,FFD25,DMel_FFD25,U,M,4,0.626,NA
11/20/20,10:21:37,11,15,1,37297,37316,2.338209315,6.91715,3.369333088,16.9105,12.62344,23.8,19.356,17.339,0.005113636,3451,FFD25,DMel_FFD25,U,M,4,0.638,NA
11/20/20,10:26:37,12,16,1,37597,37616,1.88467778,6.219465,2.775557401,16.544,12.573665,23.76,19.3,17.3385,5.14E-14,3452,FFD25,DMel_FFD25,U,M,4,0.638,NA
11/20/20,10:36:36,13,18,1,38196,38215,2.817869982,7.43765,4.07828429,16.831,12.66203,23.7,19.3265,17.3005,1.490977273,3453,FFD25,DMel_FFD25,I,F,4,0.834,NA
11/20/20,10:41:37,14,19,1,38497,38516,2.598743966,7.057895,3.758573857,16.8415,12.60758,23.68,19.296,17.4175,6.86E-14,3454,FFD25,DMel_FFD25,I,F,4,1.017,NA
11/20/20,10:51:37,15,21,1,39097,39116,2.21705288,7.20958,3.959612529,13.6375,12.723095,23.658,19.4,17.5005,0.024340909,3455,FFD25,DMel_FFD25,I,F,4,0.937,bad flow
11/20/20,10:56:37,16,22,1,39429,39448,2.946241712,7.490325,4.280200605,16.765,12.761515,23.6505,19.44,17.342,6.36E-05,3456,FFD25,DMel_FFD25,I,F,4,0.983,NA
11/20/20,11:06:37,1,24,1,40065,40084,2.366995661,6.675345,3.502851264,16.46,12.82309,23.69,19.4505,17.4265,1.261659091,3441,FFD25,DMel_FFD25,U,F,4,0.884,NA
11/20/20,11:11:37,2,25,1,40413,40432,3.284283725,7.95295,4.817686776,16.607,12.999535,23.7125,19.5,17.455,0.877745455,3442,FFD25,DMel_FFD25,U,F,4,1.298,NA
11/20/20,11:21:37,3,27,1,40897,40916,2.565294528,6.888675,3.77831268,16.54,12.796275,23.725,19.5,0.16,1.761781818,3443,FFD25,DMel_FFD25,U,F,4,1.148,NA
11/20/20,11:26:37,4,28,1,41197,41216,2.627875163,6.93926,3.873571575,16.5275,12.80201,23.73,19.41,0.079,0.147613636,3444,FFD25,DMel_FFD25,U,F,4,1.212,NA
11/20/20,11:36:36,5,30,1,41796,41815,1.784201234,5.60293,2.571794551,16.901,12.727545,23.72,19.18,0.1435,1.01285,3445,FFD25,DMel_FFD25,I,M,4,0.635,NA
11/20/20,11:41:37,6,31,1,42195,42214,3.002459226,7.324285,4.321841272,16.923,12.79698,23.7,19.0975,0.0995,0.037390909,3446,FFD25,DMel_FFD25,I,M,4,NA,two flies
11/20/20,11:51:37,7,33,2,42697,42716,1.579574134,5.299885,2.316960883,16.606,12.758965,23.68,19.2425,0.073,-3.43E-14,3447,FFD25,DMel_FFD25,I,M,4,0.72,NA
11/20/20,11:56:36,8,34,2,43006,43025,1.595086294,5.29447,2.346025085,16.5605,12.77303,23.67,19.121,0.077,0,3448,FFD25,DMel_FFD25,I,M,4,0.644,NA
11/20/20,12:06:36,9,36,2,43596,43615,1.557670483,5.13967,2.209720169,17.168,12.787905,23.64,19.0875,0.1925,0,3449,FFD25,DMel_FFD25,U,M,4,NA,lost
11/20/20,12:11:36,10,37,2,44056,44075,2.024207739,5.870745,2.943273018,16.7495,12.908475,23.64,19.16,0.177,1.195536364,3450,FFD25,DMel_FFD25,U,M,4,0.626,NA
11/20/20,12:21:36,11,39,2,44515,44534,1.654489136,5.30966,2.390436233,16.8565,12.856745,23.64,19.4365,0.4765,0.81005,3451,FFD25,DMel_FFD25,U,M,4,0.638,NA
11/20/20,12:26:36,12,40,2,44889,44908,1.378011607,4.933235,2.034655634,16.495,12.914635,23.645,19.36,0.5715,3.43E-14,3452,FFD25,DMel_FFD25,U,M,4,0.638,NA
11/20/20,12:36:36,13,42,2,45396,45415,2.118175313,5.95986,3.07201753,16.7945,12.88318,23.66,19.25,0.401,6.36E-05,3453,FFD25,DMel_FFD25,I,F,4,0.834,NA
11/20/20,12:41:36,14,43,2,45814,45833,1.956400368,5.70585,2.839033986,16.784,12.89357,23.66,19.21,0.4155,-6.86E-14,3454,FFD25,DMel_FFD25,I,F,4,1.017,NA
11/20/20,12:51:36,15,45,2,46296,46315,1.595218328,5.714145,2.849707872,13.6335,12.873,23.66,19.2905,0.4395,-1.37E-13,3455,FFD25,DMel_FFD25,I,F,4,0.937,bad flow
11/20/20,12:56:36,16,46,2,46695,46714,2.396350898,6.347655,3.482565623,16.759,12.8636,23.65,19.32,0.7795,6.86E-14,3456,FFD25,DMel_FFD25,I,F,4,0.983,NA
11/20/20,13:06:36,1,48,2,47196,47215,2.193753629,6.106435,3.242681997,16.4765,12.838645,23.646,19.12,0.5675,0.2596,3441,FFD25,DMel_FFD25,U,F,4,0.884,NA
11/20/20,13:11:36,2,49,2,47499,47518,2.43023372,6.42152,3.561163456,16.6205,12.915595,23.6455,18.8975,0.3245,1.0834,3442,FFD25,DMel_FFD25,U,F,4,1.298,NA
11/24/20,10:25:22,7,9,1,37556,37575,1.662795564,3.64528,1.76416588,22.949,12.54692,23.56,20.7155,17.298,-6.86E-14,3463,FFD25,DMel_FFD25,U,M,4,0.572,NA
11/24/20,10:30:22,8,10,1,37922,37941,1.663211583,3.520455,1.773652252,22.8335,12.665275,23.58,20.63,17.284,0.284172727,3464,FFD25,DMel_FFD25,U,M,4,0.48,NA
11/24/20,10:40:22,9,12,1,38575,38594,1.909437321,3.586365,1.943332104,23.93,12.778615,23.64,20.47,17.234,0.835586364,3465,FFD25,DMel_FFD25,I,M,4,0.688,NA
11/24/20,10:45:22,10,13,1,38757,38776,1.508921076,3.181355,1.588744396,23.1325,12.776875,23.6615,20.43,17.222,-1.71E-14,3466,FFD25,DMel_FFD25,I,M,4,0.54,NA
11/24/20,10:55:22,11,15,1,39353,39372,1.41281178,2.98101,1.472344667,23.3755,12.8222,23.712,20.25,17.225,0.000472727,3467,FFD25,DMel_FFD25,I,M,4,0.594,NA
11/24/20,11:00:22,12,16,1,39782,39801,2.196631239,3.73274,2.348852575,22.7845,12.851605,23.749,19.93,17.2125,-1.71E-14,3468,FFD25,DMel_FFD25,I,M,4,0.704,NA
11/24/20,11:10:22,13,18,1,40266,40285,2.695030328,4.16348,2.820041288,23.286,12.74863,23.778,19.89,17.2835,0.238413636,3469,FFD25,DMel_FFD25,U,F,4,0.998,NA
11/24/20,11:15:22,14,19,1,40655,40674,1.684868819,3.02031,1.76136515,23.309,12.7226,23.7945,19.93,17.2295,0,3470,FFD25,DMel_FFD25,U,F,4,0.646,NA
11/24/20,11:25:22,15,21,1,41275,41294,2.313570027,4.401885,3.19225897,17.661,12.77297,23.8095,19.65,17.319,8.57E-15,3471,FFD25,DMel_FFD25,U,F,4,0.953,bad flow
11/24/20,11:30:22,16,22,1,41477,41496,2.518038738,3.830625,2.650595176,23.15,12.76045,23.81,19.5,17.223,0.133063636,3472,FFD25,DMel_FFD25,U,F,4,0.922,NA
11/24/20,11:40:22,1,24,1,42022,42041,2.68304507,4.02314,2.873445709,22.7545,12.75577,23.82,19.34,17.222,0.773386364,3457,FFD25,DMel_FFD25,I,F,4,1.068,NA
11/24/20,11:45:23,2,25,1,42373,42392,2.831457334,4.108385,2.995442621,23.0355,12.838655,23.822,19.25,17.243,1.286472727,3458,FFD25,DMel_FFD25,I,F,4,1.029,NA
11/24/20,11:55:22,3,27,1,43046,43065,2.262726093,3.50734,2.41986026,22.7885,12.977915,23.8415,19.1,17.3275,1.106745455,3459,FFD25,DMel_FFD25,I,F,4,0.965,NA
11/24/20,12:00:22,4,28,1,43312,43331,2.792891208,4.063595,2.989868189,22.767,13.022915,23.86,19.06,17.3385,2.481727273,3460,FFD25,DMel_FFD25,I,F,4,1.027,NA
11/24/20,12:10:22,5,30,1,43905,43924,1.302927394,2.41292,1.360289107,23.3465,13.020325,23.881,18.9245,17.3105,1.200704545,3461,FFD25,DMel_FFD25,U,M,4,0.569,NA
11/24/20,12:15:22,6,31,1,44123,44142,1.404674423,2.497615,1.462276553,23.4155,13.02102,23.9,18.87,17.4115,0,3462,FFD25,DMel_FFD25,U,M,4,0.65,NA
11/24/20,12:25:22,7,33,2,44842,44861,1.521911248,2.599875,1.620052154,22.9,12.874405,23.91,18.87,17.328,0.341790909,3463,FFD25,DMel_FFD25,U,M,4,0.572,NA
11/24/20,12:30:22,8,34,2,45030,45049,1.383391003,2.42223,1.474060754,22.8765,12.802595,23.9,18.92,17.303,0,3464,FFD25,DMel_FFD25,U,M,4,0.48,NA
11/24/20,12:40:22,9,36,2,45770,45789,1.263940978,2.17713,1.286364312,23.947,12.74164,23.85,18.861,17.278,0.405063636,3465,FFD25,DMel_FFD25,I,M,4,0.688,NA
11/24/20,12:45:22,10,37,2,45937,45956,1.152793873,2.08505,1.21246581,23.1715,12.706235,23.84,18.909,17.185,1.71E-14,3466,FFD25,DMel_FFD25,I,M,4,0.54,NA
11/24/20,12:55:22,11,39,2,46655,46674,1.139610821,2.038665,1.187330112,23.3875,12.77882,23.79,19.02,17.2645,-3.43E-14,3467,FFD25,DMel_FFD25,I,M,4,0.594,NA
11/24/20,13:00:22,12,40,2,46907,46926,1.361806316,2.303855,1.456804855,22.7755,12.773225,23.76,19.1,17.2565,-8.57E-15,3468,FFD25,DMel_FFD25,I,M,4,0.704,NA
11/24/20,13:10:22,13,42,2,47523,47542,2.316637991,3.27596,2.43425618,23.1855,12.934605,23.74,19.236,17.3285,0.715286364,3469,FFD25,DMel_FFD25,U,F,4,0.998,NA
11/24/20,13:15:22,14,43,2,47812,47831,1.861772318,2.786605,1.949793125,23.2635,13.0046,23.7465,19.34,17.4295,0.111977273,3470,FFD25,DMel_FFD25,U,F,4,0.646,NA
11/24/20,13:25:23,15,45,2,48323,48342,1.885215996,3.439235,2.600425733,17.6635,13.14274,23.76,19.14,17.7295,-8.57E-15,3471,FFD25,DMel_FFD25,U,F,4,0.953,bad flow
11/24/20,13:30:22,16,46,2,48725,48744,2.121781833,3.08761,2.238355692,23.098,13.142105,23.79,19.1,17.369,1.562231818,3472,FFD25,DMel_FFD25,U,F,4,0.922,NA
11/25/20,10:13:29,7,9,1,36969,36988,1.967447945,3.81349,2.111114221,22.6995,12.570975,23.67,19.0845,17.358,0.111022727,3479,FFD25,DMel_FFD25,I,M,3,0.504,NA
11/25/20,10:18:29,8,10,1,37209,37228,1.75470346,3.498115,1.887842321,22.64,12.62115,23.68,19.09,17.334,-6.86E-14,3480,FFD25,DMel_FFD25,I,M,3,0.545,NA
11/25/20,10:28:29,9,12,1,37770,37789,2.315913095,3.91173,2.383835576,23.6645,12.649625,23.69,19.119,17.2835,0.428436364,3481,FFD25,DMel_FFD25,U,F,3,0.62,NA
11/25/20,10:33:29,10,13,1,38151,38170,3.533773606,5.16828,3.751799039,22.9445,12.68497,23.7075,19.1755,17.3045,1.794372727,3482,FFD25,DMel_FFD25,U,F,3,1.062,NA
11/25/20,10:43:29,11,15,1,38719,38738,2.390403454,3.857315,2.515491116,23.1505,12.706775,23.73,19.34,17.5245,0.636927273,3483,FFD25,DMel_FFD25,U,F,3,0.713,NA
11/25/20,10:48:29,12,16,1,39017,39036,2.92915475,4.41521,3.156272947,22.609,12.65494,23.73,19.3,17.4525,1.667504545,3484,FFD25,DMel_FFD25,U,F,3,0.905,NA
11/25/20,10:58:29,13,18,1,39567,39586,2.650725421,4.002315,2.801113218,23.054,12.606225,23.73,19.3,17.7635,-6.86E-14,3485,FFD25,DMel_FFD25,I,F,3,0.84,NA
11/25/20,11:03:29,14,19,1,39883,39902,2.759685406,4.0445,2.911772355,23.09,12.60849,23.7365,19.14,17.644,0,3486,FFD25,DMel_FFD25,I,F,3,0.95,NA
11/25/20,11:13:28,15,21,1,40568,40587,2.621882384,4.763795,3.68567945,17.331,12.71889,23.74,18.538,17.183,0,3487,FFD25,DMel_FFD25,I,F,3,1.146,bad flow
11/25/20,11:18:28,16,22,1,40869,40888,2.649334448,3.851535,2.808684974,22.9795,12.64091,23.73,18.2735,17.27,0.493177273,3488,FFD25,DMel_FFD25,I,F,3,0.929,NA
11/25/20,11:28:29,1,24,1,41363,41382,1.318355209,2.44883,1.426317945,22.518,12.651655,23.73,17.7075,17.9165,-2.57E-14,3473,FFD25,DMel_FFD25,U,M,3,0.562,NA
11/25/20,11:33:29,2,25,1,41609,41628,1.222861827,2.30424,1.307500889,22.785,12.713605,23.73,17.375,17.367,0,3474,FFD25,DMel_FFD25,U,M,3,0.501,NA
11/25/20,11:43:29,3,27,1,42350,42369,1.400034705,2.46332,1.511577279,22.5665,12.83684,23.76,16.72,17.3585,-3.43E-14,3475,FFD25,DMel_FFD25,U,M,3,0.479,NA
11/25/20,11:48:29,4,28,1,42597,42616,1.413787227,2.455345,1.528474133,22.537,12.864005,23.77,16.64,17.428,-2.74E-13,3476,FFD25,DMel_FFD25,U,M,3,0.521,NA
11/25/20,11:58:29,5,30,1,43112,43131,1.308906754,2.282535,1.3784394,23.1385,12.8392,23.8,16.45,17.2325,-1.03E-13,3477,FFD25,DMel_FFD25,I,M,3,0.58,NA
11/25/20,12:03:29,6,31,1,43462,43481,1.719229983,2.670015,1.804402394,23.2185,12.863935,23.81,16.17,17.362,0.390172727,3478,FFD25,DMel_FFD25,I,M,3,0.676,NA
11/25/20,12:13:29,7,33,2,44157,44176,1.362997466,2.28059,1.463547665,22.695,12.641415,23.82,16.17,17.232,0.15025,3479,FFD25,DMel_FFD25,I,M,3,0.504,NA
11/25/20,12:18:29,8,34,2,44461,44480,1.267405598,2.141265,1.363519057,22.6515,12.653235,23.817,16.17,17.191,0.056909091,3480,FFD25,DMel_FFD25,I,M,3,0.545,NA
11/25/20,12:28:29,9,36,2,45018,45037,1.964258147,2.780715,2.022097211,23.6715,12.620815,23.81,16.048,17.2335,0.462209091,3481,FFD25,DMel_FFD25,U,F,3,0.62,NA
11/25/20,12:33:28,10,37,2,45252,45271,2.329936909,3.216765,2.474695011,22.9425,12.612365,23.8015,16.01,17.1705,1.709068182,3482,FFD25,DMel_FFD25,U,F,3,1.062,NA
11/25/20,12:43:29,11,39,2,45827,45846,1.710855236,2.520135,1.79808912,23.183,12.465905,23.77,16.13,17.4105,0.530081818,3483,FFD25,DMel_FFD25,U,F,3,0.713,NA
11/25/20,12:48:28,12,40,2,46254,46273,2.141622462,3.001815,2.311840141,22.5695,12.494,23.748,16.13,17.3035,0.72255,3484,FFD25,DMel_FFD25,U,F,3,0.905,NA
11/25/20,12:58:28,13,42,2,46708,46727,2.095222723,2.90656,2.220736392,22.985,12.50279,23.73,16.13,17.2335,-1.37E-13,3485,FFD25,DMel_FFD25,I,F,3,0.84,NA
11/25/20,13:03:29,14,43,2,47168,47187,2.068750395,2.863305,2.185957535,23.0555,12.584095,23.73,16.0945,17.222,1.03E-13,3486,FFD25,DMel_FFD25,I,F,3,0.95,NA
11/25/20,13:13:29,15,45,2,47609,47628,2.369062284,3.997635,3.325573198,17.356,12.51751,23.7475,15.97,17.323,0.550354545,3487,FFD25,DMel_FFD25,I,F,3,1.146,bad flow
11/25/20,13:18:28,16,46,2,48068,48087,2.061467298,2.8461,2.192152258,22.912,12.4996,23.76,15.965,17.085,1.37E-13,3488,FFD25,DMel_FFD25,I,F,3,0.929,NA
11/25/20,13:28:28,1,48,2,48522,48541,1.139684527,1.8829,1.231723796,22.546,12.293415,23.79,16.01,17.176,1.71E-14,3473,FFD25,DMel_FFD25,U,M,3,0.562,NA
11/25/20,13:33:28,2,49,2,48903,48922,1.495300395,2.24656,1.601746971,22.7485,12.3575,23.8,16.05,17.165,0.218309091,3474,FFD25,DMel_FFD25,U,M,3,0.501,NA
11/25/20,13:43:28,3,51,2,49408,49427,1.348587302,2.09769,1.454423635,22.594,12.242335,23.81,16.05,17.0265,0.93065,3475,FFD25,DMel_FFD25,U,M,3,0.479,NA
11/25/20,13:48:28,4,52,2,49739,49758,1.528502515,2.295355,1.652861619,22.535,12.25464,23.81,16.13,0.033,3.264368182,3476,FFD25,DMel_FFD25,U,M,3,0.521,NA
11/25/20,13:58:28,5,54,2,50378,50397,1.452564419,2.164245,1.531205773,23.116,12.23889,23.8,16.17,0.0345,1.020668182,3477,FFD25,DMel_FFD25,I,M,3,0.58,NA
11/25/20,14:03:28,6,55,2,50754,50773,1.592561844,2.290165,1.674334539,23.177,12.307565,23.79,16.2125,0.032,1.757390909,3478,FFD25,DMel_FFD25,I,M,3,0.676,NA
11/27/20,10:41:29,7,9,1,38638,38657,1.360166109,3.26601,1.471890223,22.512,12.4938,23.72,16.8045,18.117,0.041272727,3495,FFD25,DMel_FFD25,U,M,5,0.37,NA
11/27/20,10:46:29,8,10,1,38949,38968,1.818130218,3.615885,1.968865009,22.497,12.48975,23.73,16.77,18.1755,1.71E-14,3496,FFD25,DMel_FFD25,U,M,5,0.543,NA
11/27/20,10:56:29,9,12,1,39480,39499,2.80937762,4.47548,2.91421862,23.4855,12.49063,23.73,16.68,18.099,0.333604545,3497,FFD25,DMel_FFD25,I,F,5,0.99,NA
11/27/20,11:01:29,10,13,1,39815,39834,2.333309536,3.93419,2.49639277,22.7705,12.49017,23.73,16.5605,18.2585,3.43E-14,3498,FFD25,DMel_FFD25,I,F,5,0.828,NA
11/27/20,11:11:29,11,15,1,40408,40427,2.385036577,3.867445,2.526343923,22.9985,12.487985,23.72,16.52,18.0965,0.778372727,3499,FFD25,DMel_FFD25,I,F,5,0.768,NA
11/27/20,11:16:29,12,16,1,40620,40639,2.429651288,4.23045,2.958165096,20.0075,12.490245,23.7,16.475,18.263,0.41765,3500,FFD25,DMel_FFD25,I,F,5,0.936,bad flow
11/27/20,11:26:29,13,18,1,41189,41208,1.525885556,2.824205,1.62330432,22.8945,12.488985,23.66,16.39,18.415,0,3501,FFD25,DMel_FFD25,I,M,5,0.583,NA
11/27/20,11:31:29,14,19,1,41570,41589,2.117445676,3.370425,2.247273292,22.948,12.48678,23.645,16.43,18.404,0.405518182,3502,FFD25,DMel_FFD25,I,M,5,0.611,NA
11/27/20,11:41:29,15,21,1,42151,42170,0.611359933,1.936685,0.85505072,17.4135,12.490155,23.64,16.59,18.43,6.69E-17,3503,FFD25,DMel_FFD25,I,M,5,NA,"empty, bad flow"
11/27/20,11:46:29,16,22,1,42549,42568,1.623170677,2.768525,1.735643387,22.7765,12.489215,23.6435,16.51,18.5825,0.498840909,3504,FFD25,DMel_FFD25,I,M,5,0.656,NA
11/27/20,11:56:29,1,24,1,43142,43161,1.973231326,3.16102,2.149878316,22.3565,12.49295,23.68,16.51,18.387,0.465768182,3489,FFD25,DMel_FFD25,U,F,5,0.736,NA
11/27/20,12:01:29,2,25,1,43408,43427,2.14023,3.29898,2.307212753,22.5965,12.49317,23.7,16.48,18.35,0.429268182,3490,FFD25,DMel_FFD25,U,F,5,0.962,NA
11/27/20,12:11:29,3,27,1,43906,43925,2.343920932,3.523285,2.544647719,22.441,12.49294,23.74,16.48,18.4775,0.693,3491,FFD25,DMel_FFD25,U,F,5,0.984,NA
11/27/20,12:16:29,4,28,1,44312,44331,1.842715063,2.95642,2.003976608,22.4055,12.492385,23.784,16.56,18.593,0.797368182,3492,FFD25,DMel_FFD25,U,F,5,0.835,NA
11/27/20,12:26:29,5,30,1,44903,44922,1.68324166,2.706625,1.784583064,22.986,12.49089,23.83,16.52,18.6205,0.817704545,3493,FFD25,DMel_FFD25,U,M,5,0.615,NA
11/27/20,12:31:29,6,31,1,45089,45108,1.294886395,2.268425,1.367313919,23.08,12.492115,23.84,16.52,18.6795,1.71E-14,3494,FFD25,DMel_FFD25,U,M,5,0.636,NA
11/27/20,12:41:29,7,33,2,45722,45741,1.031224342,1.979245,1.117034897,22.5005,12.491225,23.86,16.52,18.57,8.57E-15,3495,FFD25,DMel_FFD25,U,M,5,0.37,NA
11/27/20,12:46:29,8,34,2,46108,46127,1.332794108,2.260735,1.445621389,22.4695,12.48976,23.849,16.4235,18.9235,3.43E-14,3496,FFD25,DMel_FFD25,U,M,5,0.543,NA
11/27/20,12:56:29,9,36,2,46696,46715,1.785899099,2.64358,1.849025157,23.538,12.491085,23.83,16.37,18.9195,0.205031818,3497,FFD25,DMel_FFD25,I,F,5,0.99,NA
11/27/20,13:01:28,10,37,2,46986,47005,1.8806313,2.788995,2.012094205,22.777,12.49127,23.8175,16.37,18.837,0.361495455,3498,FFD25,DMel_FFD25,I,F,5,0.828,NA
11/27/20,13:11:29,11,39,2,47492,47511,1.638682827,2.49901,1.737503244,22.981,12.492195,23.79,16.41,18.5495,1.313845455,3499,FFD25,DMel_FFD25,I,F,5,0.768,NA
11/27/20,13:16:29,12,40,2,47946,47965,1.589377915,2.63161,1.907727088,20.299,12.4951,23.765,16.2535,18.4045,0.267690909,3500,FFD25,DMel_FFD25,I,F,5,0.936,bad flow
11/27/20,13:26:29,13,42,2,48505,48524,1.467073415,2.283615,1.56358408,22.8615,12.495075,23.77,16.21,18.4855,0.726281818,3501,FFD25,DMel_FFD25,I,M,5,0.583,NA
11/27/20,13:31:29,14,43,2,48712,48731,1.901781205,2.74147,2.023883421,22.8955,12.493695,23.771,16.256,18.383,0.222490909,3502,FFD25,DMel_FFD25,I,M,5,0.611,NA